frame,timestamp_ms,face_id,_neutral,browDownLeft,browDownRight,browInnerUp,browOuterUpLeft,browOuterUpRight,cheekPuff,cheekSquintLeft,cheekSquintRight,eyeBlinkLeft,eyeBlinkRight,eyeLookDownLeft,eyeLookDownRight,eyeLookInLeft,eyeLookInRight,eyeLookOutLeft,eyeLookOutRight,eyeLookUpLeft,eyeLookUpRight,eyeSquintLeft,eyeSquintRight,eyeWideLeft,eyeWideRight,jawForward,jawLeft,jawOpen,jawRight,mouthClose,mouthDimpleLeft,mouthDimpleRight,mouthFrownLeft,mouthFrownRight,mouthFunnel,mouthLeft,mouthLowerDownLeft,mouthLowerDownRight,mouthPressLeft,mouthPressRight,mouthPucker,mouthRight,mouthRollLower,mouthRollUpper,mouthShrugLower,mouthShrugUpper,mouthSmileLeft,mouthSmileRight,mouthStretchLeft,mouthStretchRight,mouthUpperUpLeft,mouthUpperUpRight,noseSneerLeft,noseSneerRight
0,0,0,1.143942881753901e-06,0.014178809709846973,0.031566865742206573,0.04199857637286186,0.3586887717247009,0.15411677956581116,1.0350800039304886e-05,3.656459739431739e-07,5.672449674420932e-07,0.024870535358786583,0.022499756887555122,0.12999683618545532,0.12912458181381226,0.002158487681299448,0.5024642944335938,0.4649915397167206,0.006551248487085104,0.0707225352525711,0.07234916090965271,0.19577401876449585,0.1800857037305832,0.0444234162569046,0.028529703617095947,0.0001006360471365042,0.00021141715114936233,0.0003871591470669955,3.377772372914478e-05,6.41841979813762e-05,0.0013521913206204772,0.0003364461590535939,0.021751685068011284,0.027028590440750122,0.0034348031040281057,0.0006121093174442649,0.00035149205359630287,0.0005083447904326022,0.007082789670675993,0.0022665627766400576,0.319627046585083,0.001196828088723123,0.00113774579949677,6.435347313527018e-05,0.009721019305288792,0.04489658400416374,0.0014204619219526649,0.0011658441508188844,0.013278214260935783,0.030733853578567505,0.0016531626461073756,0.0018433593213558197,1.3772992133453954e-05,1.450468630537216e-06
2,67,0,1.3752746781392489e-06,0.03129544109106064,0.03663862124085426,0.023301001638174057,0.23094095289707184,0.12263581156730652,8.585688192397356e-06,3.079570660702302e-07,6.1611524415639e-07,0.0373590849339962,0.03203732520341873,0.18213802576065063,0.18552802503108978,0.0019752185326069593,0.5477927327156067,0.5114588737487793,0.005065903067588806,0.04936272278428078,0.046003296971321106,0.22460325062274933,0.18376857042312622,0.028409380465745926,0.01873711496591568,8.829383295960724e-05,0.0002284343499923125,0.0004235676024109125,3.413629383430816e-05,9.563627099851146e-05,0.002365696243941784,0.000521806301549077,0.005876125302165747,0.00926592480391264,0.0028933798894286156,0.0005376211483962834,0.0002267372765345499,0.0003805144806392491,0.009753829799592495,0.0037898262962698936,0.26834651827812195,0.001712958444841206,0.0014977477258071303,8.48583658807911e-05,0.014980259351432323,0.048976726830005646,0.0017859183717519045,0.0018494706600904465,0.0048902276903390884,0.04557983949780464,0.001735040219500661,0.001655066735111177,1.0710830792959314e-05,1.3308878124007606e-06
4,134,0,1.7713010720399325e-06,0.05814419686794281,0.05064370110630989,0.013812949880957603,0.1484750360250473,0.08902797847986221,7.021199053269811e-06,3.162163864089962e-07,5.801808811156661e-07,0.06664405763149261,0.05138767510652542,0.24780628085136414,0.24834246933460236,0.002112217014655471,0.5687662363052368,0.539257824420929,0.0040674288757145405,0.03390495106577873,0.03065957874059677,0.2383950650691986,0.19455434381961823,0.013807149603962898,0.013634992763400078,5.7765344536164775e-05,0.00022427710064221174,0.00045660024625249207,4.30702420999296e-05,0.00015882043226156384,0.0035838577896356583,0.0008384677930735052,0.0022813829127699137,0.003934738226234913,0.0025448803789913654,0.00020466568821575493,0.00010374582052463666,0.00018842915596906096,0.017881961539387703,0.005636609625071287,0.2815365195274353,0.0077707357704639435,0.002140659373253584,0.00011248534428887069,0.03263358771800995,0.06157061457633972,0.0023360971827059984,0.0026255163829773664,0.0023231590166687965,0.035902705043554306,0.001535182585939765,0.0014422073727473617,8.734825314604677e-06,1.1242171922276611e-06
6,201,0,2.006392605835572e-06,0.07991103082895279,0.07260911911725998,0.007118506357073784,0.13660605251789093,0.06443944573402405,6.584219590877183e-06,2.9770131959594437e-07,5.472618340718327e-07,0.08869416266679764,0.06332112848758698,0.2893434762954712,0.2818058133125305,0.002110003028064966,0.582384467124939,0.5546995401382446,0.003583297599107027,0.02809232473373413,0.024223608896136284,0.23082120716571808,0.2074078917503357,0.010148560628294945,0.010990897193551064,5.018424053560011e-05,0.00016601569950580597,0.00045032118214294314,5.13150189362932e-05,0.00017658712749835104,0.004161864519119263,0.0011500298278406262,0.001877366448752582,0.003328317776322365,0.0022123828530311584,0.00017908841255120933,7.285419997060671e-05,0.00012785763829015195,0.02173110842704773,0.008142727427184582,0.24745458364486694,0.010230104438960552,0.002271752106025815,0.00011236024147365242,0.046746667474508286,0.07173489779233932,0.003431310411542654,0.004468182567507029,0.0021285484544932842,0.043906319886446,0.0016901472117751837,0.0018060894217342138,7.554081548732938e-06,9.96713197309873e-07
8,267,0,1.953950231836643e-06,0.09043791890144348,0.08062420040369034,0.005648683290928602,0.12799327075481415,0.06366731971502304,6.535224201797973e-06,2.8423792741705256e-07,5.328911356627941e-07,0.10082627087831497,0.0639382004737854,0.2836468815803528,0.2763180732727051,0.00226471945643425,0.5711461305618286,0.5441025495529175,0.003574536880478263,0.028386902064085007,0.024011092260479927,0.24540556967258453,0.195140540599823,0.009099118411540985,0.010340980254113674,5.104891533846967e-05,0.00015783293929416686,0.00043586231186054647,5.1494040235411376e-05,0.00015516011626459658,0.0034546360839158297,0.0012010260252282023,0.002285527531057596,0.004005833063274622,0.0019805035553872585,0.0002015899372054264,7.895142334746197e-05,0.0001262789883185178,0.021096238866448402,0.009785096161067486,0.20991899073123932,0.007858442142605782,0.0022684161085635424,0.00011452715989435092,0.04518655687570572,0.07069433480501175,0.0034470667596906424,0.004874423146247864,0.0023667654022574425,0.05123911425471306,0.0014726585941389203,0.0017348022665828466,7.449332770192996e-06,9.817604222916998e-07
10,334,0,1.7109787222580053e-06,0.07435327023267746,0.06787054985761642,0.006289958488196135,0.15126025676727295,0.07270656526088715,6.22923425908084e-06,2.8926800155204546e-07,4.699981559497246e-07,0.10086336731910706,0.06456407904624939,0.30771422386169434,0.29480108618736267,0.002304709516465664,0.5887579917907715,0.5704308152198792,0.002845632378011942,0.02667573280632496,0.021647552028298378,0.2538348138332367,0.2036096155643463,0.009046782739460468,0.010483253747224808,4.624169014277868e-05,0.00016302654694300145,0.0005160659202374518,5.758972838521004e-05,0.00019278661056887358,0.002576957456767559,0.0012946105562150478,0.002778267953544855,0.004642607644200325,0.0017211277736350894,0.00020288459199946374,7.886736420914531e-05,0.00010859214671654627,0.018033480271697044,0.011028924025595188,0.18183831870555878,0.007001308258622885,0.0023893166799098253,0.00014377935440279543,0.04023067280650139,0.06495259702205658,0.0028922685887664557,0.004508097190409899,0.0025818999856710434,0.04951997101306915,0.001079167821444571,0.001422201399691403,6.6780012275557965e-06,9.53790731728077e-07
12,401,0,2.08967298931384e-06,0.08732763677835464,0.07195164263248444,0.005267134867608547,0.1567130982875824,0.07459080964326859,6.403922270692419e-06,2.9616282404276717e-07,4.762227376886585e-07,0.08527682721614838,0.06321436166763306,0.32068389654159546,0.3084641993045807,0.0019739132840186357,0.6036120057106018,0.58465576171875,0.002919633174315095,0.025785448029637337,0.020106695592403412,0.2524223029613495,0.2233947217464447,0.011127432808279991,0.010249357670545578,4.3527164962142706e-05,0.00010981539526255801,0.000592775410041213,8.936817175708711e-05,0.0002452958142384887,0.0028032760601490736,0.0013236250961199403,0.0019979700446128845,0.003720536595210433,0.002030902076512575,0.0002096064854413271,7.24125056876801e-05,0.00010192069021286443,0.015690676867961884,0.010956945829093456,0.23298615217208862,0.008006764575839043,0.002686651423573494,0.00017431729065719992,0.04541466385126114,0.06359677016735077,0.0020795816089957952,0.003568751970306039,0.001700728083960712,0.05906696617603302,0.0011575622484087944,0.00152408832218498,6.030538315826561e-06,9.989922773456783e-07
14,468,0,2.1506323264475213e-06,0.08003540337085724,0.07644281536340714,0.0056305271573364735,0.16954879462718964,0.06640844792127609,7.034435839159414e-06,3.0798759098615847e-07,5.860220539943839e-07,0.0813518762588501,0.05800817534327507,0.3119942843914032,0.2995252013206482,0.0018610743572935462,0.6125027537345886,0.5952020883560181,0.0026756986044347286,0.025716057047247887,0.020855292677879333,0.2543536126613617,0.22737984359264374,0.011742593720555305,0.01114142406731844,5.560254794545472e-05,0.00010722698789322749,0.0005887664156034589,8.618315041530877e-05,0.00024485535686835647,0.003954432439059019,0.0009415478562004864,0.0016459530452266335,0.0032491646707057953,0.0025144494138658047,0.0001670909987296909,8.71076263138093e-05,0.00015440299466717988,0.020373988896608353,0.008357414044439793,0.23438864946365356,0.010518992319703102,0.0023004459217190742,0.00017577674589119852,0.03000042214989662,0.05083814635872841,0.0027901199646294117,0.0037876267451792955,0.001937636872753501,0.06470145285129547,0.0012844270095229149,0.0013481639325618744,7.2897373684099875e-06,1.1383078799553914e-06
16,535,0,2.1185906007303856e-06,0.05429145693778992,0.05313286557793617,0.007254672236740589,0.23154640197753906,0.10232986509799957,6.535785360028967e-06,2.7458085583020875e-07,4.912993745165295e-07,0.07633187621831894,0.05217684805393219,0.3099799156188965,0.29730716347694397,0.0026768757961690426,0.5142098665237427,0.4960891604423523,0.004443068988621235,0.02626621723175049,0.02066318318247795,0.260934978723526,0.1980040967464447,0.012831605039536953,0.011804046109318733,3.839491546386853e-05,0.00012561485345941037,0.0005126689211465418,6.888362986501306e-05,0.00020985266019124538,0.0032467793207615614,0.001022620010189712,0.0018180443439632654,0.003437780076637864,0.0019580491352826357,0.00020789101836271584,6.931595271453261e-05,9.966518700821325e-05,0.020471198484301567,0.010556057095527649,0.19394689798355103,0.009420030750334263,0.0024261625949293375,0.00017032475443556905,0.050575632601976395,0.0626019835472107,0.0021540862508118153,0.003031950443983078,0.001735930796712637,0.04279841110110283,0.0013410673709586263,0.0014991267817094922,6.710457910230616e-06,1.08136782728252e-06
18,602,0,2.2765839275962207e-06,0.036658305674791336,0.03730221465229988,0.0050932783633470535,0.3387990891933441,0.12871241569519043,6.164969818200916e-06,2.603115376587084e-07,5.181055939829093e-07,0.05948621779680252,0.03560898080468178,0.2896440923213959,0.2735724449157715,0.002244214992970228,0.5476893186569214,0.5317320823669434,0.003599935444071889,0.029105892404913902,0.022506915032863617,0.2548087537288666,0.15399132668972015,0.017399052157998085,0.015698373317718506,2.8927956009283662e-05,0.00013313723320607096,0.000592119584325701,6.83835314703174e-05,0.0002312366705155,0.0032948297448456287,0.0010266173630952835,0.0024060418363660574,0.004905282519757748,0.0015220229979604483,0.00021230759739410132,6.013527308823541e-05,7.494828605558723e-05,0.017760854214429855,0.011281770654022694,0.15469899773597717,0.009101105853915215,0.0029305806383490562,0.00021735655900556594,0.08732428401708603,0.07612909376621246,0.0014198586577549577,0.0020722667686641216,0.0014914135681465268,0.04006111994385719,0.001776168355718255,0.001975235529243946,6.191914962982992e-06,1.04371179077134e-06
20,668,0,1.8485026203052257e-06,0.03918633982539177,0.050308387726545334,0.005044299643486738,0.3633880317211151,0.10090231150388718,6.3011530073708855e-06,1.87538645946006e-07,4.484009537009115e-07,0.04785599187016487,0.030438732355833054,0.28199586272239685,0.26610857248306274,0.0015145305078476667,0.5930781364440918,0.5643689632415771,0.0036994325928390026,0.029150545597076416,0.023495959118008614,0.19758138060569763,0.13381211459636688,0.021262336522340775,0.018331006169319153,2.891025178541895e-05,0.00023140206758398563,0.0005364445969462395,3.9525122701888904e-05,0.00021900370484218001,0.00243334355764091,0.0008793602464720607,0.00295160966925323,0.004793642554432154,0.0012763094855472445,0.000257512932876125,4.852055280935019e-05,5.435375351225957e-05,0.019426481798291206,0.010666485875844955,0.1020665317773819,0.0067915297113358974,0.002209004480391741,0.00025382585590705276,0.07283367216587067,0.06397897750139236,0.0019141747616231441,0.0021802792325615883,0.0027829729951918125,0.01948431320488453,0.0013538420898839831,0.001514045987278223,5.254644293017918e-06,1.0685737379390048e-06
22,735,0,1.4972006283642258e-06,0.023386796936392784,0.03407108411192894,0.008504029363393784,0.323796808719635,0.10760603100061417,4.299305146560073e-06,1.3764224604528863e-07,2.94999210836977e-07,0.026596486568450928,0.02216651849448681,0.25309446454048157,0.244979590177536,0.005164393689483404,0.3652482032775879,0.35967057943344116,0.007210973184555769,0.0365925058722496,0.027164006605744362,0.1579839438199997,0.09800858050584793,0.03617491200566292,0.022263210266828537,1.5371453628176823e-05,0.00023581205459777266,0.000558310654014349,3.0299754143925384e-05,0.0002760952338576317,0.0023531969636678696,0.001106233336031437,0.0017975450027734041,0.003190492745488882,0.0014642335008829832,0.0004554257320705801,3.410964200156741e-05,2.9506481951102614e-05,0.01294327899813652,0.011779003776609898,0.12542709708213806,0.004410498309880495,0.0021444314625114202,0.0002514299703761935,0.11848263442516327,0.07026936858892441,0.0012517336290329695,0.0016541073564440012,0.001534188981167972,0.013565587811172009,0.0017276040744036436,0.002032867632806301,3.6948574688722147e-06,6.043425173629657e-07
24,802,0,1.1084473499067826e-06,0.02188817784190178,0.04419427365064621,0.017568906769156456,0.2751389145851135,0.08947442471981049,5.9395929383754265e-06,1.565309020179484e-07,2.1034018971022306e-07,0.03416935354471207,0.03957528993487358,0.2895367443561554,0.29728659987449646,0.004272648598998785,0.3100805878639221,0.3279101550579071,0.017137879505753517,0.03540384769439697,0.023916298523545265,0.16073963046073914,0.13505350053310394,0.03280111402273178,0.01594511605799198,2.781582406896632e-05,0.0002573094971012324,0.00041087789577431977,1.975288068933878e-05,0.00018195566372014582,0.0014789503766223788,0.0008323724614456296,0.003597924718633294,0.005138182546943426,0.0017090367618948221,0.00038100400706753135,6.215567555045709e-05,5.459729436552152e-05,0.00956391915678978,0.008602259680628777,0.12650594115257263,0.004248248413205147,0.0014606481418013573,0.0001852345885708928,0.0725756511092186,0.06024181842803955,0.0012938424479216337,0.0013598332880064845,0.0028972357977181673,0.009471533820033073,0.0028517681639641523,0.0035796717274934053,4.006683411716949e-06,8.623925964457158e-07
26,869,0,9.150289201897976e-07,0.019753549247980118,0.024667169898748398,0.02320200949907303,0.22880755364894867,0.11656147241592407,5.019711807108251e-06,1.2262896120773803e-07,1.050146138936725e-07,0.04875452071428299,0.05148805305361748,0.29984012246131897,0.3049686849117279,0.011070072650909424,0.18611782789230347,0.20768433809280396,0.02474447339773178,0.03428810089826584,0.02210775949060917,0.20702038705348969,0.1372559666633606,0.02457086369395256,0.009945078752934933,2.1641952116624452e-05,0.00026490073651075363,0.0003588510735426098,1.3820082131132949e-05,0.00014245533384382725,0.0011004410916939378,0.0009151619742624462,0.0035881618969142437,0.005368159618228674,0.0014901963295415044,0.0009349345345981419,6.71064481139183e-05,4.1221206629415974e-05,0.0057141431607306,0.010757574811577797,0.11435384303331375,0.0013586339773610234,0.0011250824900344014,0.00015845693997107446,0.08574320375919342,0.08572479337453842,0.0012183755170553923,0.0015770369209349155,0.002443638863041997,0.008998429402709007,0.00500769866630435,0.007320373319089413,3.7154754863877315e-06,5.910650884288771e-07
28,936,0,1.0295865422449424e-06,0.022740304470062256,0.02753848023712635,0.026781028136610985,0.22788551449775696,0.12622150778770447,6.122637842054246e-06,1.4715081420035858e-07,1.2022671569411614e-07,0.04378991201519966,0.04139788821339607,0.26604387164115906,0.2827579975128174,0.014181534759700298,0.14921964704990387,0.18657782673835754,0.03177172318100929,0.03716377913951874,0.025651462376117706,0.17489689588546753,0.1266249120235443,0.02711324580013752,0.01278382446616888,2.922582280007191e-05,0.00029742458718828857,0.0002503349678590894,6.977677003305871e-06,0.00010006343654822558,0.000997240305878222,0.0008258757297880948,0.008367805741727352,0.0107241440564394,0.0015635770978406072,0.001035982626490295,7.559840742032975e-05,4.8045982111943886e-05,0.007363121025264263,0.011318657547235489,0.08493181318044662,0.0010069526033475995,0.0008025767165236175,9.533279080642387e-05,0.07839850336313248,0.10078290104866028,0.003424654481932521,0.003985043615102768,0.007221356965601444,0.012206793762743473,0.011051821522414684,0.016076339408755302,4.148916104895761e-06,7.551103635705658e-07
30,1003,0,7.069563707773341e-07,0.03318963572382927,0.03856545314192772,0.019093448296189308,0.18868230283260345,0.10293538123369217,4.4326075112621766e-06,1.1286673640142908e-07,8.411230112415069e-08,0.03908766061067581,0.037212248891592026,0.30305352807044983,0.3099782168865204,0.0258635263890028,0.09207680821418762,0.12430670112371445,0.04763779789209366,0.03243096545338631,0.021584974601864815,0.16532698273658752,0.11910920590162277,0.03176902234554291,0.013601161539554596,2.349803617107682e-05,0.00030133171821944416,0.00022269200417213142,8.634528967377264e-06,7.677710527786985e-05,0.0007551803137175739,0.0010369112715125084,0.00380796380341053,0.004706703592091799,0.0019256997620686889,0.0011755068553611636,8.17233303678222e-05,4.5464897993952036e-05,0.0047922939993441105,0.011559153907001019,0.14365485310554504,0.0011068852618336678,0.0007225812878459692,9.402182331541553e-05,0.07229811698198318,0.10310529172420502,0.0016585156554356217,0.002221181057393551,0.0035949021112173796,0.006862766575068235,0.007997000589966774,0.012498700059950352,3.7608997445204295e-06,5.199231054575648e-07
32,1070,0,7.292688906090916e-07,0.037100840359926224,0.03664400056004524,0.022438252344727516,0.18216073513031006,0.11607107520103455,3.97545818486833e-06,1.264002946754772e-07,1.0005400241652751e-07,0.039252325892448425,0.028648223727941513,0.3440439701080322,0.335239976644516,0.032802168279886246,0.08503396064043045,0.10352010279893875,0.048497967422008514,0.027446776628494263,0.019229590892791748,0.15645194053649902,0.10467837005853653,0.03137795627117157,0.01783434860408306,2.7230371415498666e-05,0.0003519774181768298,0.00017276564904022962,6.382722858688794e-06,5.7431228924542665e-05,0.0006282186368480325,0.0007687664474360645,0.005091002676635981,0.007214431185275316,0.002517959801480174,0.0016176135977730155,8.468263695249334e-05,5.143651651451364e-05,0.0033398703671991825,0.009334929287433624,0.19692422449588776,0.0007101785740815103,0.0005663377814926207,6.876352563267574e-05,0.060273829847574234,0.11200510710477829,0.0016285758465528488,0.002381056547164917,0.003288193605840206,0.013140127994120121,0.010598327964544296,0.014688057824969292,5.015189799451036e-06,6.102272323005309e-07
34,1136,0,7.969395028339932e-07,0.03554483875632286,0.036469921469688416,0.01942506618797779,0.21350060403347015,0.13128627836704254,4.067393092554994e-06,1.469549033572548e-07,1.125381672295589e-07,0.04161442443728447,0.03199304640293121,0.35649600625038147,0.3502141833305359,0.027131810784339905,0.09335684031248093,0.12386272847652435,0.04857772961258888,0.026362841948866844,0.018843524158000946,0.1497594267129898,0.11970119923353195,0.029711652547121048,0.018035391345620155,2.519476765883155e-05,0.00035771570401266217,0.00019885333313141018,6.861995188955916e-06,7.545658445451409e-05,0.0006058288272470236,0.0007825329666957259,0.0057783424854278564,0.007968995720148087,0.002468418562784791,0.0013371604727581143,7.127334538381547e-05,4.4519842049339786e-05,0.003577574621886015,0.00904359295964241,0.20495453476905823,0.0009737075306475163,0.0006761176628060639,7.347969949478284e-05,0.07603514194488525,0.11077599972486496,0.0015000628773123026,0.002101131249219179,0.003537869080901146,0.012579770758748055,0.010120166465640068,0.01423515286296606,4.383632131066406e-06,6.725057346557151e-07
36,1203,0,7.615794288540201e-07,0.03816753253340721,0.04277653247117996,0.021299783140420914,0.2052973359823227,0.10925418138504028,4.104258096049307e-06,1.4123163794010907e-07,1.2107945224215655e-07,0.0435965359210968,0.04139721766114235,0.3585725426673889,0.35391879081726074,0.020166730508208275,0.12069474160671234,0.15370512008666992,0.039595093578100204,0.02651519514620304,0.019089169800281525,0.1473459005355835,0.12388712912797928,0.028495633974671364,0.014754731208086014,3.021667907887604e-05,0.00038573952042497694,0.0001918309135362506,6.137328909971984e-06,6.985797517700121e-05,0.0005743433721363544,0.0006902061868458986,0.007258347235620022,0.009930627420544624,0.00242313533090055,0.0012861578725278378,7.841314072720706e-05,5.250445974525064e-05,0.0036469188053160906,0.007987113669514656,0.20228807628154755,0.000932572060264647,0.0006893102545291185,7.572250615339726e-05,0.06235111504793167,0.09086604416370392,0.0013835817808285356,0.0018070697551593184,0.003915245644748211,0.013952304609119892,0.00818045437335968,0.010908493772149086,5.11259804625297e-06,7.364402563325712e-07
38,1270,0,6.962728207327018e-07,0.03763265162706375,0.043961282819509506,0.018703028559684753,0.19865360856056213,0.09629473835229874,4.003089088655543e-06,1.41316917279255e-07,1.1956228718190687e-07,0.04533137381076813,0.04675360396504402,0.350283145904541,0.3463476300239563,0.015052820555865765,0.1514379233121872,0.17993250489234924,0.03116384521126747,0.026916218921542168,0.020139552652835846,0.14684291183948517,0.14680413901805878,0.0265668835490942,0.013765075244009495,3.3609925594646484e-05,0.00039002433186396956,0.0001815056602936238,6.2137605709722266e-06,6.0590766224777326e-05,0.0005508596659637988,0.0006563266506418586,0.008601376786828041,0.011353213340044022,0.0023713083937764168,0.0013812868855893612,9.741257963469252e-05,6.2734899984207e-05,0.0037763554137200117,0.008196708746254444,0.19758175313472748,0.0007869535475037992,0.0007049073465168476,7.602283585583791e-05,0.056383248418569565,0.08502215892076492,0.001189817558042705,0.0014811856672167778,0.004416272509843111,0.012867416255176067,0.006889794021844864,0.009226837195456028,5.519453225133475e-06,7.317629524550284e-07
40,1337,0,7.441425964316295e-07,0.04159108176827431,0.04531877487897873,0.018546875566244125,0.1802571415901184,0.09221957623958588,3.962781647715019e-06,1.4393273772839166e-07,1.2659451442686986e-07,0.044674135744571686,0.04613134264945984,0.34913018345832825,0.34276941418647766,0.014657297171652317,0.15874430537223816,0.18095114827156067,0.029139531776309013,0.02691054716706276,0.020515549927949905,0.13711369037628174,0.14775212109088898,0.02661224454641342,0.013987637124955654,3.337873931741342e-05,0.0004097425553482026,0.0001881180505733937,5.990649242448853e-06,6.589718395844102e-05,0.000593539560213685,0.0006342639098875225,0.008475740440189838,0.011593876406550407,0.0024341715034097433,0.0012063857866451144,9.291581227444112e-05,6.144336657598615e-05,0.003928560763597488,0.007745232433080673,0.1966453492641449,0.0009089550585485995,0.0007138749933801591,7.917783659650013e-05,0.05593409016728401,0.08490564674139023,0.0012588019017130136,0.0015366912120953202,0.00438988720998168,0.01371260266751051,0.007192517630755901,0.009211305528879166,5.532258910534438e-06,7.501542427235108e-07
42,1404,0,7.43064674679772e-07,0.03575266897678375,0.04295238107442856,0.015169396996498108,0.20158272981643677,0.09979747980833054,3.928352271032054e-06,1.509721982984047e-07,1.4658635905107076e-07,0.03884772211313248,0.04268001392483711,0.3341755270957947,0.3374239206314087,0.0102747343480587,0.18991874158382416,0.22061802446842194,0.026361174881458282,0.0289860088378191,0.02122584357857704,0.13752318918704987,0.15924543142318726,0.029286598786711693,0.016482260078191757,3.348148675286211e-05,0.00042639987077564,0.00016999994113575667,6.105186457716627e-06,5.826214328408241e-05,0.0007159164524637163,0.0006140212062746286,0.007741294335573912,0.0101237827911973,0.0026966664008796215,0.0011910718167200685,8.358591003343463e-05,5.79158186155837e-05,0.004765700548887253,0.007902354933321476,0.1964309811592102,0.0010098654311150312,0.0006931715761311352,7.323025783989578e-05,0.06438486278057098,0.08750329166650772,0.0013765745097771287,0.0015429210616275668,0.004845933523029089,0.011841175146400928,0.006611805409193039,0.008433711715042591,5.315929684002185e-06,7.598223987770325e-07
44,1471,0,7.207396492958651e-07,0.038494545966386795,0.05199430137872696,0.013356266543269157,0.18126221001148224,0.07643599063158035,3.69922577192483e-06,1.1800109689374949e-07,1.3682766564215854e-07,0.04116898775100708,0.050264619290828705,0.3456277847290039,0.3427029848098755,0.007097769062966108,0.24205628037452698,0.2567915618419647,0.020101580768823624,0.02735111676156521,0.019830824807286263,0.13634900748729706,0.17983844876289368,0.027485903352499008,0.013080605305731297,2.7705824322765693e-05,0.0004047317779622972,0.00023076863726601005,8.73705812409753e-06,8.565812458982691e-05,0.0009837956167757511,0.0007228588801808655,0.0035765774082392454,0.004724156577140093,0.0025647999718785286,0.001189554575830698,6.980776379350573e-05,4.8735306336311623e-05,0.005252043716609478,0.007770221214741468,0.22389346361160278,0.0011958013055846095,0.0009332115296274424,0.00011448937584646046,0.06813560426235199,0.0694202408194542,0.0009072677930817008,0.000962195685133338,0.0031223006080836058,0.006788101978600025,0.003868007566779852,0.0052198986522853374,4.062923380843131e-06,5.796007940261916e-07
46,1538,0,8.819491199574259e-07,0.03969025984406471,0.06688780337572098,0.009972802363336086,0.16324138641357422,0.06455016881227493,4.592044206219725e-06,1.1183973214201615e-07,1.0454416354832574e-07,0.06696825474500656,0.10442883521318436,0.3415936827659607,0.3487441837787628,0.009110859595239162,0.17407245934009552,0.24210287630558014,0.03101755864918232,0.028605274856090546,0.018582001328468323,0.19810310006141663,0.2518235743045807,0.016689607873558998,0.006000068504363298,2.1559284505201504e-05,0.0003682403767015785,0.0003760790859814733,1.1863192412420176e-05,0.00018178035679738969,0.0015452587977051735,0.0010863493662327528,0.001946193864569068,0.0025307252071797848,0.0018268253188580275,0.0009271866292692721,4.475810055737384e-05,3.0752889870200306e-05,0.007543342188000679,0.009100993163883686,0.15176188945770264,0.0017824465176090598,0.0011010827729478478,0.00017532295896671712,0.09068553149700165,0.0674116462469101,0.001418466679751873,0.0014708926901221275,0.002775387139990926,0.0049309516325592995,0.00387856038287282,0.005608472507447004,2.5200638447131496e-06,5.566258209910302e-07
48,1604,0,1.1808737099272548e-06,0.03280899301171303,0.048137445002794266,0.01230141706764698,0.1576996147632599,0.0695372000336647,4.877806532022078e-06,1.2429440232608613e-07,8.624373037946498e-08,0.10531959682703018,0.12102696299552917,0.2826438844203949,0.2862214148044586,0.011269548907876015,0.1886705607175827,0.20478332042694092,0.024934444576501846,0.03383614495396614,0.024878885596990585,0.35326647758483887,0.34539979696273804,0.008769942447543144,0.003558643162250519,1.6970607248367742e-05,0.0003752194461412728,0.0006094678537920117,1.4310402548289858e-05,0.00029507523868232965,0.0019633248448371887,0.0010186126455664635,0.0016309297643601894,0.002105178078636527,0.0014056380605325103,0.001305446377955377,3.3749998692655936e-05,2.5445089704589918e-05,0.0099424347281456,0.009225329384207726,0.10633094608783722,0.0011166735785081983,0.0015965764177963138,0.0002710780827328563,0.11923499405384064,0.07346075028181076,0.0013073638547211885,0.0011775329476222396,0.0028758656699210405,0.003880050964653492,0.0028099422343075275,0.004202395211905241,1.8884678638642072e-06,4.6581300239267875e-07
50,1671,0,2.8916122118971543e-06,0.07647678256034851,0.0771181583404541,0.004270249046385288,0.08678828179836273,0.05124877393245697,6.197036782396026e-06,1.313575523909094e-07,1.2900460433229455e-07,0.06956973671913147,0.07404664158821106,0.1360449343919754,0.15944108366966248,0.008756633847951889,0.21626895666122437,0.22676052153110504,0.020887861028313637,0.06352882087230682,0.048294637352228165,0.46002453565597534,0.28137749433517456,0.012149498797953129,0.0040814862586557865,1.0010486221290193e-05,0.0003941229952033609,0.0015011487994343042,2.151010266970843e-05,0.0007444098591804504,0.0027642652858048677,0.0014221782330423594,0.001600526855327189,0.002389125758782029,0.000626515073236078,0.0011751607526093721,2.0650368242058903e-05,1.6205129213631153e-05,0.01998773030936718,0.018048280850052834,0.03618314117193222,0.0011081683915108442,0.005467010196298361,0.0007921785581856966,0.31328004598617554,0.07384880632162094,0.0009532378753647208,0.0008784449310041964,0.0019401570316404104,0.004767722450196743,0.0009445165051147342,0.0014887326397001743,1.0181768175243633e-06,5.408844572230009e-07
52,1738,0,2.065268972728518e-06,0.0690431073307991,0.07683815807104111,0.005244344472885132,0.10607870668172836,0.047739576548337936,5.425290964922169e-06,1.4478479215540574e-07,1.0898568092443384e-07,0.0462576225399971,0.05487941578030586,0.1353914588689804,0.15928445756435394,0.010531089268624783,0.18143366277217865,0.20474494993686676,0.024701816961169243,0.05996216461062431,0.046405062079429626,0.34924614429473877,0.24259741604328156,0.016936978325247765,0.005882527679204941,1.2388636605464853e-05,0.00031460801255889237,0.001227232743985951,2.40271747316001e-05,0.0006086711073294282,0.0016836171271279454,0.0017356763128191233,0.0014180508442223072,0.0019310456700623035,0.0011526241432875395,0.0009119861642830074,3.053392356378026e-05,2.0121768102399074e-05,0.0118648000061512,0.01783563569188118,0.07273148745298386,0.0018635154701769352,0.0037179922219365835,0.0005291734705679119,0.19177159667015076,0.07497882843017578,0.0008004091214388609,0.0009238326456397772,0.001860772492364049,0.004327172879129648,0.0008846105774864554,0.001595343230292201,1.1883061006301432e-06,4.712755412583647e-07
54,1805,0,1.8689835314944503e-06,0.07189587503671646,0.07839055359363556,0.004646154586225748,0.107435442507267,0.04633266478776932,5.0425646804797e-06,1.5137963771394425e-07,1.1515992071053915e-07,0.04057002067565918,0.04831429198384285,0.16125699877738953,0.18506351113319397,0.010795386508107185,0.17861831188201904,0.20362722873687744,0.025786472484469414,0.051050543785095215,0.03990684822201729,0.3023923635482788,0.235264390707016,0.019255800172686577,0.007395900785923004,1.226688709721202e-05,0.0003017431008629501,0.0010915242601186037,2.517557550163474e-05,0.000530414457898587,0.0019233670318499207,0.0013601933605968952,0.0014750192640349269,0.0020015102345496416,0.001341155613772571,0.0009812243515625596,2.8577152988873422e-05,2.016776124946773e-05,0.01120726764202118,0.01275660376995802,0.10403720289468765,0.001848529907874763,0.003540972014889121,0.0004219127877149731,0.2099420726299286,0.0832567811012268,0.0007419229950755835,0.0007397347362712026,0.0020438451319932938,0.003683177987113595,0.0010926000541076064,0.0017470779130235314,1.2087390359738492e-06,4.403819389153796e-07
56,1872,0,1.6377952078983071e-06,0.07217831909656525,0.07603608071804047,0.004752814769744873,0.11321431398391724,0.04944945499300957,4.66309074909077e-06,1.3904708850986935e-07,1.000879734647242e-07,0.04708947241306305,0.04920889809727669,0.1991422176361084,0.22066380083560944,0.010978292673826218,0.1738857626914978,0.2025439739227295,0.026824133470654488,0.04136241599917412,0.03158452734351158,0.2881045341491699,0.2126220166683197,0.018083959817886353,0.007076099514961243,1.1739798537746537e-05,0.0003122733032796532,0.0010129507863894105,2.3555492589366622e-05,0.0004848701355513185,0.0012678088387474418,0.0012200932251289487,0.0017850291915237904,0.00227961759082973,0.0012009975034743547,0.0014864844270050526,2.8668979211943224e-05,1.8437754988553934e-05,0.009770802222192287,0.014254564419388771,0.11214352399110794,0.0011764387600123882,0.0031964671798050404,0.00039518263656646013,0.21747134625911713,0.0861406922340393,0.0006201347569003701,0.0006382017163559794,0.0022492283023893833,0.0035843157675117254,0.0011123677249997854,0.0019297024700790644,1.2453127737899194e-06,4.279243057681015e-07
58,1939,0,1.584802475917968e-06,0.05710551142692566,0.07697144150733948,0.0037431013770401478,0.14383327960968018,0.04209334775805473,4.435225037013879e-06,1.3853087921233964e-07,8.865022493864672e-08,0.0597713366150856,0.05363499000668526,0.1867765486240387,0.20232059061527252,0.011551703326404095,0.17249874770641327,0.1945585310459137,0.02657156251370907,0.044842761009931564,0.03583517670631409,0.30383166670799255,0.24966271221637726,0.014538407325744629,0.006466880440711975,1.2031635378662031e-05,0.00029501449898816645,0.0008148695924319327,2.1353585907490924e-05,0.0003844018210656941,0.0012926188064739108,0.00133672752417624,0.0019138067727908492,0.002438219264149666,0.0012343699345365167,0.0018152620177716017,2.8528877010103315e-05,1.6937783584580757e-05,0.009713795967400074,0.016533758491277695,0.10818580538034439,0.0009077162249013782,0.0025020455941557884,0.0003084933268837631,0.22742125391960144,0.1054336205124855,0.0008372103329747915,0.0009106372017413378,0.002541382098570466,0.004161241929978132,0.0014528727624565363,0.002649293513968587,1.3806482002109988e-06,4.1192151911673136e-07
60,2005,0,1.393998900311999e-06,0.052339304238557816,0.06070160120725632,0.004169207066297531,0.1568135917186737,0.057024240493774414,4.708120286522899e-06,1.2005989447061438e-07,9.91771500480354e-08,0.05118072032928467,0.04541975259780884,0.23891738057136536,0.25080183148384094,0.010882285423576832,0.17686760425567627,0.20402054488658905,0.02620287425816059,0.03654341399669647,0.02569418027997017,0.2911873161792755,0.1763084977865219,0.0185374915599823,0.007519070990383625,1.3601284081232734e-05,0.0003058873990084976,0.0007804928463883698,2.0924788259435445e-05,0.00038998975651338696,0.0016341202426701784,0.0012135290307924151,0.0013737992849200964,0.0018421043641865253,0.0015778314555063844,0.0021103783510625362,2.9877528504584916e-05,2.0290977772674523e-05,0.009550418704748154,0.013368348591029644,0.15334920585155487,0.0008882308611646295,0.002331597963348031,0.0002765124954748899,0.17613208293914795,0.08542337268590927,0.0007808316731825471,0.0008078914252109826,0.002020477782934904,0.0038918934296816587,0.001427941140718758,0.002233648207038641,1.5654281924071256e-06,3.962551318181795e-07
62,2072,0,1.5937737316562561e-06,0.07310573011636734,0.0577777624130249,0.0032957694493234158,0.12183494120836258,0.06847965717315674,4.989562057744479e-06,1.1418018885933634e-07,9.72776277308185e-08,0.061013512313365936,0.049446720629930496,0.22826819121837616,0.24551881849765778,0.009876619093120098,0.18791642785072327,0.215833842754364,0.024946752935647964,0.03870187699794769,0.025791458785533905,0.32538482546806335,0.14693403244018555,0.015996012836694717,0.006429366301745176,1.3037094504397828e-05,0.0003284132981207222,0.0007927226833999157,1.9306689864606597e-05,0.0004237245302647352,0.0015304309781640768,0.0013676909729838371,0.001390832825563848,0.001879244577139616,0.0015933499671518803,0.001961973262950778,2.679957469808869e-05,1.749126022332348e-05,0.009341352619230747,0.01454142015427351,0.13901472091674805,0.0009613576112315059,0.0021422929130494595,0.00027067132759839296,0.19143018126487732,0.09048596769571304,0.0009407825418747962,0.0010254228254780173,0.001994225662201643,0.004267040640115738,0.001702090143226087,0.0026576463133096695,1.5576412124573835e-06,4.147414927047066e-07
64,2139,0,1.4936865682102507e-06,0.06834212690591812,0.04593953490257263,0.004229419399052858,0.12705884873867035,0.0833471342921257,4.676794560509734e-06,1.0775849546007521e-07,9.911720155741932e-08,0.05571276322007179,0.0440962016582489,0.2500336170196533,0.2608323395252228,0.009821399115025997,0.19332046806812286,0.2130850851535797,0.023701412603259087,0.03423956036567688,0.023981833830475807,0.2803134322166443,0.14180871844291687,0.016899345442652702,0.007616108749061823,1.2192303984193131e-05,0.00036310532595962286,0.0008087329333648086,1.8100241504726e-05,0.00045037202653475106,0.0015147078083828092,0.0013398565351963043,0.001216885750181973,0.001637231674976647,0.0015153130516409874,0.00242160027846694,2.4968421712401323e-05,1.602616066520568e-05,0.009574336931109428,0.014783887192606926,0.13684162497520447,0.0007903029909357429,0.0021616017911583185,0.0003007992636412382,0.19115005433559418,0.08435948193073273,0.0008920819964259863,0.0009585662046447396,0.0019360827282071114,0.0037346715107560158,0.0016358301509171724,0.0024714884348213673,1.4563066770278965e-06,3.945729361021222e-07
66,2206,0,1.415428755535686e-06,0.055868521332740784,0.04705445468425751,0.006405687425285578,0.13663345575332642,0.08211460709571838,4.673040621128166e-06,1.1979636838077568e-07,9.408459078485976e-08,0.049656618386507034,0.049420952796936035,0.24891674518585205,0.2607347071170807,0.01186851691454649,0.16868840157985687,0.1934979110956192,0.02672444097697735,0.0350923053920269,0.02415349707007408,0.2668924629688263,0.15298983454704285,0.018634527921676636,0.007268792949616909,1.3481610949384049e-05,0.000335826218361035,0.000656387594062835,1.5751527826068923e-05,0.00034222734393551946,0.001265432802028954,0.0011420773807913065,0.0017622150480747223,0.00232238438911736,0.0016176977660506964,0.002360972110182047,2.9752849513897672e-05,1.861123564594891e-05,0.00819659698754549,0.01341839600354433,0.1423117220401764,0.0007464038208127022,0.0017662610625848174,0.00022445019567385316,0.17726317048072815,0.09744278341531754,0.0010293330997228622,0.0011343866353854537,0.0023793650325387716,0.0045060706324875355,0.0025847761426120996,0.0039579495787620544,1.7583682847543969e-06,4.2847844383686606e-07
68,2273,0,1.375669512526656e-06,0.05376061052083969,0.044250622391700745,0.008247345685958862,0.13357718288898468,0.08467084169387817,4.610663381754421e-06,1.1559399837324236e-07,1.0103587300136496e-07,0.045342303812503815,0.04646013677120209,0.26366522908210754,0.2706930935382843,0.01510562188923359,0.14063207805156708,0.16696295142173767,0.0314466655254364,0.03275127336382866,0.02281372994184494,0.24785618484020233,0.15370449423789978,0.019690336659550667,0.007954702712595463,1.3319743629836012e-05,0.0003518487501423806,0.0006536177825182676,1.3825170753989369e-05,0.0003354591899551451,0.0016797498101368546,0.001346889534033835,0.0014436804922297597,0.0019682561978697777,0.0014326800592243671,0.001830460038036108,2.970210334751755e-05,1.98742636712268e-05,0.009869142435491085,0.01409993227571249,0.11818515509366989,0.0009779726387932897,0.0018877453403547406,0.0002371002919971943,0.17605210840702057,0.08571068197488785,0.001172627555206418,0.0012772756163030863,0.0021151809487491846,0.004387009888887405,0.0026686573401093483,0.003877260023728013,1.6547907080166624e-06,4.3521356474229833e-07
70,2340,0,1.2698511682174285e-06,0.05871226638555527,0.04680231958627701,0.010321634821593761,0.11844953894615173,0.08243226259946823,4.4659118429990485e-06,1.0528957972155695e-07,9.412910628725513e-08,0.04286034032702446,0.03962170332670212,0.2728481590747833,0.2772166132926941,0.015458915382623672,0.13879172503948212,0.16408488154411316,0.03170366957783699,0.0305510051548481,0.022115258499979973,0.22576771676540375,0.1439378708600998,0.02036096900701523,0.009332416579127312,1.2279902875889093e-05,0.00035239782300777733,0.0006816799868829548,1.3815561942465138e-05,0.00035601190757006407,0.0016551697626709938,0.0017188630299642682,0.0011155422544106841,0.001423079171217978,0.0013264790177345276,0.001815194496884942,2.8915297662024386e-05,1.8022561562247574e-05,0.010068406350910664,0.015175910666584969,0.11154787242412567,0.001062464201822877,0.0019013899145647883,0.00026697578141465783,0.17437143623828888,0.07874799519777298,0.00120378821156919,0.0013350811786949635,0.0020773555152118206,0.003206705441698432,0.0025141602382063866,0.003888543462380767,1.4067328493183595e-06,3.914694843842881e-07
72,2407,0,1.3137026826370857e-06,0.0621342808008194,0.052830230444669724,0.008497321978211403,0.11395010352134705,0.07546237856149673,4.274363163858652e-06,1.091358754479188e-07,8.887946023605764e-08,0.05009450018405914,0.05251767486333847,0.2588444948196411,0.26807892322540283,0.016043202951550484,0.13340222835540771,0.16136062145233154,0.033180102705955505,0.03235941007733345,0.02403964288532734,0.23912861943244934,0.18597659468650818,0.017274366691708565,0.007436445448547602,1.1485471077321563e-05,0.0003511201648507267,0.0006972562405280769,1.475252429372631e-05,0.0003620864590629935,0.001651161815971136,0.0016666139708831906,0.0012187347747385502,0.00157357647549361,0.0012406454188749194,0.0017541192937642336,2.7380958272260614e-05,1.6956419131020084e-05,0.009896759875118732,0.014766540378332138,0.11333178728818893,0.0010533930035308003,0.002049101050943136,0.0002727697428781539,0.1960161030292511,0.08097775280475616,0.0010941805085167289,0.001190620823763311,0.002013084013015032,0.003292033914476633,0.0023116483353078365,0.0036883889697492123,1.3418467688097735e-06,3.9630995729567076e-07
74,2473,0,1.1461257827249938e-06,0.059567905962467194,0.0535094179213047,0.008156556636095047,0.12042786180973053,0.07429008185863495,4.211326995573472e-06,1.0425502949829024e-07,8.545073626464728e-08,0.047398608177900314,0.05489911884069443,0.24342066049575806,0.2589612603187561,0.015575062483549118,0.13434740900993347,0.1647673398256302,0.03285488113760948,0.03433917090296745,0.025654325261712074,0.2276298850774765,0.1925213634967804,0.01801939681172371,0.007391162682324648,1.1757287211366929e-05,0.0004018218023702502,0.0007048022234812379,1.39658486659755e-05,0.0003491229144856334,0.0014788109110668302,0.001759106875397265,0.0011661372845992446,0.0014053275808691978,0.0012920881854370236,0.0013939494965597987,3.073520929319784e-05,1.876321402960457e-05,0.009390540421009064,0.013801554217934608,0.12309552729129791,0.0013969916617497802,0.002103304723277688,0.00030633885762654245,0.1667657494544983,0.07280923426151276,0.0009091304964385927,0.0009553313138894737,0.002062608953565359,0.0025912397541105747,0.0018152074189856648,0.0029963739216327667,1.3748104947808315e-06,3.7533254726440646e-07
76,2540,0,1.0253437494611717e-06,0.06151392310857773,0.054097093641757965,0.008441594429314137,0.11506124585866928,0.07422306388616562,4.29562032877584e-06,1.0385075910335217e-07,8.387728200887068e-08,0.04540548473596573,0.054091691970825195,0.24031418561935425,0.25850898027420044,0.01472460012882948,0.13935133814811707,0.17122915387153625,0.03206821531057358,0.03458533063530922,0.026068834587931633,0.2255004197359085,0.20146410167217255,0.018613098189234734,0.007710335310548544,1.3947241313871928e-05,0.00039838528027758,0.0006293671322055161,1.3198771739553194e-05,0.00028959650080651045,0.0013369082007557154,0.0016114608151838183,0.0013104561949148774,0.0015277155907824636,0.0013326368061825633,0.001481934916228056,3.7991754652466625e-05,2.2892094420967624e-05,0.008965755812823772,0.013424918986856937,0.1218770444393158,0.0012019857531413436,0.0019106786930933595,0.0002939772966783494,0.12941448390483856,0.06560897827148438,0.0009098185109905899,0.0009468578500673175,0.0023499662056565285,0.002595624653622508,0.001706182723864913,0.0028561376966536045,1.4846033309368067e-06,3.8755018749725423e-07
78,2607,0,1.0779658623505384e-06,0.06242704391479492,0.05554283410310745,0.009088114835321903,0.11428501456975937,0.07206808775663376,4.280077973817242e-06,1.1315331249761584e-07,8.828136799365893e-08,0.04179086163640022,0.04948128014802933,0.22819775342941284,0.24940481781959534,0.014592763967812061,0.14048711955547333,0.1731044203042984,0.03212805092334747,0.036759573966264725,0.02808762714266777,0.22847473621368408,0.1970549076795578,0.02025127224624157,0.008562356233596802,1.4038316294318065e-05,0.0003830839123111218,0.0006117961602285504,1.3912926988268737e-05,0.00027742591919377446,0.0013327950146049261,0.0014204977778717875,0.0013770294608548284,0.0016282899305224419,0.0014986820751801133,0.0013926358660683036,3.8340243918355554e-05,2.3599812266184017e-05,0.008412519469857216,0.011693153530359268,0.13835138082504272,0.0013395113637670875,0.0018416617531329393,0.00027545474586077034,0.13059791922569275,0.07253200560808182,0.0008679660968482494,0.0008790565188974142,0.0023472767788916826,0.0026983863208442926,0.0019947306718677282,0.0031666920986026525,1.60067543220066e-06,4.05027776650968e-07
80,2674,0,1.089908323592681e-06,0.06579206883907318,0.05709432065486908,0.008701473474502563,0.10944008827209473,0.07105539739131927,4.222619736538036e-06,1.1455713888608443e-07,9.016329016731106e-08,0.04102548211812973,0.04767093062400818,0.23586627840995789,0.25359442830085754,0.016707193106412888,0.13085202872753143,0.1591722071170807,0.033818379044532776,0.035642851144075394,0.02765967883169651,0.23199200630187988,0.19395335018634796,0.02059740573167801,0.008845765143632889,1.3593010407930706e-05,0.0003570780681911856,0.0006505006458610296,1.5447987607331015e-05,0.0003011407097801566,0.0013073744485154748,0.0013810093514621258,0.0013033610302954912,0.0015947477659210563,0.0014769097324460745,0.0012067011557519436,3.811626083916053e-05,2.3337242964771576e-05,0.008382521569728851,0.011779391206800938,0.1358620822429657,0.001565395388752222,0.0019148153951391578,0.0002913678181357682,0.12794655561447144,0.06853464245796204,0.0008136382093653083,0.000846003124024719,0.0021570944227278233,0.002882513217628002,0.0019713605288416147,0.0030106825288385153,1.559100610393216e-06,4.0336715301236836e-07
82,2741,0,1.066304662344919e-06,0.06951205432415009,0.06061588227748871,0.007976229302585125,0.10695936530828476,0.07033809274435043,4.245724994689226e-06,1.1966734803081636e-07,8.895629122207538e-08,0.041353557258844376,0.049356285482645035,0.245576873421669,0.26503485441207886,0.0181370060890913,0.12098126858472824,0.15347181260585785,0.03730989992618561,0.03446866199374199,0.026318136602640152,0.22867238521575928,0.20272253453731537,0.02031298726797104,0.008967980742454529,1.3647344530909322e-05,0.00036110574728809297,0.000648859771899879,1.5384361176984385e-05,0.0002996851981151849,0.001266048988327384,0.0013973109889775515,0.0014179062563925982,0.0016942062648013234,0.0014814968453720212,0.0011461141984909773,3.791788185480982e-05,2.3337956008617766e-05,0.008274449966847897,0.011390600353479385,0.13859035074710846,0.0016337777487933636,0.0019582840614020824,0.0002809074940159917,0.13069981336593628,0.06863554567098618,0.0008198261493816972,0.0008393250755034387,0.002287558512762189,0.0028122239746153355,0.0019771475344896317,0.0030295555479824543,1.4933689271856565e-06,4.1181232290909975e-07
84,2808,0,1.0973791404467192e-06,0.07627170532941818,0.07142938673496246,0.006325971335172653,0.10124313086271286,0.06371991336345673,4.3128566176164895e-06,1.2251626912984648e-07,8.959106878592138e-08,0.04210372269153595,0.053338970988988876,0.25123101472854614,0.2717134952545166,0.01963326893746853,0.11111361533403397,0.14825749397277832,0.0413796529173851,0.03396349772810936,0.02567911520600319,0.22640138864517212,0.21407939493656158,0.020225724205374718,0.008565676398575306,1.3853625205229037e-05,0.0003318979579489678,0.0006499135051853955,1.674783561611548e-05,0.00030358321964740753,0.0012423647567629814,0.0013828492956236005,0.0015596545999869704,0.0018994415877386928,0.00140981818549335,0.0011177185224369168,3.70709240087308e-05,2.257828055007849e-05,0.008537465706467628,0.012387685477733612,0.1290624588727951,0.0016127686249092221,0.0019680620171129704,0.0002748236001934856,0.13250155746936798,0.06846003979444504,0.00089325534645468,0.0009497440187260509,0.0023800283670425415,0.003289023647084832,0.0018425250891596079,0.0028953792061656713,1.4411284610105213e-06,4.3581914610513195e-07
86,2874,0,1.0568952575340518e-06,0.07685822248458862,0.0731142982840538,0.0065742251463234425,0.10119278728961945,0.06343933939933777,4.311380507715512e-06,1.2428419893240061e-07,9.324138261490589e-08,0.04174455255270004,0.05252917855978012,0.2562037408351898,0.2770337760448456,0.020454512909054756,0.1062375009059906,0.14549800753593445,0.04337708652019501,0.033041711896657944,0.0249722208827734,0.22377349436283112,0.2134789079427719,0.020585570484399796,0.008812490850687027,1.4565325727744494e-05,0.0003248760476708412,0.000627754779998213,1.7318589016213082e-05,0.00027938190032728016,0.0012629602570086718,0.0013111321022734046,0.001577009097672999,0.0019233458442613482,0.0014113507932052016,0.0009915275732055306,4.007045936305076e-05,2.484507604094688e-05,0.008862491697072983,0.011982615105807781,0.12885427474975586,0.0018495286349207163,0.0019537960179150105,0.0002805592957884073,0.11986973881721497,0.06457509100437164,0.0008506348822265863,0.0008807136327959597,0.0024037447292357683,0.0032872234005481005,0.0016979905776679516,0.002607761649414897,1.533929548713786e-06,4.5372030399448704e-07
88,2941,0,1.0143882036572904e-06,0.07617874443531036,0.07243437319993973,0.0068409196101129055,0.10205432772636414,0.06411196291446686,4.239065674482845e-06,1.2362541212951328e-07,9.79383472099471e-08,0.04162685573101044,0.05213732272386551,0.2547743618488312,0.2785801589488983,0.01906009390950203,0.11006215214729309,0.15376874804496765,0.042812101542949677,0.03334243968129158,0.02505701407790184,0.22208185493946075,0.21358124911785126,0.020836222916841507,0.009171741083264351,1.5157266716414597e-05,0.0003208441485185176,0.0006040972657501698,1.8233278751722537e-05,0.0002547228359617293,0.001392569625750184,0.0011849637376144528,0.0014440950471907854,0.0018040583236142993,0.0015017271507531404,0.00100446748547256,4.222389543429017e-05,2.767701334960293e-05,0.00873740017414093,0.010474705137312412,0.14491820335388184,0.0019197298679500818,0.0019427393563091755,0.00028917411691509187,0.11084194481372833,0.06245407834649086,0.0007328190258704126,0.0007241671555675566,0.002148483879864216,0.00314486981369555,0.0016279388219118118,0.002396118827164173,1.6614162632322405e-06,4.6131566477924935e-07
90,3008,0,7.513319815188879e-07,0.0066174729727208614,0.017123941332101822,0.031932633370161057,0.5035372972488403,0.2012258917093277,1.4494738934445195e-05,2.2488781326046592e-07,1.9173586451870506e-07,0.017081402242183685,0.02048385515809059,0.05789986252784729,0.08055964857339859,0.017899472266435623,0.05209863930940628,0.17035649716854095,0.07920271158218384,0.1234440803527832,0.10415707528591156,0.17551589012145996,0.1505647599697113,0.05467747896909714,0.024399440735578537,6.602940993616357e-05,0.00038827225216664374,0.00047309568617492914,1.4959981854190119e-05,8.611907105660066e-05,0.0019007400842383504,0.0003066758217755705,0.004842086229473352,0.006251829210668802,0.003396831452846527,0.0008288629469461739,0.00046661318629048765,0.0006464297766797245,0.010473869740962982,0.0038206707686185837,0.25397637486457825,0.0013270016061142087,0.0010205702856183052,0.00014909841411281377,0.009613233618438244,0.03786548227071762,0.0012758494121953845,0.0006957156001590192,0.006346455309540033,0.006800451315939426,0.0018930258229374886,0.0016808935906738043,1.0028526958194561e-05,1.1161866950715194e-06
92,3075,0,6.638567811023677e-07,0.028561219573020935,0.028004061430692673,0.032735876739025116,0.21107330918312073,0.12132471799850464,8.296876330859959e-06,1.7938310747922515e-07,1.0850592957467597e-07,0.047826383262872696,0.05065299943089485,0.14199687540531158,0.17756102979183197,0.018732920289039612,0.07444624602794647,0.15742014348506927,0.05719404295086861,0.053973522037267685,0.04222347214818001,0.26090553402900696,0.22931569814682007,0.01919460855424404,0.009757952764630318,4.760305455420166e-05,0.0003814790106844157,0.0004312889068387449,1.3296024008013774e-05,8.328999683726579e-05,0.0015675871400162578,0.0006982347695156932,0.002329879440367222,0.0027256449684500694,0.002514225896447897,0.0006674156757071614,0.00029555981745943427,0.00027993592084385455,0.009607687592506409,0.006084534339606762,0.17297330498695374,0.001924702781252563,0.0012557338923215866,0.00017366828978992999,0.018357165157794952,0.04310937225818634,0.0010386096546426415,0.0007283610757440329,0.0036535938270390034,0.0034257876686751842,0.001977335661649704,0.0020472879987210035,5.485375822900096e-06,8.263547215392464e-07
94,3142,0,8.561580671084812e-07,0.03706660121679306,0.04391326755285263,0.01610489934682846,0.16560715436935425,0.09411446005105972,6.702495284116594e-06,1.3678082666501723e-07,1.1334275029639684e-07,0.06009062007069588,0.06416815519332886,0.2018360048532486,0.2374708652496338,0.019959701225161552,0.08563593029975891,0.15010757744312286,0.05097323656082153,0.040526971220970154,0.028179997578263283,0.25714829564094543,0.20604069530963898,0.015905557200312614,0.006995274219661951,2.9993403586558998e-05,0.00033479658304713666,0.00046527094673365355,1.5590199836879037e-05,0.00013965230027679354,0.002244400791823864,0.0009394299704581499,0.0011740149930119514,0.001486396067775786,0.0020033696200698614,0.0006564630311913788,0.00011704774078680202,0.00010905048839049414,0.013060675002634525,0.008262879215180874,0.132675439119339,0.002716243267059326,0.0016386236529797316,0.0002433446643408388,0.039753515273332596,0.05026506260037422,0.001075069885700941,0.000841765955556184,0.0020888138096779585,0.0028795909602195024,0.0023385342210531235,0.00250578997656703,3.598975581553532e-06,6.305124315986177e-07
96,3209,0,1.004147407002165e-06,0.04982839897274971,0.06543485820293427,0.008901179768145084,0.13588595390319824,0.0695456713438034,5.63771527595236e-06,1.373951619143554e-07,1.1333118266065867e-07,0.05671600624918938,0.06618782877922058,0.2331945300102234,0.26134684681892395,0.01862087845802307,0.08673062175512314,0.16157187521457672,0.05247001349925995,0.035712454468011856,0.024537401273846626,0.24484185874462128,0.21919448673725128,0.01675369404256344,0.0068185594864189625,2.191151179431472e-05,0.0003401770954951644,0.0005247993976809084,1.7356402167933993e-05,0.0001768413931131363,0.001983478432521224,0.0009793757926672697,0.0012598532484844327,0.0016697919927537441,0.00170305953361094,0.0007239804835990071,7.268910121638328e-05,5.707720993086696e-05,0.011788631789386272,0.00940953940153122,0.12147185951471329,0.002598168794065714,0.0017951824702322483,0.00027789606247097254,0.0707734152674675,0.06258475035429001,0.0009511852404102683,0.0008170945220626891,0.001932618790306151,0.0031887581571936607,0.0023659924045205116,0.0028449587989598513,2.6884888484346448e-06,6.071900315873791e-07
98,3276,0,1.0213511814072262e-06,0.0631321594119072,0.08059847354888916,0.0063192518427968025,0.11625005304813385,0.05915036052465439,4.988615273759933e-06,1.2589320874667465e-07,1.0309605613656458e-07,0.057038918137550354,0.07196052372455597,0.24854445457458496,0.27425655722618103,0.01825309358537197,0.09336312115192413,0.16539844870567322,0.05034268647432327,0.03447313234210014,0.023843716830015182,0.24295677244663239,0.2239958941936493,0.01686338521540165,0.00637032138183713,1.7779721019905992e-05,0.0003647153789643198,0.0005937862442806363,1.7700831449474208e-05,0.00024168725940398872,0.001671002246439457,0.0011888110311701894,0.0012367829913273454,0.0015671678120270371,0.0016435281140729785,0.0007081142975948751,5.230705573922023e-05,3.5393019061302766e-05,0.010094837285578251,0.010154391638934612,0.1301073133945465,0.0028250969480723143,0.0018631438724696636,0.0002922218991443515,0.09145717322826385,0.06088978424668312,0.0009206411777995527,0.0008608284406363964,0.002029908588156104,0.0029529137536883354,0.0018951523816213012,0.0025932835415005684,2.0092588783882093e-06,5.256957251731365e-07
100,3342,0,1.0164741297558066e-06,0.07594677060842514,0.10152555257081985,0.004872262943536043,0.09473627805709839,0.04970121383666992,4.6704476517334115e-06,1.2999234400012938e-07,9.534808498301572e-08,0.06096731871366501,0.07611043751239777,0.2464207410812378,0.27389708161354065,0.022568127140402794,0.0760389193892479,0.15095578134059906,0.06298720836639404,0.03649432584643364,0.025225423276424408,0.26742464303970337,0.22501711547374725,0.016903085634112358,0.006183799356222153,1.7950635083252564e-05,0.00032978062517941,0.0005072152707725763,1.728471579554025e-05,0.00021987892978359014,0.0012607877142727375,0.0011615580879151821,0.0016904313815757632,0.0020766842644661665,0.001699895947240293,0.0007160307141020894,4.710585926659405e-05,2.8724751246045344e-05,0.008259945549070835,0.010718920268118382,0.1363707184791565,0.0025800205767154694,0.001411555102095008,0.00022481322230305523,0.0931759774684906,0.06651000678539276,0.0011119371047243476,0.0011707574594765902,0.0026485580019652843,0.003959787078201771,0.0020559446420520544,0.0032357280142605305,1.9900819552276516e-06,5.303379566612421e-07
102,3409,0,9.943966006176197e-07,0.08510617166757584,0.11404773592948914,0.0038080671802163124,0.0850612074136734,0.04266620799899101,4.437865300133126e-06,1.225584611574959e-07,8.588833111389249e-08,0.06059620901942253,0.07718221098184586,0.2272835671901703,0.2565823793411255,0.02004856802523136,0.08908073604106903,0.15916569530963898,0.054540637880563736,0.04073046147823334,0.02905704453587532,0.2785924971103668,0.24553892016410828,0.01664438471198082,0.0062550208531320095,1.6599527953076176e-05,0.0003192462318111211,0.0005755226011388004,1.9140485164825805e-05,0.0002672383561730385,0.0010245952289551497,0.0012846336467191577,0.0016953808953985572,0.0020262820180505514,0.0016424480127170682,0.0007384022464975715,4.427638850756921e-05,2.424561171210371e-05,0.0072338697500526905,0.012133634649217129,0.1302991360425949,0.0024343575350940228,0.0014663810143247247,0.0002749525592662394,0.09127964079380035,0.05971145257353783,0.0009535036515444517,0.0010921743232756853,0.0026180061977356672,0.0037933257408440113,0.0015656756004318595,0.0027331311721354723,1.6828660136525286e-06,4.925482244289014e-07
104,3476,0,9.984913731386769e-07,0.0927172303199768,0.11486677080392838,0.0038371158298105,0.07722320407629013,0.04223797470331192,4.364910637377761e-06,1.138490972607542e-07,8.375897664336662e-08,0.06762813031673431,0.08318314701318741,0.22904877364635468,0.258018434047699,0.021979963406920433,0.0907580703496933,0.14766252040863037,0.052970658987760544,0.041250504553318024,0.02925005555152893,0.2891375720500946,0.2386835664510727,0.015297481790184975,0.005674978252500296,1.709858770482242e-05,0.00031259379466064274,0.000528434757143259,1.7877056961879134e-05,0.00024895870592445135,0.0011126957833766937,0.0012722337851300836,0.00166749965865165,0.002019900130107999,0.001652330975048244,0.0007297499105334282,4.293528400012292e-05,2.4221924832090735e-05,0.007443862035870552,0.011741663329303265,0.12846432626247406,0.0024290450382977724,0.0013254195218905807,0.0002511233324185014,0.08865900337696075,0.05865854024887085,0.0010909675620496273,0.0012322202092036605,0.002673305105417967,0.004080923739820719,0.0017264819471165538,0.002893490018323064,1.7723419887261116e-06,4.800493229595304e-07
106,3543,0,1.100957888411358e-06,0.09562136977910995,0.11437099426984787,0.004109025467187166,0.0743829756975174,0.04224236682057381,4.4558423724083696e-06,1.1240881292451377e-07,9.624302066413293e-08,0.07099314033985138,0.07855258136987686,0.22850966453552246,0.25578010082244873,0.02276291698217392,0.09108195453882217,0.14344805479049683,0.05189830809831619,0.040800485759973526,0.02952919714152813,0.29221829771995544,0.22846753895282745,0.014468950219452381,0.005947400815784931,1.6484949810546823e-05,0.00031939876498654485,0.0005840712110511959,1.83975698746508e-05,0.0002855960628949106,0.0015069326618686318,0.0011464597191661596,0.00133776874281466,0.001737972954288125,0.001636369270272553,0.0006728275329805911,3.891626693075523e-05,2.4871411369531415e-05,0.009222718887031078,0.010622411966323853,0.12474362552165985,0.002826729556545615,0.0014789814595133066,0.00028800006839446723,0.09014970809221268,0.054587624967098236,0.0011053159832954407,0.001140018692240119,0.0023249820806086063,0.004089801572263241,0.0017219186993315816,0.0025694125797599554,1.776392991814646e-06,4.9758250497689e-07
108,3610,0,1.1969763136221445e-06,0.1080220639705658,0.1320696771144867,0.004056161735206842,0.06437265127897263,0.037097129970788956,4.617540980689228e-06,1.355955561166411e-07,1.0151957496873365e-07,0.07323189824819565,0.07915590703487396,0.22288507223129272,0.25012537837028503,0.020265227183699608,0.07851018756628036,0.16583406925201416,0.06246475875377655,0.04065375402569771,0.029744772240519524,0.29264673590660095,0.2365300953388214,0.014161537401378155,0.0060048229061067104,1.6887848687474616e-05,0.00028531791758723557,0.0006058620638214052,2.0888601284241304e-05,0.00030130211962386966,0.0014365505194291472,0.0011832650052383542,0.0016121023800224066,0.002128691179677844,0.001583018689416349,0.0005923380376771092,3.894670953741297e-05,2.436337854305748e-05,0.008541479706764221,0.010616525076329708,0.12386833131313324,0.003166580805554986,0.0015138406306505203,0.00027886932366527617,0.09908315539360046,0.05838605388998985,0.0011238597799092531,0.0012100182939320803,0.002414576942101121,0.00470752315595746,0.0019139132928103209,0.002928194822743535,1.7532845504319994e-06,5.830574423271173e-07
110,3677,0,1.1758246500903624e-06,0.11647730320692062,0.13500434160232544,0.0036505733150988817,0.061191197484731674,0.03613122180104256,4.623952918336727e-06,1.289074447186067e-07,1.0248944448676411e-07,0.0760255828499794,0.07592538744211197,0.2366897612810135,0.26139798760414124,0.01804506406188011,0.09282291680574417,0.17527888715267181,0.053708627820014954,0.03862061724066734,0.028483841568231583,0.290245920419693,0.23567381501197815,0.013797635212540627,0.006370913237333298,1.818654709495604e-05,0.0003049881779588759,0.0005740380147472024,1.917605914059095e-05,0.00029127171728760004,0.001584856305271387,0.0011373583693057299,0.0014366275863721967,0.0019301589345559478,0.0017707622610032558,0.0007108282297849655,3.919141454389319e-05,2.5487030143267475e-05,0.008633718825876713,0.009964453987777233,0.13853245973587036,0.002686464926227927,0.0014122825814411044,0.0002593045646790415,0.09194794297218323,0.05794643983244896,0.0012059543514624238,0.001249319058842957,0.0023476409260183573,0.004608644172549248,0.002056403551250696,0.0029408184345811605,1.7917396917255246e-06,5.707585728487174e-07
112,3743,0,1.2198980812172522e-06,0.11774108558893204,0.13550187647342682,0.003712303936481476,0.06142573431134224,0.03646735101938248,4.566688858176349e-06,1.3050261316038814e-07,1.032848047088919e-07,0.07351667433977127,0.07518809288740158,0.24226896464824677,0.2656027376651764,0.017736945301294327,0.10033473372459412,0.17296874523162842,0.04945450276136398,0.03802109509706497,0.02799847163259983,0.28291842341423035,0.23040460050106049,0.014247939921915531,0.0064978571608662605,1.833561691455543e-05,0.00029338483000174165,0.0005531923961825669,1.939049798238557e-05,0.00028691370971500874,0.0014938641106709838,0.0011316359741613269,0.0015658813063055277,0.0021288259886205196,0.0018834397196769714,0.0007440644549205899,3.881885277223773e-05,2.500404298189096e-05,0.008237278088927269,0.010316204279661179,0.14402951300144196,0.0025422824546694756,0.001357555971480906,0.00023780959600117058,0.09267626702785492,0.06200689077377319,0.0012749680317938328,0.0013831456890329719,0.0023827776312828064,0.005185185931622982,0.0021215977612882853,0.003121785819530487,1.8412628151054378e-06,5.797655262540502e-07
114,3810,0,1.1964923487539636e-06,0.11242438107728958,0.13120880722999573,0.004418480675667524,0.06352486461400986,0.03744920715689659,4.510197413765127e-06,1.3411425925369258e-07,1.0570711594937166e-07,0.07369176298379898,0.07506656646728516,0.24858354032039642,0.2706916034221649,0.017970120534300804,0.10126330703496933,0.17037242650985718,0.048769645392894745,0.03719811514019966,0.027183858677744865,0.27953290939331055,0.2253062129020691,0.014290395192801952,0.006575359497219324,1.9844514099531807e-05,0.000281878950772807,0.0005089374608360231,1.9359567886567675e-05,0.00025844291667453945,0.0014435567427426577,0.0010759715223684907,0.0016975217731669545,0.002329935785382986,0.002035215962678194,0.0007395021966658533,4.204974175081588e-05,2.734860208875034e-05,0.007863471284508705,0.010221489705145359,0.14961998164653778,0.0024813867639750242,0.0012727791909128428,0.00021582178305834532,0.08290558308362961,0.06164785474538803,0.0013252263888716698,0.0014857768546789885,0.0024221050553023815,0.005835273303091526,0.002147190971300006,0.0031728893518447876,2.0109266642975854e-06,6.0162136605868e-07
116,3877,0,1.114053475248511e-06,0.10882318019866943,0.12678579986095428,0.004997934214770794,0.06495261937379837,0.03819475695490837,4.375763637654018e-06,1.2804476057226566e-07,1.0577730336081004e-07,0.07282952964305878,0.07360872626304626,0.25267985463142395,0.2742399573326111,0.01748846098780632,0.107966348528862,0.1711193025112152,0.04543238505721092,0.03657896816730499,0.02684982307255268,0.27459025382995605,0.22160376608371735,0.014603519812226295,0.006773980334401131,2.0675630366895348e-05,0.0002678865275811404,0.0004884404479525983,2.0546433006529696e-05,0.00023532960040029138,0.0014185337349772453,0.000995555194094777,0.0016289092600345612,0.0022376803681254387,0.0021011359058320522,0.0007649226463399827,4.649980473914184e-05,3.0558512662537396e-05,0.007667449302971363,0.00973410066217184,0.1591491550207138,0.0024099135771393776,0.0012675294419750571,0.0002209901431342587,0.07365595549345016,0.05683044344186783,0.001137907849624753,0.0012637111358344555,0.00228782813064754,0.005560724996030331,0.0019474307773634791,0.002855172147974372,2.1436844690470025e-06,5.809843059978448e-07
118,3944,0,1.0664103911040002e-06,0.09162310510873795,0.10765468329191208,0.007041545119136572,0.0736764445900917,0.043608687818050385,4.268842985766241e-06,1.4162412753648823e-07,1.0443076092769843e-07,0.06745592504739761,0.0717967227101326,0.2539518475532532,0.27755531668663025,0.01716688834130764,0.1074068695306778,0.17413760721683502,0.046199675649404526,0.03669895604252815,0.02666613459587097,0.2681022882461548,0.21626777946949005,0.015908876433968544,0.007269143592566252,2.0838919226662256e-05,0.0002588944917079061,0.0004495540342759341,2.0776355086127296e-05,0.00021279662905726582,0.0012443282175809145,0.0009444192983210087,0.0018866308964788914,0.0025352356024086475,0.0023532428313046694,0.0007686917087994516,5.0836668378906325e-05,3.257288335589692e-05,0.0063204471953213215,0.008586312644183636,0.19588197767734528,0.0024683987721800804,0.0012116151629015803,0.00018546982028055936,0.07594819366931915,0.06404177844524384,0.0009942553006112576,0.0011231048265472054,0.002341979881748557,0.005515053402632475,0.0022437109146267176,0.003364330157637596,2.3768461687723175e-06,5.860712235516985e-07
120,4011,0,1.1006072782038245e-06,0.08398979902267456,0.10266032069921494,0.007821448147296906,0.07843878120183945,0.04471186175942421,4.308158167987131e-06,1.431101424032022e-07,1.0940326689024005e-07,0.06525477021932602,0.07078851014375687,0.25968995690345764,0.28174036741256714,0.01719074510037899,0.10616309940814972,0.1743299961090088,0.04659297689795494,0.03591087833046913,0.026092858985066414,0.261603981256485,0.21782058477401733,0.016385624185204506,0.0074903834611177444,2.0424411559361033e-05,0.000257931649684906,0.0004641320847440511,2.1090447262395173e-05,0.0002260980400023982,0.001406111172400415,0.0009166664676740766,0.001745242509059608,0.0023989721667021513,0.002323491731658578,0.0007548994617536664,4.8139125283341855e-05,3.235055191908032e-05,0.006800381001085043,0.008241135627031326,0.19317075610160828,0.002579611027613282,0.0012489574728533626,0.00019184060511179268,0.07886294275522232,0.06436233222484589,0.0010291311191394925,0.0011304670479148626,0.002240643138065934,0.005504581145942211,0.0023933162447065115,0.003471996635198593,2.3562204205518356e-06,5.943310839029436e-07
122,4078,0,1.126379629567964e-06,0.08064299076795578,0.10318097472190857,0.007578037213534117,0.08151865005493164,0.04397176578640938,4.129451554035768e-06,1.4358067801367724e-07,1.1061943183676703e-07,0.06380854547023773,0.07105207443237305,0.26405900716781616,0.2845570147037506,0.01754751056432724,0.10383199155330658,0.1710146963596344,0.04731481522321701,0.03540879115462303,0.02557324431836605,0.25697875022888184,0.21516579389572144,0.01672484166920185,0.007451874203979969,1.8169350369134918e-05,0.00026373317814432085,0.0004907072870992124,2.183735341532156e-05,0.00023304809292312711,0.0013760552974417806,0.0009070992819033563,0.0019085140665993094,0.0026527331210672855,0.002067068824544549,0.0007397175068035722,4.4003998482367024e-05,2.9218213967396878e-05,0.006777070928364992,0.008303644135594368,0.1811639368534088,0.0025921256747096777,0.0013924509985372424,0.00020884703553747386,0.09531088173389435,0.069162517786026,0.0008996131364256144,0.00098370760679245,0.0021425916347652674,0.00542244641110301,0.0022960505448281765,0.0033748492132872343,2.2530134629050735e-06,5.914581038268807e-07
124,4145,0,9.693616220829426e-07,0.07976633310317993,0.10213486850261688,0.00797884352505207,0.08122313767671585,0.04350772127509117,4.3365803321648855e-06,9.841792092402102e-08,1.0829317886873469e-07,0.0661301240324974,0.06922352313995361,0.27573665976524353,0.2930154502391815,0.018298473209142685,0.11238161474466324,0.16204245388507843,0.04272269830107689,0.033473264425992966,0.024058368057012558,0.2513517141342163,0.2049756497144699,0.01626431569457054,0.007437210064381361,2.197556932514999e-05,0.00025367052876390517,0.00039677275344729424,1.8105491108144633e-05,0.00019254870130680501,0.002599455416202545,0.0012305931886658072,0.0007630471955053508,0.001082878210581839,0.0023251560050994158,0.0008067198214121163,4.394105417304672e-05,3.329608080093749e-05,0.009996695443987846,0.00926827173680067,0.16743391752243042,0.002693833550438285,0.0010525458492338657,0.00020221038721501827,0.06145181879401207,0.0493459515273571,0.0016634275671094656,0.0017430888256058097,0.0018159160390496254,0.004481832962483168,0.002246853895485401,0.003017169190570712,2.29450733968406e-06,4.90620436721656e-07
126,4211,0,1.0049808452095021e-06,0.07681605964899063,0.10621508955955505,0.008831470273435116,0.08642313629388809,0.04149305075407028,6.6917273215949535e-06,7.850783845242404e-08,1.1864644022807624e-07,0.07578223943710327,0.0704047903418541,0.2942924201488495,0.30247241258621216,0.020146694034337997,0.10399797558784485,0.15778136253356934,0.04711711406707764,0.02957087755203247,0.021903127431869507,0.22410979866981506,0.20582887530326843,0.013404635712504387,0.007400537375360727,3.881219163304195e-05,0.00023889793374110013,0.0002503404102753848,8.65264610183658e-06,0.00014090660260990262,0.007777790538966656,0.002150923479348421,0.0004378505691420287,0.0005585166509263217,0.001893701497465372,0.0011853085597977042,4.064943641424179e-05,3.77701289835386e-05,0.03292306512594223,0.014923240058124065,0.07379031926393509,0.0015526259085163474,0.0005733518046326935,0.00011941602133447304,0.041041482239961624,0.0380987823009491,0.029627332463860512,0.023129208013415337,0.006416001822799444,0.005630508065223694,0.004091600887477398,0.004992096684873104,2.206479848609888e-06,5.272310659165669e-07
128,4278,0,1.57000761191739e-06,0.0818873941898346,0.11509009450674057,0.009451023302972317,0.0776822417974472,0.03453247621655464,1.0171560461458284e-05,8.918138405533682e-08,1.2586907871536823e-07,0.07998710870742798,0.07122258096933365,0.2889643609523773,0.29176586866378784,0.020309709012508392,0.09914802014827728,0.1587667614221573,0.05402544140815735,0.02989848330616951,0.02344183810055256,0.23615369200706482,0.2436096966266632,0.010805775411427021,0.007504271809011698,4.137144787819125e-05,0.0002730473643168807,0.00023222008894663304,6.4885057327046525e-06,0.00014396535698324442,0.011423206888139248,0.0032505192793905735,0.00016791497182566673,0.0001957967469934374,0.0017087854212149978,0.002281682565808296,3.0007679015398026e-05,2.823154500219971e-05,0.04033660143613815,0.015502430498600006,0.10099906474351883,0.00096994882915169,0.000575292797293514,0.00017270636453758925,0.04861142858862877,0.029321525245904922,0.3519743084907532,0.223917156457901,0.008481240831315517,0.006865897215902805,0.004276064224541187,0.0060658822767436504,1.5937250736897113e-06,6.861451993245282e-07
130,4345,0,1.4988993370934622e-06,0.08422008156776428,0.14846733212471008,0.009084534831345081,0.0737454891204834,0.02819937840104103,1.1199967957509216e-05,6.990559597852553e-08,5.804117719776514e-08,0.097772017121315,0.09279096126556396,0.2844966650009155,0.28978660702705383,0.019976366311311722,0.11389130353927612,0.15725520253181458,0.04921836778521538,0.030147962272167206,0.024977056309580803,0.30060088634490967,0.27454179525375366,0.010410810820758343,0.005897504277527332,2.0782319552381523e-05,0.00024346185091417283,0.0003122286288999021,7.328242190851597e-06,0.00016508923727087677,0.005429022945463657,0.004115137737244368,4.158048250246793e-05,4.413036731421016e-05,0.0021335952915251255,0.003583435667678714,2.41273119172547e-05,1.6461415725643747e-05,0.01815212331712246,0.013902979902923107,0.20033954083919525,0.0012010135687887669,0.0006049143266864121,0.0005520866834558547,0.06150411069393158,0.023358633741736412,0.6451947093009949,0.5950971841812134,0.0015196320600807667,0.0018558468436822295,0.005695969332009554,0.009019098244607449,8.893369454199274e-07,5.509463107955526e-07
132,4412,0,2.5750025542947697e-06,0.08127021044492722,0.15260763466358185,0.010050845332443714,0.07632775604724884,0.028983233496546745,1.6342615708708763e-05,1.1849864023361079e-07,1.0737073807831621e-07,0.09932149946689606,0.10088371485471725,0.26708710193634033,0.2782028913497925,0.016885599121451378,0.13084644079208374,0.17874006927013397,0.045695673674345016,0.03415362909436226,0.026385638862848282,0.3366049826145172,0.2669810652732849,0.0106536615639925,0.005328282248228788,2.584718276921194e-05,0.00014333294529933482,0.0003156655584461987,8.822503332339693e-06,0.00013020378537476063,0.006841246038675308,0.004696441348642111,8.426279237028211e-05,0.0001093455939553678,0.0012522825272753835,0.0035162782296538353,2.9007574994466268e-05,2.4405513613601215e-05,0.026936233043670654,0.026540234684944153,0.06906544417142868,0.0009987021330744028,0.0007773700635880232,0.0007736031548120081,0.10476064682006836,0.029573997482657433,0.7594039440155029,0.7729238271713257,0.0020950501784682274,0.008597807958722115,0.015514903701841831,0.023297293111681938,1.2491809684433974e-06,9.748498541739536e-07
134,4479,0,2.9535096928157145e-06,0.07658969610929489,0.1511557251214981,0.009954815730452538,0.08467347174882889,0.029560236260294914,1.8109081793227233e-05,1.348391123201509e-07,1.339044217729679e-07,0.0958588644862175,0.09499205648899078,0.2612605690956116,0.27495405077934265,0.016037700697779655,0.13127769529819489,0.18156681954860687,0.045679934322834015,0.03465116769075394,0.026623455807566643,0.3449620306491852,0.25157439708709717,0.010940540581941605,0.005601127631962299,2.4600609322078526e-05,0.00012092308315914124,0.0002845979470293969,9.295233212469611e-06,0.00010062088404083624,0.006955009885132313,0.005524308420717716,0.000123888356029056,0.00015788170276209712,0.0008265764336101711,0.0027927388437092304,2.8920536351506598e-05,2.4237730031018145e-05,0.03406715765595436,0.033682700246572495,0.03700127452611923,0.0011419950751587749,0.0009035784751176834,0.00109188468195498,0.15228287875652313,0.03543071448802948,0.7951915860176086,0.7979371547698975,0.003323804587125778,0.010910604149103165,0.02457883581519127,0.03585459664463997,1.3429938690023846e-06,1.1153961168020032e-06
136,4546,0,2.967097543660202e-06,0.07132028043270111,0.14565205574035645,0.009939637966454029,0.08470635116100311,0.03007727675139904,2.015564859902952e-05,1.4326977293421805e-07,1.390950927770973e-07,0.09981997311115265,0.09832408279180527,0.25257229804992676,0.26908233761787415,0.019595200195908546,0.11762455105781555,0.16281850636005402,0.051687490195035934,0.03814595565199852,0.028915030881762505,0.3609139919281006,0.25609657168388367,0.010802819393575191,0.005516101606190205,2.495651824574452e-05,9.769024472916499e-05,0.0002770080463960767,9.562001650920138e-06,9.766184666659683e-05,0.006359034217894077,0.006137320771813393,0.0001904750824905932,0.00023420817160513252,0.0005854179617017508,0.0022723337169736624,2.958568984468002e-05,2.4448518161079846e-05,0.03229280933737755,0.03418396785855293,0.022781983017921448,0.001152118667960167,0.001015825429931283,0.0014232635730877519,0.18479788303375244,0.03470580652356148,0.8206785321235657,0.8248207569122314,0.004865315742790699,0.012873806990683079,0.04063603654503822,0.058196015655994415,1.2071849369021947e-06,1.0957885479001561e-06
138,4613,0,2.6280497422703775e-06,0.054019756615161896,0.09843969345092773,0.01537900511175394,0.1008080542087555,0.04434208199381828,2.689856046345085e-05,1.9959423980253632e-07,1.477475990441235e-07,0.1775854527950287,0.16484612226486206,0.41224217414855957,0.42523759603500366,0.03849903494119644,0.06403667479753494,0.11329253017902374,0.09730007499456406,0.024470726028084755,0.015483739785850048,0.45351868867874146,0.31814438104629517,0.0062887039966881275,0.0032461548689752817,3.6348283174447715e-05,0.00010283768642693758,0.00033015277585946023,9.716971362649929e-06,0.0001317725400440395,0.005247365217655897,0.006887494120746851,0.00030206862720660865,0.00034124410012736917,0.0005254846764728427,0.0014016698114573956,4.4582251575775445e-05,4.1828494431683794e-05,0.03288528323173523,0.035691216588020325,0.016637742519378662,0.001589569146744907,0.001182079897262156,0.001671541016548872,0.1334238350391388,0.025957295671105385,0.8505276441574097,0.8624547123908997,0.008212046697735786,0.01996803656220436,0.053083423525094986,0.07790626585483551,1.1310664831398753e-06,1.4117943010205636e-06
140,4679,0,2.741943490036647e-06,0.051920417696237564,0.09226495772600174,0.01758483611047268,0.10255404561758041,0.044149428606033325,2.653835508681368e-05,2.2041781733150856e-07,1.5427379196353286e-07,0.19332998991012573,0.17392779886722565,0.42253589630126953,0.4299563467502594,0.0540117509663105,0.04827220365405083,0.0885680764913559,0.1196068674325943,0.024005165323615074,0.015286079607903957,0.4611392915248871,0.3247491717338562,0.005965094082057476,0.002869869116693735,3.9277918403968215e-05,9.210826829075813e-05,0.0003442156594246626,1.2031096957798582e-05,0.0001377370790578425,0.00464616809040308,0.005599145777523518,0.00034046004293486476,0.00039222068153321743,0.0005730250268243253,0.0013506358955055475,5.009697997593321e-05,4.7573415940860286e-05,0.031075024977326393,0.035981837660074234,0.01786724478006363,0.0015903488965705037,0.0012062489986419678,0.0015890501672402024,0.11348576843738556,0.026201993227005005,0.8397878408432007,0.8661764860153198,0.007853287272155285,0.027133146300911903,0.044049326330423355,0.06656447798013687,1.223945218953304e-06,1.4998830693002674e-06
142,4746,0,2.584190951893106e-06,0.052817635238170624,0.09485669434070587,0.017348436638712883,0.1050243228673935,0.04266444593667984,2.7724376195692457e-05,2.3565591789065365e-07,1.5544463849437307e-07,0.18259814381599426,0.17693112790584564,0.390353262424469,0.4100070297718048,0.028096256777644157,0.05815330520272255,0.15029007196426392,0.10891779512166977,0.025550397112965584,0.015529833734035492,0.4667758643627167,0.3248695731163025,0.006403723265975714,0.0027021525893360376,4.724054815596901e-05,8.512169006280601e-05,0.0003022777964361012,1.2067994248354807e-05,0.00011319507757434621,0.004240684676915407,0.005522745195776224,0.0003263200633227825,0.00036562385503202677,0.000650262285489589,0.00145322410389781,5.696986772818491e-05,5.6272583606187254e-05,0.029671575874090195,0.036388155072927475,0.020420050248503685,0.0014997763792052865,0.0010430783731862903,0.001309516024775803,0.09762983024120331,0.025926871225237846,0.8347718715667725,0.8645007610321045,0.008220618590712547,0.027667531743645668,0.04436713084578514,0.06807487457990646,1.4210133940650849e-06,1.6132156588355429e-06
144,4813,0,2.3319432784774108e-06,0.04953821748495102,0.09632862359285355,0.01772467978298664,0.1165093258023262,0.041903816163539886,2.6079431336256675e-05,2.04197547759577e-07,1.4365902245572215e-07,0.17531053721904755,0.16761672496795654,0.35909250378608704,0.38661646842956543,0.02359309419989586,0.08864986896514893,0.1568451076745987,0.07358676195144653,0.029495229944586754,0.018679456785321236,0.4852842688560486,0.3191574811935425,0.006613606587052345,0.0030111209489405155,4.4850130507256836e-05,8.16638203104958e-05,0.0002750343410298228,1.0980714250763413e-05,0.00010384638153482229,0.003443839494138956,0.006679350510239601,0.0002902463311329484,0.00029632559744641185,0.0006476396229118109,0.0013099107891321182,5.8145418734056875e-05,5.1635906856972724e-05,0.02840646542608738,0.04023789241909981,0.019509922713041306,0.0018838896648958325,0.0009148219833150506,0.0013296348042786121,0.10217121243476868,0.026456093415617943,0.8474050164222717,0.879725992679596,0.010626155883073807,0.023940488696098328,0.05130121856927872,0.08450336754322052,1.3988611726745148e-06,1.2947374443683657e-06
146,4880,0,2.2930373688723193e-06,0.054029013961553574,0.10512489825487137,0.0170750692486763,0.10839433968067169,0.03952330723404884,2.5730365450726822e-05,1.9300907183605887e-07,1.3809190591018705e-07,0.16065727174282074,0.14978832006454468,0.33933141827583313,0.3696795105934143,0.01969503052532673,0.10670945048332214,0.17402178049087524,0.06173758953809738,0.03172279894351959,0.019967658445239067,0.48813503980636597,0.3037799000740051,0.007395722903311253,0.0035370555706322193,4.427672683959827e-05,7.407871453324333e-05,0.00025888215168379247,1.1017963515769225e-05,0.00010190145258093253,0.003465629182755947,0.007770563010126352,0.0002289504773216322,0.00022976704349275678,0.0006996398442424834,0.0014030354795977473,5.8937024732585996e-05,4.9292117182631046e-05,0.02699432335793972,0.042008817195892334,0.021728817373514175,0.0020324490033090115,0.0008096802048385143,0.001280833501368761,0.10405629873275757,0.027882568538188934,0.8509244918823242,0.888128399848938,0.010450164787471294,0.02109316922724247,0.06122267618775368,0.1056237444281578,1.411028392794833e-06,1.176829869109497e-06
148,4947,0,2.217516794189578e-06,0.059642087668180466,0.11345741897821426,0.013521389104425907,0.10461173206567764,0.036897432059049606,2.3116539523471147e-05,1.6870795604972955e-07,1.2261352821951732e-07,0.15231850743293762,0.1307028979063034,0.33514538407325745,0.35272902250289917,0.01713676191866398,0.12096509337425232,0.18684613704681396,0.053016986697912216,0.03052559867501259,0.020700110122561455,0.4582175314426422,0.2937883138656616,0.007804305292665958,0.004108937922865152,3.78376898879651e-05,7.418553286697716e-05,0.0002562503796070814,1.1204732800251804e-05,9.975065768230706e-05,0.003798428690060973,0.008484195917844772,0.00017615796241443604,0.00017982574354391545,0.0007018666947260499,0.0014313306892290711,5.1318878831807524e-05,4.0302817069459707e-05,0.026858802884817123,0.04040106013417244,0.024904631078243256,0.0021777350921183825,0.0007854013238102198,0.0012523905606940389,0.1107320487499237,0.029213499277830124,0.8407489657402039,0.876163125038147,0.008203654550015926,0.015092582441866398,0.05305766314268112,0.093398816883564,1.317422515967337e-06,1.0603915825413424e-06
150,5014,0,1.9340520793775795e-06,0.05912954360246658,0.11736217886209488,0.012181215919554234,0.10928335040807724,0.037818294018507004,1.9118104319204576e-05,1.3052103042809904e-07,1.0189592103415634e-07,0.1374809890985489,0.13041144609451294,0.3215963840484619,0.33951815962791443,0.018678585067391396,0.1126093938946724,0.17519831657409668,0.05569813773036003,0.03156287968158722,0.021388981491327286,0.42016613483428955,0.2735345959663391,0.008609362877905369,0.004197081085294485,2.93864341074368e-05,7.509244460379705e-05,0.00020714288984891027,9.954517736332491e-06,8.349859854206443e-05,0.003605944337323308,0.008080991916358471,0.00014446579734794796,0.00014624248433392495,0.0007336571579799056,0.0015489166835322976,3.856540206470527e-05,2.866203612938989e-05,0.02258957177400589,0.03422495350241661,0.033716216683387756,0.0022102880757302046,0.0006101824692450464,0.0009880746947601438,0.13092608749866486,0.03239822760224342,0.8249571323394775,0.8623649477958679,0.00651024654507637,0.011146074160933495,0.055460285395383835,0.09859921783208847,1.3106966889608884e-06,8.51544257329806e-07
152,5080,0,2.2546601030626334e-06,0.06513390690088272,0.137888103723526,0.010207412764430046,0.10075417160987854,0.03288987651467323,1.922751653182786e-05,1.2975020524663705e-07,1.083533049950347e-07,0.131239652633667,0.13704967498779297,0.3031282126903534,0.3224549889564514,0.018635103479027748,0.11027684807777405,0.17543883621692657,0.05722634494304657,0.03324029594659805,0.022969184443354607,0.38498303294181824,0.2753712832927704,0.008906053379178047,0.00394954439252615,2.581547960289754e-05,8.44734167912975e-05,0.00022881713812239468,9.575772310199682e-06,9.238950588041916e-05,0.004428608808666468,0.008297069929540157,0.00015536221326328814,0.00016473243886139244,0.0006567543023265898,0.001609912607818842,3.277948417235166e-05,2.5110546630457975e-05,0.02646222896873951,0.03693990036845207,0.0313430055975914,0.0020899393130093813,0.0007454220904037356,0.001022607320919633,0.16944026947021484,0.034838881343603134,0.8268353939056396,0.8578811883926392,0.005811556242406368,0.010955777950584888,0.052917223423719406,0.091151162981987,1.224799916599295e-06,8.893208018889709e-07
154,5147,0,2.2108968096290482e-06,0.06442947685718536,0.1379631608724594,0.01016922201961279,0.10015293210744858,0.03289030119776726,1.9111050278297625e-05,1.2750007272188668e-07,1.0590509447183649e-07,0.12798602879047394,0.13843487203121185,0.3021526038646698,0.32305142283439636,0.018050746992230415,0.11093631386756897,0.18038392066955566,0.057242732495069504,0.0335555300116539,0.022894419729709625,0.3839595913887024,0.2796202003955841,0.009236733429133892,0.003929723519831896,2.6035200789920054e-05,8.180498116416857e-05,0.00022143179376143962,9.872767805063631e-06,8.946076559368521e-05,0.0045101093128323555,0.008360263891518116,0.0001392093108734116,0.00014788020052947104,0.0007013328140601516,0.0015753146726638079,3.3175449061673135e-05,2.55082813964691e-05,0.026020297780632973,0.03583914786577225,0.034203387796878815,0.002256173174828291,0.000694712798576802,0.000979436095803976,0.16231301426887512,0.03477310761809349,0.8239027261734009,0.8555422425270081,0.005438098683953285,0.010289516299962997,0.05379701033234596,0.09352009743452072,1.2664913811022416e-06,8.681358281137364e-07
156,5214,0,2.081716957036406e-06,0.06728794425725937,0.141005277633667,0.011091155000030994,0.09380427747964859,0.03190989792346954,1.847346720751375e-05,1.2641223179343797e-07,1.0523817906005206e-07,0.13116048276424408,0.14026691019535065,0.3121921420097351,0.33027517795562744,0.01709149219095707,0.11930868774652481,0.18515674769878387,0.05316006764769554,0.03196964040398598,0.0221047755330801,0.37563249468803406,0.28543606400489807,0.008962463587522507,0.003824774408712983,2.7995214622933418e-05,8.086286834441125e-05,0.00020067841978743672,9.374740329803899e-06,7.8467077401001e-05,0.004290629178285599,0.007665671873837709,0.00015501296729780734,0.0001644836738705635,0.0007330316584557295,0.0016160559607669711,3.539173849276267e-05,2.7764566766563803e-05,0.023956740275025368,0.03306571766734123,0.03697145730257034,0.002023705281317234,0.0006564242648892105,0.0008538315305486321,0.14993415772914886,0.03354647383093834,0.820229172706604,0.8496204614639282,0.005696079693734646,0.010685342364013195,0.05400386452674866,0.09149680286645889,1.3279046697789454e-06,8.528527359885629e-07
158,5281,0,2.050191824309877e-06,0.06282415241003036,0.13563837110996246,0.011391915380954742,0.09860720485448837,0.03263719007372856,1.818892269511707e-05,1.2318325559590448e-07,1.0186832355429942e-07,0.12787945568561554,0.13660182058811188,0.3122371733188629,0.3270915746688843,0.016615718603134155,0.12567266821861267,0.18597251176834106,0.049529820680618286,0.031745824962854385,0.022158179432153702,0.3677578866481781,0.2865407168865204,0.009113269858062267,0.0038961288519203663,2.71849385171663e-05,8.023998088901863e-05,0.0002043803979177028,9.373051398142707e-06,8.040519605856389e-05,0.004113240633159876,0.007507837377488613,0.00016539078205823898,0.00017285019566770643,0.0007141144596971571,0.0017460278468206525,3.415974060771987e-05,2.6554582291282713e-05,0.023811403661966324,0.0328526608645916,0.03526504337787628,0.0017623568419367075,0.0006788212922401726,0.0008770865970291197,0.15277934074401855,0.032977890223264694,0.8203428983688354,0.848007321357727,0.005982091184705496,0.010076113045215607,0.05053387209773064,0.08660580217838287,1.2592976190717309e-06,8.188252991203626e-07
160,5348,0,2.1444143385451753e-06,0.06874538958072662,0.1463838815689087,0.011061144061386585,0.09261146932840347,0.030184058472514153,1.8062786693917587e-05,1.2287092943097377e-07,1.0382560589050627e-07,0.12533752620220184,0.136392280459404,0.30587339401245117,0.32131677865982056,0.015379877761006355,0.13132169842720032,0.19206272065639496,0.0474892258644104,0.03198252618312836,0.022615507245063782,0.36047038435935974,0.2923327386379242,0.00932659488171339,0.003801936050876975,2.7866268283105455e-05,7.861095218686387e-05,0.00020475976634770632,9.747506737767253e-06,7.872129936004058e-05,0.004015515558421612,0.006574284750968218,0.00018382298003416508,0.00019626814173534513,0.0007225978188216686,0.001762663247063756,3.377959365025163e-05,2.6776708182296716e-05,0.02305006794631481,0.030840829014778137,0.03596140444278717,0.0016154651530086994,0.0006941380561329424,0.0008486396982334554,0.14787150919437408,0.03266068175435066,0.8111490607261658,0.8399572372436523,0.005665316246449947,0.01106762420386076,0.04472861811518669,0.07702155411243439,1.2713379646811518e-06,8.526461670044228e-07
162,5415,0,2.218970166723011e-06,0.07340800017118454,0.14970050752162933,0.01088345143944025,0.09203483164310455,0.029449818655848503,1.8059465219266713e-05,1.2778467350926803e-07,1.0120675852931527e-07,0.1231943741440773,0.13490678369998932,0.3066818118095398,0.32060301303863525,0.014159287326037884,0.13753123581409454,0.1994071751832962,0.04555818438529968,0.031369343400001526,0.0225498229265213,0.35919126868247986,0.2985307276248932,0.009291085414588451,0.003870076732710004,2.726105594774708e-05,7.187266601249576e-05,0.00021183444187045097,1.0782458957692143e-05,8.344207890331745e-05,0.0036469935439527035,0.006405902560800314,0.00020698473963420838,0.0002168175851693377,0.0007042026845738292,0.001638220390304923,3.33083989971783e-05,2.5538683985359967e-05,0.022354047745466232,0.030504949390888214,0.03555598109960556,0.0017101524863392115,0.000728715502191335,0.0008450138848274946,0.15457384288311005,0.0336073562502861,0.8082281351089478,0.8389238119125366,0.005993062164634466,0.010906687006354332,0.043483391404151917,0.07628930360078812,1.1990774737569154e-06,8.691191055731906e-07
164,5482,0,2.3108741515898146e-06,0.07585304230451584,0.14880245923995972,0.009772028774023056,0.09430748969316483,0.02925727143883705,1.775757482391782e-05,1.2549070049772126e-07,9.70922613419134e-08,0.11076625436544418,0.13294798135757446,0.2955940365791321,0.30988264083862305,0.012870022095739841,0.14694474637508392,0.2075423300266266,0.0424533374607563,0.032426103949546814,0.023349324241280556,0.3478359580039978,0.3030257821083069,0.010055221617221832,0.0039725336246192455,2.533151018724311e-05,6.938479782547802e-05,0.0002150789659935981,1.1117738722532522e-05,8.753229485591874e-05,0.0034952459391206503,0.006280113011598587,0.00022508301481138915,0.00023263182083610445,0.0006796045345254242,0.0016048736870288849,3.0928418709663674e-05,2.2829848603578284e-05,0.02208050899207592,0.030302539467811584,0.035911064594984055,0.001753255957737565,0.0007556453929282725,0.0008220791351050138,0.17281769216060638,0.036222152411937714,0.804599940776825,0.8375730514526367,0.0060762520879507065,0.010363354347646236,0.04299459978938103,0.07789000868797302,1.1307881777611328e-06,8.446669994555123e-07
166,5548,0,2.2337819700624095e-06,0.08069955557584763,0.15245118737220764,0.00889873318374157,0.09241077303886414,0.029041148722171783,1.7197262422996573e-05,1.1743651384676923e-07,9.213417229148035e-08,0.1132095456123352,0.1319277286529541,0.27885743975639343,0.29325756430625916,0.011264417320489883,0.16139459609985352,0.2203240692615509,0.03877878189086914,0.03389711678028107,0.025087855756282806,0.34265321493148804,0.3074755370616913,0.009767872281372547,0.003917459398508072,2.6018667995231226e-05,6.965356442378834e-05,0.00020971322373952717,1.093916580430232e-05,8.519265975337476e-05,0.003334414679557085,0.005756509490311146,0.000209697856917046,0.00021697700140066445,0.0007556922500953078,0.0018061005976051092,3.094510975643061e-05,2.2812679162598215e-05,0.020594408735632896,0.02861110307276249,0.04111200571060181,0.0015275555197149515,0.0006957249133847654,0.0007583647384308279,0.15454643964767456,0.0350288450717926,0.7955350875854492,0.831106424331665,0.005707168485969305,0.010175015777349472,0.037719663232564926,0.06987570971250534,1.1323496664772392e-06,8.000982916200883e-07
168,5615,0,2.2437461666413583e-06,0.08167541027069092,0.1568000465631485,0.009619650430977345,0.08912722021341324,0.028624942526221275,1.6971271179500036e-05,1.1838896085691886e-07,9.025912817151038e-08,0.12346471101045609,0.13431954383850098,0.2874470353126526,0.30093255639076233,0.011508578434586525,0.13532865047454834,0.22838318347930908,0.04754450172185898,0.03222053498029709,0.023573627695441246,0.34489670395851135,0.30388882756233215,0.009165437892079353,0.003837267169728875,2.501200833648909e-05,6.935517012607306e-05,0.00022425080533139408,1.1970040759479161e-05,9.173739817924798e-05,0.0034713419154286385,0.005619384348392487,0.00018606107914820313,0.00019633647752925754,0.000765893782954663,0.00184484978672117,2.911166120611597e-05,2.129651875293348e-05,0.01995592936873436,0.027609432116150856,0.04384656995534897,0.0015733585460111499,0.0007069619023241103,0.0007961163064464927,0.1520237922668457,0.03383764252066612,0.7816879749298096,0.8238950967788696,0.004646944347769022,0.009450768120586872,0.03356535732746124,0.06425317376852036,1.0857005463549285e-06,8.360899528270238e-07
170,5682,0,2.2530371097673196e-06,0.08273949474096298,0.16339099407196045,0.008909087628126144,0.08855284005403519,0.02754289284348488,1.625816003070213e-05,1.0898568092443384e-07,8.827345254758256e-08,0.12425889074802399,0.13447727262973785,0.30304035544395447,0.3119547963142395,0.012067370116710663,0.1465863585472107,0.21582099795341492,0.042765844613313675,0.030398225411772728,0.022353561595082283,0.3379572629928589,0.3017101585865021,0.009149987250566483,0.0038303760811686516,2.3474070985685103e-05,7.361892494373024e-05,0.00023130522458814085,1.1972221727774013e-05,9.419304842595011e-05,0.0036261447239667177,0.005671994760632515,0.00017310601833742112,0.00018439244013279676,0.0007655410445295274,0.0018815866205841303,2.7634812795440666e-05,1.9899014660040848e-05,0.02059151977300644,0.028003891929984093,0.04482869431376457,0.0015800512628629804,0.0007270870264619589,0.0008131616050377488,0.15539582073688507,0.03392612934112549,0.775266170501709,0.8169608116149902,0.004224851727485657,0.008788790553808212,0.029961051419377327,0.05795731022953987,1.064029220287921e-06,7.959231993481808e-07
172,5749,0,2.19859884964535e-06,0.08051454275846481,0.16378574073314667,0.008959386497735977,0.08771350234746933,0.02722371742129326,1.5991961845429614e-05,1.0873735334371304e-07,8.601538326047375e-08,0.12055707722902298,0.1301797330379486,0.3007180392742157,0.3099048435688019,0.012270581908524036,0.15235941112041473,0.21105819940567017,0.04093606397509575,0.0310653168708086,0.02286342903971672,0.34263524413108826,0.30541175603866577,0.009351405315101147,0.004000414628535509,2.290762131451629e-05,7.824963540770113e-05,0.00023206049809232354,1.1062161320296582e-05,9.86551312962547e-05,0.0033206359948962927,0.005694705527275801,0.00018644449301064014,0.00019250648620072752,0.0007848989334888756,0.0019573464524000883,2.720895645325072e-05,1.9166625861544162e-05,0.019456908106803894,0.026906779035925865,0.04660268872976303,0.0014893615152686834,0.0007268722401931882,0.0007706900360062718,0.1608833521604538,0.03446010872721672,0.7760608196258545,0.8156614899635315,0.004654214717447758,0.008091399446129799,0.030740542337298393,0.06041299179196358,1.0021268508353387e-06,7.603537142131245e-07
174,5816,0,2.197207095377962e-06,0.07679206877946854,0.16008448600769043,0.0097847580909729,0.09082350879907608,0.02677539922297001,1.605191755515989e-05,1.1088327056540948e-07,8.41649381300158e-08,0.11325972527265549,0.12776905298233032,0.2994435429573059,0.3068937063217163,0.011416015215218067,0.16450436413288116,0.2175414264202118,0.03754435107111931,0.03120473586022854,0.023044446483254433,0.34253597259521484,0.30434224009513855,0.009781362488865852,0.004149048123508692,2.3102566046873108e-05,7.770695083308965e-05,0.00023718280135653913,1.1324512342980597e-05,0.00010372178803663701,0.0032187507022172213,0.005654069595038891,0.00018413415818940848,0.00018833288049791008,0.0008319969056174159,0.0020265376660972834,2.7697080440702848e-05,1.9222878108848818e-05,0.018816085532307625,0.02607213519513607,0.04959050193428993,0.0014504353748634458,0.0007287393673323095,0.0007441722555086017,0.1584702879190445,0.03518444672226906,0.7759217023849487,0.815362274646759,0.004648636095225811,0.007585327606648207,0.030628416687250137,0.0603381022810936,9.94322590486263e-07,7.488504820685193e-07
176,5883,0,2.1835624011146137e-06,0.07994860410690308,0.16251489520072937,0.009512600488960743,0.09003809839487076,0.026885859668254852,1.5692436136305332e-05,1.0768124525384337e-07,8.025899944641424e-08,0.11374325305223465,0.12572510540485382,0.3075729310512543,0.31289368867874146,0.010877980850636959,0.1679878979921341,0.22189536690711975,0.03667682781815529,0.029846495017409325,0.022129438817501068,0.34072935581207275,0.30370843410491943,0.00980081781744957,0.004171343520283699,2.2236128643271513e-05,7.906405517132953e-05,0.00023805438831914216,1.1617798008956015e-05,0.00010437044693389907,0.003156467340886593,0.005689958110451698,0.00017390341963618994,0.00017576820391695946,0.0008708663517609239,0.002139890566468239,2.6853247618419118e-05,1.8224429368274286e-05,0.018382642418146133,0.025636926293373108,0.054327912628650665,0.0014096387894824147,0.0007239329279400408,0.0007073854794725776,0.161126047372818,0.03619944676756859,0.7688888311386108,0.8092906475067139,0.004356518387794495,0.006676300894469023,0.02844051830470562,0.056835006922483444,9.617793921279372e-07,7.304953442144324e-07
178,5949,0,2.240021785837598e-06,0.08710020035505295,0.16594749689102173,0.0088273324072361,0.08458511531352997,0.026461482048034668,1.512709968665149e-05,9.930112554457082e-08,7.429456871932416e-08,0.11531701683998108,0.12976482510566711,0.2913797199726105,0.29859429597854614,0.010239648632705212,0.173610657453537,0.2269504964351654,0.03522229567170143,0.03131067380309105,0.023235145956277847,0.3360348641872406,0.30301433801651,0.009541726671159267,0.003965371288359165,2.077110366371926e-05,8.264788630185649e-05,0.00024405728618148714,1.1897930562554393e-05,0.00010688123438740149,0.0033674698788672686,0.005811612121760845,0.00014908619050402194,0.00015227618860080838,0.0009315928909927607,0.0021488929633051157,2.5467956220381893e-05,1.6797419448266737e-05,0.018290316686034203,0.025299888104200363,0.062404144555330276,0.001510218600742519,0.0007120727095752954,0.0006781494012102485,0.1633613258600235,0.03752656280994415,0.7510640621185303,0.7966318130493164,0.0034445745404809713,0.00577323604375124,0.02469356544315815,0.05100541561841965,9.57233396547963e-07,6.973540394028532e-07
180,6016,0,9.016376907311496e-07,0.0029681792948395014,0.026835504919290543,0.057269640266895294,0.486129492521286,0.09991105645895004,2.7422771381679922e-05,1.6468861474550067e-07,1.4140225346181978e-07,0.03711375594139099,0.07770489901304245,0.08558320254087448,0.16763059794902802,0.022006260231137276,0.055319979786872864,0.14454233646392822,0.08473269641399384,0.11442618072032928,0.06353343278169632,0.38210055232048035,0.2803462743759155,0.0318271704018116,0.007335361558943987,9.347765444545075e-05,6.560738256666809e-05,0.00018131211982108653,1.6889105609152466e-05,3.450186341069639e-05,0.002080885460600257,0.0013016826706007123,0.0003979472385253757,0.00043849425856024027,0.0017361555946990848,0.0011021117679774761,0.0002471810148563236,0.00027522112941369414,0.014938930980861187,0.013653777539730072,0.06435087323188782,0.0012061961460858583,0.000387801876058802,0.00032686089980416,0.010284097865223885,0.019840655848383904,0.6031792163848877,0.6436452865600586,0.0069524673745036125,0.03344740718603134,0.008821217343211174,0.013682023622095585,4.7490116230619606e-06,1.186307599709835e-06
182,6083,0,1.0842850315384567e-06,0.013579262420535088,0.04079234600067139,0.03503023087978363,0.2616037130355835,0.06872808188199997,2.0794948795810342e-05,1.3965467360321782e-07,1.0036823283599006e-07,0.06668233871459961,0.09654691070318222,0.16644738614559174,0.2090744525194168,0.019341567531228065,0.10501065105199814,0.14955297112464905,0.04704449325799942,0.061896003782749176,0.04424770921468735,0.36453160643577576,0.29950276017189026,0.0184030719101429,0.005753707606345415,7.248615293065086e-05,6.837028922745958e-05,0.00016131170559674501,1.1534107215993572e-05,3.941314935218543e-05,0.001510827918536961,0.0020707056391984224,0.0004050745628774166,0.000391015550121665,0.0015987029764801264,0.0010076204780489206,0.0001683361188042909,0.00014825475227553397,0.013974180445075035,0.01681312546133995,0.06145695596933365,0.0013712593354284763,0.000453917687991634,0.0004060382198076695,0.018431130796670914,0.017971280962228775,0.6940088272094727,0.7474931478500366,0.007254655007272959,0.019649434834718704,0.014406283386051655,0.025471720844507217,3.042106982320547e-06,9.001856824397692e-07
184,6150,0,1.366834567306796e-06,0.02913239598274231,0.06327112764120102,0.023034892976284027,0.17706146836280823,0.054414451122283936,1.5384330254164524e-05,1.2119323855586117e-07,7.856536399231118e-08,0.09310489147901535,0.12034984678030014,0.23706313967704773,0.2623727321624756,0.01612887531518936,0.1280982792377472,0.17549069225788116,0.041633959859609604,0.04241570457816124,0.029665863141417503,0.3410549759864807,0.30614495277404785,0.012238392606377602,0.004570438992232084,3.90996974601876e-05,5.87535796512384e-05,0.00016469960974063724,1.2096063073840924e-05,5.985001916997135e-05,0.001889280742034316,0.0035171257331967354,0.0002828033175319433,0.0002751473803073168,0.0012179474579170346,0.0007354681147262454,6.535148713737726e-05,4.594639176502824e-05,0.013971105217933655,0.018937479704618454,0.06494995951652527,0.003107273718342185,0.000537099433131516,0.0004707786429207772,0.05127955973148346,0.02304583601653576,0.7097622156143188,0.7780575156211853,0.004862445406615734,0.011052848771214485,0.01933518797159195,0.03970884904265404,1.8565694972494384e-06,7.327014941438392e-07
186,6217,0,1.8575258309283527e-06,0.06258630752563477,0.12598197162151337,0.012813334353268147,0.11291838437318802,0.03069319948554039,1.4718293641635682e-05,1.1126419252605046e-07,6.503092464527072e-08,0.11072929948568344,0.1491757035255432,0.24682101607322693,0.2701796591281891,0.013820583932101727,0.14231885969638824,0.19588716328144073,0.04126922786235809,0.03901255875825882,0.028577473014593124,0.33222144842147827,0.3411940634250641,0.009560135193169117,0.0034951078705489635,2.4806604415061884e-05,5.670260725310072e-05,0.00021470320643857121,1.436588900105562e-05,9.545313514536247e-05,0.0021420512348413467,0.004303233232349157,0.0002243027847725898,0.00021513146930374205,0.001055501983501017,0.0009261625236831605,3.391661084606312e-05,2.354085518163629e-05,0.015579713508486748,0.018880099058151245,0.06638097018003464,0.0031478055752813816,0.0006056135171093047,0.0005569261847995222,0.10662778466939926,0.031324345618486404,0.745369017124176,0.789702296257019,0.004534805193543434,0.007140604313462973,0.02314620465040207,0.0482756681740284,1.1617602240221458e-06,6.773821610295272e-07
188,6284,0,2.034048975474434e-06,0.09961776435375214,0.16849949955940247,0.010388060472905636,0.08164120465517044,0.02441304922103882,1.4924839888408314e-05,1.068371489054698e-07,6.346429870518477e-08,0.11565107107162476,0.14976835250854492,0.26363980770111084,0.286454439163208,0.012209276668727398,0.15198658406734467,0.20884868502616882,0.039703186601400375,0.03515144810080528,0.025514692068099976,0.3383496105670929,0.3279300630092621,0.008910797536373138,0.0034077174495905638,2.3897586288512684e-05,6.079889863030985e-05,0.0002239008608739823,1.3937455150880851e-05,0.000100994628155604,0.0022811507806181908,0.004610440693795681,0.00022406165953725576,0.00021452680812217295,0.0010321076260879636,0.0011429986916482449,3.0110100851743482e-05,2.1176445443416014e-05,0.015246816910803318,0.01837300695478916,0.07122952491044998,0.0025535516906529665,0.0006378988618962467,0.0005480700638145208,0.12294710427522659,0.03378266468644142,0.7456011772155762,0.7863875031471252,0.004271453712135553,0.006478581111878157,0.024055875837802887,0.04947523772716522,1.0433893748995615e-06,7.002890924923122e-07
190,6351,0,2.106086640196736e-06,0.1159774586558342,0.18794798851013184,0.009365652687847614,0.07419337332248688,0.02237677201628685,1.4942756934033241e-05,1.1099097463329599e-07,6.323532630858608e-08,0.11820259690284729,0.14793294668197632,0.26919546723365784,0.29014110565185547,0.011029932647943497,0.15833808481693268,0.21955108642578125,0.0386025533080101,0.03375786170363426,0.02459912747144699,0.33848413825035095,0.3253701329231262,0.008635368198156357,0.0034593308810144663,2.3758833776810206e-05,6.163567013572901e-05,0.00023177810362540185,1.4508637832477689e-05,0.0001045448734657839,0.002211190527305007,0.004858802538365126,0.00023557340318802744,0.0002215489948866889,0.0010605757124722004,0.0011566480388864875,2.9823129807482474e-05,2.0105559087824076e-05,0.015042049810290337,0.019011830911040306,0.07466818392276764,0.0025800515431910753,0.0006613759323954582,0.0005226388457231224,0.1287999153137207,0.03555065765976906,0.7434742450714111,0.787779688835144,0.004422633908689022,0.006292971782386303,0.022114461287856102,0.0468229241669178,9.989922773456783e-07,7.210393846435181e-07
192,6417,0,2.4780451894912403e-06,0.11375217139720917,0.18844929337501526,0.009132364764809608,0.07378736883401871,0.023358644917607307,1.3401865544437896e-05,1.201251649263213e-07,6.417909048650472e-08,0.11445538699626923,0.14611943066120148,0.2640402913093567,0.2821573317050934,0.00988307036459446,0.14412222802639008,0.2332623302936554,0.04151530936360359,0.03421325236558914,0.02399108000099659,0.3332434296607971,0.31862765550613403,0.008960169740021229,0.0033618416637182236,1.802973019948695e-05,7.17149960109964e-05,0.0002325730602024123,1.3767135897069238e-05,0.00011127712787128985,0.001351871993392706,0.004025363363325596,0.0006274966290220618,0.0005632526008412242,0.0008081028936430812,0.0008174309623427689,2.1216246750555e-05,1.2159001926193014e-05,0.01033673994243145,0.017045142129063606,0.06826182454824448,0.0030259627383202314,0.0007886640960350633,0.0004423795035108924,0.21572016179561615,0.05166560038924217,0.669201135635376,0.7600842714309692,0.004526954609900713,0.007853440009057522,0.021191751584410667,0.050855256617069244,8.843663863444817e-07,8.149021368808462e-07
194,6484,0,3.3872895528475055e-06,0.11400243639945984,0.1568460464477539,0.005302139092236757,0.09763503819704056,0.03351597860455513,7.944513527036179e-06,2.3489080547278718e-07,1.4894972366619186e-07,0.08357102423906326,0.13535982370376587,0.2583846151828766,0.28372904658317566,0.009503583423793316,0.1413716971874237,0.2510926425457001,0.04112658277153969,0.0377427339553833,0.02276069112122059,0.2800774574279785,0.25198036432266235,0.010884211398661137,0.004183036275207996,1.991034696402494e-05,0.00011729936522897333,0.0002233801642432809,8.551603968953714e-06,9.309292363468558e-05,0.0009297812939621508,0.002131123561412096,0.0645560696721077,0.08500567823648453,0.00032426274265162647,0.00046145342639647424,2.163495810236782e-05,9.355717338621616e-06,0.010124605149030685,0.02173195406794548,0.010672712698578835,0.001616587513126433,0.0007880999473854899,0.00011946989980060607,0.5482134819030762,0.25833383202552795,0.02992691658437252,0.05034462735056877,0.03949141874909401,0.09578237682580948,0.056491825729608536,0.13096795976161957,2.367602291997173e-06,1.4334880233946024e-06
196,6551,0,3.6048736546945293e-06,0.10509711503982544,0.1489347219467163,0.004799194168299437,0.10673543065786362,0.032696545124053955,5.680311915057246e-06,3.2884813094824494e-07,1.2071775756794523e-07,0.06888063997030258,0.12696465849876404,0.22444921731948853,0.2628132700920105,0.00984269380569458,0.1305854767560959,0.2543700039386749,0.04627520963549614,0.0430193692445755,0.02782897651195526,0.24353788793087006,0.24476879835128784,0.01350508350878954,0.005173686891794205,1.1077130693593062e-05,0.00016424983914475888,0.00036536777042783797,1.0935567843262106e-05,0.00015043783059809357,0.00045267754467204213,0.0017882591346278787,0.11756018549203873,0.15823149681091309,0.0003887190541718155,0.0004551258170977235,1.8744489352684468e-05,6.636575108132092e-06,0.0044245049357414246,0.01581864431500435,0.022974807769060135,0.0021786873694509268,0.00119840691331774,0.0001444633089704439,0.7244855761528015,0.3866744041442871,0.004586063791066408,0.008345969952642918,0.015611673705279827,0.05021926388144493,0.05091392993927002,0.11907188594341278,2.289047642989317e-06,1.4287194289863692e-06
198,6618,0,3.98389147449052e-06,0.0942225530743599,0.12563084065914154,0.004499639384448528,0.10657442361116409,0.03298291191458702,5.539856374525698e-06,3.5535538245312637e-07,1.1367865226930007e-07,0.06400390714406967,0.10899467021226883,0.1848709136247635,0.22092287242412567,0.011064430698752403,0.14222286641597748,0.23525899648666382,0.043178245425224304,0.055175263434648514,0.03975348919630051,0.24531207978725433,0.24673768877983093,0.014607266522943974,0.006723358295857906,9.005978427012451e-06,0.00023126776795834303,0.0005195038975216448,1.0387715519755147e-05,0.0002656161959748715,0.00033282377989962697,0.0015051336959004402,0.1419496089220047,0.1802443116903305,0.000405253580538556,0.0006560329929925501,1.7721420590532944e-05,5.622246590064606e-06,0.003617876209318638,0.014982660301029682,0.026184704154729843,0.0016452104318886995,0.001480035949498415,0.00018811285553965718,0.7778770327568054,0.4130791425704956,0.002938087796792388,0.00526458490639925,0.013298521749675274,0.03347581997513771,0.05226820707321167,0.12612801790237427,1.8320408798899734e-06,1.3377389223023783e-06
200,6685,0,3.6818391890847124e-06,0.09278696775436401,0.12197806686162949,0.004258543718606234,0.11290078610181808,0.03677467256784439,5.219682861934416e-06,3.4371774404462485e-07,1.3792671893497754e-07,0.0630955770611763,0.10016807913780212,0.19390109181404114,0.22714857757091522,0.011054557748138905,0.13270069658756256,0.244209423661232,0.04733438789844513,0.051399823278188705,0.03814486414194107,0.2160508632659912,0.23652955889701843,0.015177156776189804,0.007581513375043869,1.0538575224927627e-05,0.0003325659199617803,0.0004433836438693106,7.671635103179142e-06,0.00020362877694424242,0.0005340638454072177,0.0007972896564751863,0.14936548471450806,0.19946718215942383,0.0005492286290973425,0.0009022541344165802,1.9907765818061307e-05,7.762390850984957e-06,0.0038776155561208725,0.007870635949075222,0.04522378742694855,0.0011376243783161044,0.0013857654994353652,0.00016208027955144644,0.7178690433502197,0.3865603506565094,0.0021625193767249584,0.002800503745675087,0.012549828737974167,0.02775908075273037,0.056411147117614746,0.10764426738023758,2.4318705982295796e-06,1.4501021041724016e-06
202,6752,0,3.3967808121815324e-06,0.08160334825515747,0.10840922594070435,0.005271058529615402,0.11969844996929169,0.04258548468351364,5.028388841310516e-06,3.404654194127943e-07,1.4061811270948965e-07,0.06160435080528259,0.09298034757375717,0.19809333980083466,0.23158681392669678,0.010919910855591297,0.13640320301055908,0.24468497931957245,0.046153903007507324,0.04963390901684761,0.03700229525566101,0.2120092511177063,0.22233466804027557,0.015522202476859093,0.008063687942922115,1.0166489119001199e-05,0.0004069391288794577,0.0004201652482151985,6.382540505001089e-06,0.0001790766546037048,0.0005629988154396415,0.0007808026275597513,0.1477471888065338,0.1947525292634964,0.0005930291954427958,0.00101272645406425,2.0280549506423995e-05,8.260692993644625e-06,0.003588719293475151,0.006951822899281979,0.05627373233437538,0.001030888524837792,0.0014677089639008045,0.0001478889462305233,0.7285456657409668,0.393821656703949,0.001715386868454516,0.0020748975221067667,0.011268777772784233,0.022415101528167725,0.055334772914648056,0.10199166089296341,2.5905769689416047e-06,1.3969161045679357e-06
204,6818,0,3.209848955521011e-06,0.07059688866138458,0.0965607762336731,0.005958249792456627,0.13550186157226562,0.04735798388719559,4.8777924348542e-06,3.4842071272578323e-07,1.42695299132356e-07,0.06022828072309494,0.08534964919090271,0.19923391938209534,0.23111248016357422,0.011852926574647427,0.13454419374465942,0.23128145933151245,0.046244557946920395,0.04961392283439636,0.03748108446598053,0.21176372468471527,0.21280771493911743,0.015799857676029205,0.008803058415651321,1.0276697139488533e-05,0.0004077184130437672,0.00038135083741508424,6.023715741321212e-06,0.00015809472824912518,0.0005562236765399575,0.0008593384991399944,0.1449032574892044,0.18824544548988342,0.0006575515144504607,0.0010282627772539854,2.1002879293519072e-05,8.71079282660503e-06,0.003322640899568796,0.00708962744101882,0.06320102512836456,0.0010478117037564516,0.0014182878658175468,0.00012606217933353037,0.731221079826355,0.40558335185050964,0.0017276385333389044,0.0021589118987321854,0.010921841487288475,0.02222512848675251,0.05891874060034752,0.1073925793170929,2.6935933874483453e-06,1.3327802435014746e-06
206,6885,0,3.3158326004922856e-06,0.06935129314661026,0.08879229426383972,0.006509099621325731,0.13268232345581055,0.05205705389380455,4.730604814540129e-06,3.555059038262698e-07,1.4340291443204478e-07,0.060582708567380905,0.08184083551168442,0.2064480036497116,0.23786018788814545,0.01178031973540783,0.1332537680864334,0.23548537492752075,0.04731830209493637,0.04800049588084221,0.03655192628502846,0.20839548110961914,0.2027106136083603,0.015899257734417915,0.009344260208308697,8.75041678227717e-06,0.00047230665222741663,0.000429939798777923,5.783083452115534e-06,0.00019399679149501026,0.0005723893991671503,0.000889128539711237,0.12940794229507446,0.16784346103668213,0.000667869986500591,0.0010903027141466737,1.8449698472977616e-05,7.777254722896032e-06,0.0032151571940630674,0.0066284253261983395,0.0709100142121315,0.0010882734786719084,0.0016179642407223582,0.0001313688262598589,0.7819134593009949,0.42568954825401306,0.001441595726646483,0.0017322550993412733,0.0091611472889781,0.01730034314095974,0.06250041723251343,0.11090672761201859,2.3917855287436396e-06,1.2799291653209366e-06
208,6952,0,3.722483597812243e-06,0.06996414065361023,0.08273103088140488,0.00703161396086216,0.1308671087026596,0.05557083338499069,4.96662187288166e-06,3.764732525723957e-07,1.5824875276848616e-07,0.06111735850572586,0.0765257477760315,0.21500098705291748,0.24507343769073486,0.01246486883610487,0.12681935727596283,0.23080219328403473,0.04957379400730133,0.045990943908691406,0.03496065363287926,0.2087913453578949,0.19083593785762787,0.015880653634667397,0.009987587109208107,8.43972429720452e-06,0.0005280765471979976,0.0005048580351285636,5.798590791528113e-06,0.00023313297424465418,0.0006235437467694283,0.0008469460299238563,0.1281130164861679,0.17461666464805603,0.0006338228122331202,0.0011631199158728123,1.8123040717910044e-05,8.198925570468418e-06,0.0035935461055487394,0.006860924419015646,0.06344067305326462,0.0010322831803932786,0.0019019382307305932,0.00015175031148828566,0.8013953566551208,0.428703635931015,0.0013611925533041358,0.0015991611871868372,0.007501632906496525,0.017564207315444946,0.06575418263673782,0.1082945391535759,2.324948354726075e-06,1.4226134226191789e-06
210,7019,0,4.074661319464212e-06,0.07462765276432037,0.08187758922576904,0.006656301207840443,0.12909656763076782,0.05868710204958916,4.919548246107297e-06,4.021974859824695e-07,1.729649170556513e-07,0.06079535931348801,0.0642649382352829,0.22353403270244598,0.25131678581237793,0.012324392795562744,0.13890409469604492,0.23087884485721588,0.046114273369312286,0.044534195214509964,0.03484794870018959,0.20370277762413025,0.17237262427806854,0.016467664390802383,0.012285477481782436,7.635425390617456e-06,0.000545418995898217,0.0005713069695048034,6.4620144257787615e-06,0.0002613519609440118,0.0006307620787993073,0.0007801692700013518,0.14320699870586395,0.19968962669372559,0.0006583714857697487,0.0011927480809390545,1.6391157259931788e-05,7.939105671539437e-06,0.003249637084081769,0.006024218630045652,0.07706505060195923,0.0011230951640754938,0.002151514170691371,0.0001657287939451635,0.8228465914726257,0.4470554292201996,0.0010795630514621735,0.0012395150260999799,0.006036763079464436,0.016711056232452393,0.06504359841346741,0.10083658248186111,2.3546792817796813e-06,1.5089877933860407e-06
212,7086,0,4.262797574483557e-06,0.06758564710617065,0.07343915104866028,0.007550896145403385,0.13612236082553864,0.061026278883218765,4.8591141421638895e-06,4.2173655856458936e-07,1.7211421265983518e-07,0.057333122938871384,0.05552561581134796,0.21414297819137573,0.2408798635005951,0.013707366771996021,0.14927217364311218,0.21260292828083038,0.04291720688343048,0.04875389114022255,0.039929915219545364,0.20901605486869812,0.16951996088027954,0.01763978600502014,0.015299594029784203,7.1755580393073615e-06,0.0005677613662555814,0.000561521272175014,5.8715545492304955e-06,0.00028077122988179326,0.0005769330891780555,0.0007927086553536355,0.170657217502594,0.23175987601280212,0.0006765875732526183,0.0013121115043759346,1.5876292309258133e-05,7.071834716043668e-06,0.00293112569488585,0.005942520219832659,0.08572075515985489,0.0011303350329399109,0.001988532254472375,0.00015555520076304674,0.8431724309921265,0.47246506810188293,0.0011290238471701741,0.0013283310690894723,0.006312632001936436,0.016601433977484703,0.07997536659240723,0.12385985255241394,2.3736226921755588e-06,1.4936808838683646e-06
214,7153,0,3.870692580676405e-06,0.05377444997429848,0.05932318791747093,0.008169922977685928,0.17346085608005524,0.07607153058052063,4.564429218589794e-06,4.888303237748914e-07,1.7180475708755694e-07,0.05538720265030861,0.03978869691491127,0.20925270020961761,0.22084574401378632,0.012117749080061913,0.18771395087242126,0.22173497080802917,0.033208053559064865,0.052141815423965454,0.048489756882190704,0.18803924322128296,0.18482054769992828,0.018252912908792496,0.02305355668067932,9.129446880251635e-06,0.0004937835619784892,0.0004422707133926451,6.173441761347931e-06,0.00027568673249334097,0.0004260674468241632,0.000720285635907203,0.1849476397037506,0.25041183829307556,0.001158210914582014,0.001566256396472454,2.2998285203357227e-05,9.475483238929883e-06,0.0016572072636336088,0.004717390518635511,0.17197959125041962,0.0010665542213246226,0.0015663562808185816,0.00011043117410736158,0.7867380380630493,0.47311386466026306,0.000901100633200258,0.0012258985079824924,0.005586337298154831,0.016896318644285202,0.11849188804626465,0.1878301054239273,2.7269356905890163e-06,1.338662855232542e-06
216,7220,0,3.9168189687188715e-06,0.06164879351854324,0.07555386424064636,0.007431252393871546,0.1670559197664261,0.07398545742034912,4.653375071939081e-06,5.259639692667406e-07,2.0331205519141804e-07,0.06252992898225784,0.040234677493572235,0.24482926726341248,0.24192048609256744,0.013965331949293613,0.17314378917217255,0.2064012885093689,0.03513162583112717,0.04244951903820038,0.04348002001643181,0.1521133929491043,0.2096065729856491,0.01589018665254116,0.0239949319511652,1.1941649972868618e-05,0.0005451025790534914,0.00046515875146724284,5.1352326408959925e-06,0.00034314460936002433,0.00039461060077883303,0.000740318326279521,0.20372550189495087,0.2844163775444031,0.0012717158533632755,0.0017066994914785028,2.8863889383501373e-05,1.1387356607883703e-05,0.0015069550136104226,0.00445560272783041,0.17956651747226715,0.0008879648521542549,0.0015048433560878038,0.00011444649135228246,0.7163097858428955,0.38202983140945435,0.0009254505857825279,0.0012868293561041355,0.006432367488741875,0.02566622570157051,0.14799997210502625,0.22332286834716797,2.6617146886565024e-06,1.455061351407494e-06
218,7286,0,3.854010628856486e-06,0.06289135664701462,0.06847548484802246,0.007872851565480232,0.16736316680908203,0.0782758966088295,5.864951162948273e-06,5.526302402358851e-07,1.897248580462474e-07,0.06361673772335052,0.04438648372888565,0.2638900876045227,0.26550063490867615,0.01651105470955372,0.15322932600975037,0.187977597117424,0.03998535871505737,0.03825635835528374,0.03821466118097305,0.15461312234401703,0.20502446591854095,0.015314319171011448,0.0225935447961092,1.3661875527759548e-05,0.000820921384729445,0.0007134111947380006,4.170369720668532e-06,0.000521917303558439,0.0003787204041145742,0.000893822347279638,0.2658085227012634,0.34301283955574036,0.001239732257090509,0.0021180170588195324,4.0811410144669935e-05,1.498013807577081e-05,0.0014556965325027704,0.005062498617917299,0.15110041201114655,0.000577279890421778,0.0020977575331926346,0.00014394409663509578,0.6792315244674683,0.33439892530441284,0.0008216084679588675,0.0011280621401965618,0.006816641427576542,0.019883330911397934,0.14258021116256714,0.22850212454795837,2.170544803448138e-06,1.5848629573156359e-06
220,7353,0,3.340714329169714e-06,0.05210931599140167,0.057470452040433884,0.009033216163516045,0.19477707147598267,0.08583998680114746,5.62675268156454e-06,5.340592679203837e-07,1.9794525485394843e-07,0.055225737392902374,0.03579077124595642,0.28078046441078186,0.28902313113212585,0.019601117819547653,0.13973984122276306,0.16689381003379822,0.04191453754901886,0.03252528980374336,0.033792220056056976,0.14102964103221893,0.19591809809207916,0.017320038750767708,0.02683832123875618,1.4049579476704821e-05,0.0009914884576573968,0.0006762800039723516,3.3869664548547007e-06,0.0004180059186182916,0.0004018999170511961,0.0008366166148334742,0.29601162672042847,0.37372130155563354,0.0010757696582004428,0.0025109120178967714,4.4589607568923384e-05,1.7071555703296326e-05,0.00154505658429116,0.00517250644043088,0.13405747711658478,0.0004305657057557255,0.0023285376373678446,0.00016024470096454024,0.6497365832328796,0.32038429379463196,0.0006938212318345904,0.0008925407310016453,0.007062644697725773,0.017985735088586807,0.11858747154474258,0.1870657503604889,2.338140348001616e-06,1.6080149407571298e-06
222,7420,0,2.866429440473439e-06,0.04850122705101967,0.05586406961083412,0.009557106532156467,0.20515556633472443,0.08800959587097168,5.477377726492705e-06,5.131958573656448e-07,1.87487501079886e-07,0.04889379441738129,0.035824600607156754,0.3023771345615387,0.31530728936195374,0.020761454477906227,0.1289486587047577,0.16054008901119232,0.045066237449645996,0.029637649655342102,0.02925226092338562,0.1361444592475891,0.18724730610847473,0.01952686719596386,0.026742231100797653,1.4954803191358224e-05,0.0009947034996002913,0.0006420167628675699,3.387968035895028e-06,0.00037200626684352756,0.00034712234628386796,0.0007431800477206707,0.3073073625564575,0.37904107570648193,0.0010941217187792063,0.002337109763175249,4.628113310900517e-05,1.8016975445789285e-05,0.0014544037403538823,0.004815759137272835,0.13296453654766083,0.0004370778624434024,0.0021026243921369314,0.00015999720199033618,0.5919302701950073,0.3001246750354767,0.000638972211163491,0.000809450342785567,0.007806756999343634,0.017351645976305008,0.10435131192207336,0.16431812942028046,2.5228605409211013e-06,1.6453489024570445e-06
224,7487,0,2.814206482071313e-06,0.05302048474550247,0.060760874301195145,0.009157533757388592,0.1918516606092453,0.0791938304901123,5.51712173546548e-06,5.03738874613191e-07,1.7632959270486026e-07,0.04840493202209473,0.03934765234589577,0.31153404712677,0.3246244788169861,0.020001204684376717,0.13546761870384216,0.16325142979621887,0.04231517016887665,0.028492940589785576,0.028225628659129143,0.13586626946926117,0.20447173714637756,0.01906769908964634,0.0249140914529562,1.513536881248001e-05,0.0009687574929557741,0.0006833620136603713,3.451381189734093e-06,0.0004124367842450738,0.00034231203608214855,0.0007540621445514262,0.27787527441978455,0.3494347035884857,0.0011131558567285538,0.002204316668212414,4.881903078057803e-05,1.8994345737155527e-05,0.0013570039300248027,0.004707159474492073,0.13711312413215637,0.0004493259475566447,0.002212401945143938,0.00015978985175024718,0.5754601955413818,0.29393520951271057,0.0006689825677312911,0.00088462233543396,0.007153838872909546,0.01758461445569992,0.10701603442430496,0.17053188383579254,2.320104613318108e-06,1.5805250086486922e-06
226,7554,0,3.0717581012140727e-06,0.05417955294251442,0.06336113065481186,0.008943455293774605,0.18666838109493256,0.07334088534116745,5.751069238613127e-06,5.257799671198882e-07,1.7610138058898883e-07,0.0482386089861393,0.040010835975408554,0.3098611533641815,0.32228556275367737,0.019269747659564018,0.14059245586395264,0.165996253490448,0.040528059005737305,0.02836022898554802,0.02824280597269535,0.1367485225200653,0.21471655368804932,0.018667493015527725,0.02410971000790596,1.4646168892795686e-05,0.0010114581091329455,0.0007742609595879912,3.637324198280112e-06,0.00046789078623987734,0.0003582159988582134,0.0007833432173356414,0.2798898220062256,0.3519258201122284,0.001071563339792192,0.0021997331641614437,4.8437388613820076e-05,1.891350984806195e-05,0.0014864724362269044,0.0050286841578781605,0.12343928962945938,0.0004492094449233264,0.0024424537550657988,0.00017619106802158058,0.602415919303894,0.3083038032054901,0.0006876845727674663,0.0008961896528489888,0.006909420248121023,0.016342105343937874,0.10919923335313797,0.17319606244564056,2.1797029603476403e-06,1.6351436897821259e-06
228,7621,0,3.2759244277258404e-06,0.053143177181482315,0.05982169508934021,0.00959494523704052,0.18710210919380188,0.07641792297363281,6.105663942435058e-06,5.425133053904574e-07,1.7056889589639468e-07,0.05325252562761307,0.042765311896800995,0.3050606846809387,0.3154720067977905,0.019826257601380348,0.13826896250247955,0.16310304403305054,0.04145657643675804,0.029682831838726997,0.028712432831525803,0.15575087070465088,0.21730327606201172,0.01707182079553604,0.022323153913021088,1.4062113223189954e-05,0.0010051955468952656,0.0008361300569958985,3.7388745113275945e-06,0.000515300314873457,0.0003683870017994195,0.0008272529812529683,0.28453996777534485,0.35428810119628906,0.001009645638987422,0.0020999496337026358,4.6707482397323474e-05,1.8061891751131043e-05,0.001607023528777063,0.0052969432435929775,0.11583253741264343,0.0004740472650155425,0.002556825755164027,0.0001822291233111173,0.626528263092041,0.3131370544433594,0.0007215250516310334,0.0009276200435124338,0.0071700322441756725,0.01597486436367035,0.11093255132436752,0.17800889909267426,2.1014982394262915e-06,1.6595049601164646e-06
230,7688,0,3.327318609080976e-06,0.051701419055461884,0.05883179232478142,0.010724428109824657,0.18727555871009827,0.07553543150424957,5.977358341624495e-06,5.533089506570832e-07,1.6393302360029338e-07,0.05663742870092392,0.04514932632446289,0.3087855875492096,0.318343847990036,0.02055753581225872,0.13362625241279602,0.15924468636512756,0.04281096160411835,0.029555179178714752,0.028161808848381042,0.16549180448055267,0.21896524727344513,0.016133885830640793,0.021165456622838974,1.2790242180926725e-05,0.0010151941096410155,0.0009222666849382222,4.0483573684468865e-06,0.0005602958844974637,0.00035604703589342535,0.0008062372216954827,0.26866304874420166,0.33911848068237305,0.0010040695779025555,0.0019918980542570353,4.4492422603070736e-05,1.7018563085002825e-05,0.0015270240837708116,0.005197927355766296,0.1178598403930664,0.0005183289176784456,0.002670715330168605,0.00019760096620302647,0.6398062705993652,0.3272477984428406,0.0006503872573375702,0.000851580873131752,0.006373723968863487,0.015231826342642307,0.106592558324337,0.17465847730636597,2.0419456632225774e-06,1.6776421034592204e-06
232,7754,0,3.1400595617014915e-06,0.051325373351573944,0.05792418122291565,0.01122034341096878,0.18288105726242065,0.07471726834774017,5.733315447287168e-06,5.632822421830497e-07,1.553391228981127e-07,0.05986285209655762,0.047628022730350494,0.30373498797416687,0.3141256272792816,0.02060435526072979,0.1336284875869751,0.1594088077545166,0.04325838387012482,0.03003551997244358,0.028882114216685295,0.16762015223503113,0.22712232172489166,0.015477381646633148,0.02019229531288147,1.2753883311233949e-05,0.000997245078906417,0.0008780834032222629,4.266104042471852e-06,0.00048783805686980486,0.00032757778535597026,0.000839659885969013,0.28567373752593994,0.35321301221847534,0.0010243825381621718,0.0018244469538331032,4.584109046845697e-05,1.7430880689062178e-05,0.0013780066510662436,0.005077363457530737,0.12569794058799744,0.0005613136454485357,0.002732268301770091,0.0001981847599381581,0.6322636604309082,0.3265250027179718,0.0005404984694905579,0.0007174699567258358,0.006028182804584503,0.013807701878249645,0.09130704402923584,0.15710662305355072,2.157016297132941e-06,1.6610233615210745e-06
234,7821,0,3.0625617455370957e-06,0.048912085592746735,0.05830158293247223,0.010655190795660019,0.18544325232505798,0.07220224291086197,5.53396830582642e-06,5.163805667507404e-07,1.512353406951661e-07,0.0592186339199543,0.04870900511741638,0.3073582053184509,0.3156224191188812,0.02099996991455555,0.1316893994808197,0.15540753304958344,0.04298251494765282,0.029790885746479034,0.028310926631093025,0.16487042605876923,0.22709330916404724,0.015540767461061478,0.0195821151137352,1.1412697858759202e-05,0.0010228099999949336,0.0009111519320867956,4.431935394677566e-06,0.0004703294252976775,0.0003506782231852412,0.0007926719845272601,0.2568401098251343,0.32441186904907227,0.0009099541930481791,0.0019095770549029112,4.2576804844429716e-05,1.632507519389037e-05,0.0015027900226414204,0.005264065228402615,0.10974602401256561,0.0005173597019165754,0.0028135960455983877,0.0002135944669134915,0.6474721431732178,0.34373393654823303,0.0005477125523611903,0.0007273348164744675,0.0055403378792107105,0.013043941929936409,0.08015126734972,0.14014653861522675,2.08369920073892e-06,1.6191960412470507e-06
236,7888,0,3.126821638943511e-06,0.049226559698581696,0.059339623898267746,0.010389648377895355,0.18411746621131897,0.0692080706357956,5.255441010376671e-06,5.126651103637414e-07,1.5017710097708914e-07,0.05988591909408569,0.04929979518055916,0.30699342489242554,0.3139384090900421,0.020578017458319664,0.13480985164642334,0.15658824145793915,0.04165108501911163,0.029887467622756958,0.028352171182632446,0.16599437594413757,0.22512559592723846,0.015477658249437809,0.019062288105487823,1.0433523129904643e-05,0.0010193780763074756,0.0009719748049974442,4.883829660684569e-06,0.0004918047925457358,0.00034504637005738914,0.0007751121884211898,0.23407870531082153,0.3059348464012146,0.0009070686064660549,0.0018493130337446928,4.0046008507488295e-05,1.513675397291081e-05,0.0014172588707879186,0.005236916244029999,0.11583781242370605,0.0005567854968830943,0.0029647410847246647,0.00022711761994287372,0.664252758026123,0.35921069979667664,0.0004764852346852422,0.0006528835510835052,0.004764764104038477,0.01346907950937748,0.07185041904449463,0.1292116791009903,2.066155502689071e-06,1.5766996739330352e-06
238,7955,0,2.907825546571985e-06,0.04734840244054794,0.05940172076225281,0.01051555946469307,0.18806613981723785,0.06798692792654037,5.0423050197423436e-06,4.931380885864201e-07,1.4254825941861782e-07,0.058753713965415955,0.050394173711538315,0.3104848563671112,0.31786173582077026,0.02069624699652195,0.13113246858119965,0.15437057614326477,0.04215419664978981,0.029155343770980835,0.027345364913344383,0.16424214839935303,0.23076386749744415,0.015634063631296158,0.018130570650100708,9.933323781297076e-06,0.0009997173910960555,0.0009664757526479661,5.225325821811566e-06,0.00045166353811509907,0.0003286002902314067,0.0007857534801587462,0.23491548001766205,0.2986176311969757,0.0008362212684005499,0.0017175814136862755,3.8979702367214486e-05,1.4430893315875437e-05,0.0014319585170596838,0.005526336375623941,0.10751138627529144,0.0005793179152533412,0.0030297657940536737,0.00023929412418510765,0.658401370048523,0.3577457368373871,0.00045502473949454725,0.0006306157447397709,0.004965620115399361,0.012210081331431866,0.05790073424577713,0.10762963443994522,2.008762749028392e-06,1.5374737358797574e-06
240,8022,0,2.8223473691468826e-06,0.04664452746510506,0.06162506341934204,0.009849870577454567,0.19122923910617828,0.06515783071517944,5.018539013690315e-06,4.570277667426126e-07,1.396204538650636e-07,0.056431420147418976,0.05114247649908066,0.3079049289226532,0.31385836005210876,0.018524665385484695,0.14178945124149323,0.16429594159126282,0.03860306739807129,0.029613837599754333,0.027544058859348297,0.15703371167182922,0.23205755650997162,0.016101423650979996,0.01749623939394951,9.556878467265051e-06,0.0010640504769980907,0.00099981261882931,5.1083043217659e-06,0.00046217007911764085,0.00034072628477588296,0.0007496296893805265,0.2220374345779419,0.278510719537735,0.0007780599989928305,0.0018720895750448108,3.707965515786782e-05,1.3895210940972902e-05,0.0016026594676077366,0.005690581630915403,0.09855091571807861,0.0005162402521818876,0.0031345407478511333,0.00025235535576939583,0.6603751182556152,0.35657548904418945,0.00047056330367922783,0.0006192192668095231,0.005267144646495581,0.010771644301712513,0.05184661224484444,0.09384772926568985,1.927320454342407e-06,1.4990079080234864e-06
242,8089,0,2.817044787661871e-06,0.04859212413430214,0.06328738480806351,0.009429365396499634,0.1845235526561737,0.0626603364944458,5.074950422567781e-06,4.503130810462608e-07,1.366423560966723e-07,0.05561743304133415,0.04989711195230484,0.30878543853759766,0.31401050090789795,0.017065228894352913,0.15340138971805573,0.1712666004896164,0.03514191508293152,0.029163943603634834,0.027385657653212547,0.15685376524925232,0.23330897092819214,0.0161883682012558,0.017465921118855476,9.530311217531562e-06,0.0010656943777576089,0.00106569635681808,5.368921392800985e-06,0.0004890222917310894,0.0003389040066394955,0.0007588316802866757,0.2184125781059265,0.27242177724838257,0.0007442136993631721,0.0018209787085652351,3.731103060999885e-05,1.4015841770742554e-05,0.001601687865331769,0.00562068447470665,0.09511563181877136,0.0005219839513301849,0.0032607922330498695,0.00026605595485307276,0.6496291160583496,0.3542133867740631,0.00046013412065804005,0.0006010173237882555,0.005272026173770428,0.010103360749781132,0.04756946861743927,0.08643018454313278,1.8735680669124122e-06,1.4866293440718437e-06
244,8155,0,2.2627957605436677e-06,0.044738221913576126,0.059477973729372025,0.00951371993869543,0.1936759352684021,0.06345633417367935,4.7750022531545255e-06,4.125422776724008e-07,1.264427282876568e-07,0.05318945273756981,0.048040762543678284,0.3072781264781952,0.31158220767974854,0.014092111960053444,0.18036910891532898,0.1884860098361969,0.028630811721086502,0.02875693142414093,0.0272956695407629,0.15283022820949554,0.2251114696264267,0.01667301170527935,0.017117295414209366,1.0095880497829057e-05,0.0011258136946707964,0.0009354883222840726,5.231658633420011e-06,0.00038064148975536227,0.0003206291876267642,0.0007945880061015487,0.18843333423137665,0.21985450387001038,0.0008062856504693627,0.0016910035628825426,4.160340904491022e-05,1.5504723705817014e-05,0.0015615938464179635,0.005179715808480978,0.10405116528272629,0.0005454416386783123,0.003115959232673049,0.00023965624859556556,0.6063406467437744,0.3549082577228546,0.0004187904123682529,0.0005141453584656119,0.006266085896641016,0.007587244734168053,0.03923281654715538,0.07141081243753433,1.9840558707073797e-06,1.267534230464662e-06
246,8222,0,1.3157238072381006e-06,0.02942107431590557,0.04119504243135452,0.013279902748763561,0.2651878893375397,0.0830935463309288,3.957875378546305e-06,3.4518183156251325e-07,1.2273683580588113e-07,0.038172703236341476,0.03270765393972397,0.3281976580619812,0.3285824954509735,0.014306671917438507,0.17256300151348114,0.18231958150863647,0.02824896015226841,0.026638424023985863,0.024253133684396744,0.12798917293548584,0.16766278445720673,0.024064216762781143,0.022221967577934265,1.0821913747349754e-05,0.0008638127474114299,0.0005281580961309373,4.450784217624459e-06,0.00022725322924088687,0.0002487790770828724,0.0010371877579018474,0.07590395957231522,0.08034034073352814,0.0010405489010736346,0.0014974952209740877,4.9887163186213e-05,1.558336225571111e-05,0.0015549673698842525,0.006984537001699209,0.136633962392807,0.0007002021302469075,0.0022032693959772587,0.00012325370335020125,0.5403037071228027,0.3557089865207672,0.0006202778313308954,0.0008557672263123095,0.010660837404429913,0.008717554621398449,0.03558603301644325,0.07005823403596878,2.0060767838003812e-06,7.656882416995359e-07
248,8289,0,1.0396456673333887e-06,0.006541690323501825,0.007442399859428406,0.12667813897132874,0.43296900391578674,0.2010267972946167,4.6107643356663175e-06,3.2939772154350067e-07,2.002346519702769e-07,0.014913949184119701,0.007172520738095045,0.3875364661216736,0.3869384229183197,0.013559953309595585,0.18195337057113647,0.18971261382102966,0.025671403855085373,0.020321501418948174,0.018339863047003746,0.04511851817369461,0.040170859545469284,0.0507255382835865,0.07745379209518433,1.5753990737721324e-05,0.0006572636775672436,0.0005552734364755452,4.8169017645705026e-06,0.0002690422406885773,0.0003579776966944337,0.0008442866965197027,0.04153991490602493,0.047568365931510925,0.0014294915599748492,0.0014013241743668914,6.808908801758662e-05,2.8661024771281518e-05,0.002343138912692666,0.007390305399894714,0.14511007070541382,0.0009538494050502777,0.0017779810586944222,0.00011217557766940445,0.27522480487823486,0.22839993238449097,0.0011541331186890602,0.0015314755728468299,0.008749522268772125,0.010857462882995605,0.03524589538574219,0.05283033475279808,3.053267619179678e-06,6.934313319106877e-07
250,8356,0,7.543309266111464e-07,0.003546026535332203,0.0024192973505705595,0.22298698127269745,0.4906903803348541,0.3826499581336975,5.549834440898849e-06,2.596985666514229e-07,2.7437275207375933e-07,0.009570240043103695,0.0030401151161640882,0.43822115659713745,0.43311023712158203,0.014454901218414307,0.17659209668636322,0.18214572966098785,0.026384200900793076,0.017173174768686295,0.014374794438481331,0.030527781695127487,0.017063124105334282,0.07802936434745789,0.1383354663848877,2.549906275817193e-05,0.0006682319799438119,0.0005233183037489653,4.5526389840233605e-06,0.00022879421885591,0.0004121573583688587,0.000901327352039516,0.023244572803378105,0.028868667781352997,0.001571587286889553,0.001332906074821949,0.00011604663450270891,6.065348497941159e-05,0.0028649265877902508,0.008629393763840199,0.13960501551628113,0.0010513203451409936,0.0016176954377442598,0.0001364946219837293,0.10611167550086975,0.11248175799846649,0.0010836319997906685,0.0014758461620658636,0.005904202815145254,0.013268092647194862,0.021532218903303146,0.02862851321697235,4.381300641398411e-06,6.559012035722844e-07
252,8423,0,7.432064421664109e-07,0.003996783867478371,0.0037693260237574577,0.1693933606147766,0.5054010152816772,0.34214451909065247,6.0004895203746855e-06,2.2938807830996666e-07,2.6265885821885604e-07,0.010827913880348206,0.003517193952575326,0.44559282064437866,0.436926931142807,0.013859913684427738,0.18007251620292664,0.18577033281326294,0.02463950216770172,0.017040787264704704,0.01426325086504221,0.03447868674993515,0.021077444776892662,0.07246821373701096,0.12190834432840347,2.6988545869244263e-05,0.000682417768985033,0.0005907669547013938,5.001162207918242e-06,0.0002925045555457473,0.0004485594981815666,0.00076587701914832,0.019584069028496742,0.02354254014790058,0.0016123672248795629,0.0015317409997805953,0.0001232285430887714,6.694365583825856e-05,0.0034160565119236708,0.008737640455365181,0.13044072687625885,0.0008369176066480577,0.0016611532773822546,0.00016298366244882345,0.07425305247306824,0.09046290814876556,0.0011426404817029834,0.0014779184712097049,0.0062867519445717335,0.01128309965133667,0.01625378429889679,0.020785678178071976,3.95218376070261e-06,6.85121904098196e-07
254,8490,0,6.000043981657655e-07,0.002162897028028965,0.0014982132706791162,0.2920536994934082,0.5657868385314941,0.47497043013572693,6.392232080543181e-06,2.4329276016032964e-07,2.550411011270626e-07,0.010017609223723412,0.003738525090739131,0.4546695351600647,0.44621407985687256,0.013012010604143143,0.19074676930904388,0.1930418759584427,0.024322345852851868,0.01659408025443554,0.012731923721730709,0.03418391942977905,0.019243553280830383,0.07849887758493423,0.11738438904285431,3.1712334020994604e-05,0.0006470808875747025,0.0006206932011991739,6.363196007441729e-06,0.0002791066071949899,0.0003908817598130554,0.0007817514706403017,0.01474003680050373,0.016804346814751625,0.001932889106683433,0.0012681680964305997,0.000154110137373209,8.539274131180719e-05,0.0031751599162817,0.007948477752506733,0.15749403834342957,0.0011971250642091036,0.0015615173615515232,0.00017739535542204976,0.050747595727443695,0.07047097384929657,0.0009528678492642939,0.0011897319927811623,0.005873972550034523,0.009254314005374908,0.011780664324760437,0.015114366076886654,4.642754447559128e-06,6.142489610283519e-07
256,8557,0,5.384840164879279e-07,0.0017552467761561275,0.0018132110126316547,0.31702157855033875,0.5530649423599243,0.43832775950431824,7.08461948306649e-06,2.3852268782320607e-07,2.7399175905884476e-07,0.008878693915903568,0.003593635046854615,0.45151248574256897,0.43464043736457825,0.011212210170924664,0.21254464983940125,0.2084672451019287,0.021579014137387276,0.01816113479435444,0.01373682077974081,0.03187123313546181,0.021989554166793823,0.09072414040565491,0.12583595514297485,3.710169403348118e-05,0.0009141149930655956,0.0007871811394579709,6.101013241277542e-06,0.0003379454428795725,0.00038271216908469796,0.0006596448947675526,0.016600532457232475,0.01838567666709423,0.0020409361459314823,0.0012471249792724848,0.00020081202092114836,0.00011079190153395757,0.003050183178856969,0.006749600172042847,0.1572025567293167,0.0010445172665640712,0.0015183433424681425,0.00020666369528044015,0.03180260583758354,0.05176648125052452,0.0008646502392366529,0.0009993088897317648,0.007301661651581526,0.008866526186466217,0.007711167447268963,0.010050088167190552,4.5127103476261254e-06,6.27984832135553e-07
258,8623,0,5.06499134189653e-07,0.0017622167943045497,0.001395830069668591,0.33821243047714233,0.577899158000946,0.47846710681915283,7.4708459578687325e-06,2.443955224862293e-07,2.748137433172815e-07,0.007735058665275574,0.003215860342606902,0.46442848443984985,0.45268383622169495,0.009409384801983833,0.23741856217384338,0.2306997925043106,0.020099306479096413,0.017179863527417183,0.011693336069583893,0.030184589326381683,0.017418628558516502,0.09910573810338974,0.13801342248916626,3.662259769043885e-05,0.0008482100674882531,0.0007884533260948956,7.089763130352367e-06,0.00032652265508659184,0.0003724599373526871,0.000649906403850764,0.015038024634122849,0.015529396943747997,0.0022158906795084476,0.0009119083406403661,0.00019070404232479632,0.00011071754124714062,0.002901889616623521,0.005328224040567875,0.18196767568588257,0.0016003827331587672,0.0015245535178110003,0.00020994272199459374,0.03179822117090225,0.05131435766816139,0.0008169155335053802,0.0008564875461161137,0.008003797382116318,0.00710336584597826,0.007991933263838291,0.0098637156188488,4.829403678741073e-06,6.059428301341541e-07
260,8690,0,4.909972517452843e-07,0.0022312060464173555,0.0022289473563432693,0.23860037326812744,0.5358707904815674,0.42554283142089844,6.9401412474690005e-06,1.9267767470410035e-07,2.3351027778062416e-07,0.011829860508441925,0.004279130604118109,0.5173202753067017,0.5016927123069763,0.012509110383689404,0.20127461850643158,0.19899098575115204,0.02186860889196396,0.013641927391290665,0.009338145144283772,0.041591424494981766,0.022736134007573128,0.0701693445444107,0.10343848913908005,3.188709888490848e-05,0.0007817753357812762,0.0007970841834321618,6.655722700088518e-06,0.00038535980274900794,0.00045838323421776295,0.0008428237633779645,0.008682348765432835,0.009571072645485401,0.001996792620047927,0.0010966970585286617,0.00016821963072288781,8.825166150927544e-05,0.003465644083917141,0.007934708148241043,0.1340973973274231,0.0012728124856948853,0.0013742722803726792,0.00023540838446933776,0.03073827736079693,0.04802635684609413,0.001121972338296473,0.001401974237523973,0.00609920360147953,0.007099869195371866,0.008352049626410007,0.011445236392319202,3.7609752325806767e-06,5.59682234779757e-07
262,8757,0,4.5873821363784373e-07,0.0018144500209018588,0.0026386133395135403,0.23685647547245026,0.5727999210357666,0.3773079216480255,6.018927251716377e-06,1.4965681316425616e-07,2.737478155268036e-07,0.010044286958873272,0.0038492591120302677,0.5328896045684814,0.5134508609771729,0.01129430253058672,0.21219031512737274,0.20980790257453918,0.020426876842975616,0.012177303433418274,0.008685491979122162,0.030321652069687843,0.021585870534181595,0.07600117474794388,0.11170758306980133,2.9939337764517404e-05,0.0006565659423358738,0.0007500263163819909,8.077990059973672e-06,0.00038871943252161145,0.0008599470602348447,0.0010036639869213104,0.003279193304479122,0.0039461771957576275,0.0021105329506099224,0.0011129125487059355,0.00013033347204327583,7.726398325758055e-05,0.004642358981072903,0.008390698581933975,0.1363651156425476,0.0016677163075655699,0.0012511714594438672,0.0002822635287884623,0.029591016471385956,0.04225507378578186,0.0013790637021884322,0.0017305630026385188,0.0038570999167859554,0.006090053357183933,0.007992480881512165,0.010358132421970367,3.5558591662265826e-06,4.599547196448839e-07
264,8824,0,4.737946426303097e-07,0.001718772342428565,0.0020102043636143208,0.2692781388759613,0.5622429847717285,0.4028053283691406,6.1455862123693805e-06,1.2419877748470753e-07,2.9308142757145106e-07,0.00854502059519291,0.0038700252771377563,0.5025264024734497,0.47762924432754517,0.010179027915000916,0.22731180489063263,0.22166898846626282,0.018976375460624695,0.014485100284218788,0.009617369621992111,0.02969764918088913,0.019175900146365166,0.08792349696159363,0.10507314652204514,3.005797407240607e-05,0.0006729182205162942,0.0007467854884453118,7.63846946938429e-06,0.0003635930479504168,0.0011457424843683839,0.0009412581566721201,0.0028033892158418894,0.0036396749783307314,0.001711476594209671,0.0009636470349505544,0.00012260954827070236,8.13705992186442e-05,0.006012221332639456,0.008430537767708302,0.110166996717453,0.0018297055503353477,0.0013950385618954897,0.0003277499054092914,0.029834264889359474,0.0331689715385437,0.0013242876157164574,0.0015402290737256408,0.0033799661323428154,0.006599252112209797,0.0062920572236180305,0.0074493177235126495,3.7238648928905604e-06,4.279536938156525e-07
266,8891,0,5.416030148808204e-07,0.002933990443125367,0.0034605790860950947,0.17854410409927368,0.5296436548233032,0.3671056628227234,6.307429885055171e-06,1.2670068372244714e-07,3.091145970302023e-07,0.007665772922337055,0.003965606447309256,0.4744712710380554,0.45556318759918213,0.009336314164102077,0.2368399202823639,0.23247621953487396,0.01836692914366722,0.016207167878746986,0.010838234797120094,0.029436444863677025,0.018670156598091125,0.09530087560415268,0.1054326519370079,3.231419759686105e-05,0.0007101967930793762,0.0005783798987977207,5.858963504579151e-06,0.000258562940871343,0.0010053199948742986,0.0007082964875735343,0.004483841825276613,0.005785285495221615,0.001792339375242591,0.0011314733419567347,0.00013022551138419658,9.254751785192639e-05,0.006029980257153511,0.007240522652864456,0.12220138311386108,0.0013887712266296148,0.0012648046249523759,0.00023113218776416034,0.033258091658353806,0.04289166256785393,0.0013792954850941896,0.0014487374573946,0.004232730716466904,0.007867611944675446,0.008524507284164429,0.009342062287032604,4.56997759101796e-06,5.209330993238837e-07
268,8958,0,5.419879016699269e-07,0.003158990293741226,0.0036102263256907463,0.17252136766910553,0.5283578634262085,0.3656628727912903,6.267878234211821e-06,1.434189158544541e-07,2.861777943508059e-07,0.009949106723070145,0.005173493642359972,0.46629196405410767,0.452033668756485,0.008643082343041897,0.24528484046459198,0.2421763390302658,0.018394671380519867,0.016677286475896835,0.011220221407711506,0.038020309060811996,0.024128951132297516,0.07874806970357895,0.08968282490968704,3.3793254260672256e-05,0.0006957922014407814,0.0005210548406466842,6.2354574765777215e-06,0.00021548682707361877,0.0008748293039388955,0.0005161770968697965,0.00542110949754715,0.006918692495673895,0.0020603116136044264,0.0011859500082209706,0.00013794384722132236,0.00010199477401329204,0.005325732287019491,0.005553210154175758,0.15781362354755402,0.0013128014979884028,0.00116042944137007,0.0001976401690626517,0.0327325277030468,0.04835948720574379,0.001107640564441681,0.001042584073729813,0.004543309099972248,0.007644658908247948,0.00878366082906723,0.008956646546721458,5.256543772702571e-06,5.693586899724323e-07
270,9024,0,5.843834856023022e-07,0.08664417266845703,0.034687139093875885,0.1335994005203247,0.10146784782409668,0.08337872475385666,5.434456397779286e-06,2.697187255762401e-07,1.5284157939277065e-07,0.022096026688814163,0.012966735288500786,0.1705901175737381,0.17334309220314026,0.006598045118153095,0.3404530882835388,0.3284238874912262,0.016806963831186295,0.0892784520983696,0.10223695635795593,0.08224273473024368,0.1751341074705124,0.060077350586652756,0.09692317992448807,9.476387640461326e-05,0.00014440489758271724,0.00041827658424153924,1.4299092981673311e-05,0.0001741119776852429,0.0006141994963400066,0.0002767786500044167,0.03544659912586212,0.0562690906226635,0.004942821804434061,0.001029687118716538,0.00024143597693182528,0.0001804907078621909,0.0008897056104615331,0.0008694908465258777,0.4187566637992859,0.000539295026101172,0.0003819688281510025,9.028074418893084e-05,0.008727164939045906,0.019464682787656784,0.0006558592431247234,0.0006380843697115779,0.017371203750371933,0.04302571713924408,0.015657495707273483,0.015200715512037277,5.259341833152575e-06,9.71750523603987e-07
272,9091,0,3.5285842159282765e-07,0.002460649935528636,0.011807706207036972,0.2676263451576233,0.5381131768226624,0.15133480727672577,5.75394369661808e-06,2.6665216523724666e-07,2.2821785705673392e-07,0.011626515537500381,0.0069032395258545876,0.2538338303565979,0.23146797716617584,0.005349106155335903,0.30612272024154663,0.3017312288284302,0.01759495586156845,0.04212753847241402,0.047112755477428436,0.029399216175079346,0.08301150053739548,0.07751090824604034,0.10655692219734192,7.305483450181782e-05,0.00024490649229846895,0.0003921346506103873,1.6576541383983567e-05,7.430129335261881e-05,0.00039502084837295115,0.000520884757861495,0.01690525747835636,0.019180655479431152,0.003446136601269245,0.0008512755157426,0.000503523915540427,0.0002852074976544827,0.0016951930010691285,0.003641646821051836,0.2534375786781311,0.00132283556740731,0.0005687804659828544,0.00011537160753505304,0.011711545288562775,0.049115248024463654,0.0007295353570953012,0.0008375011966563761,0.00984457042068243,0.010513341054320335,0.0122540183365345,0.016986796632409096,7.775956873956602e-06,7.386826723632112e-07
274,9158,0,5.642903602165461e-07,0.007639353629201651,0.010645553469657898,0.1102488711476326,0.4770115315914154,0.21806304156780243,5.0934090722876135e-06,2.087614348056377e-07,2.6347345283284085e-07,0.007867556065320969,0.004248681478202343,0.35918891429901123,0.36046162247657776,0.005207718349993229,0.30944305658340454,0.3026556968688965,0.015121331438422203,0.02282206155359745,0.02068357728421688,0.024796267971396446,0.036223169416189194,0.09331416338682175,0.1215575784444809,3.97028707084246e-05,0.0002322501823073253,0.0003517486620694399,1.5146472833293956e-05,8.76169724506326e-05,0.0004946360131725669,0.0005439611268229783,0.013787573203444481,0.01704125665128231,0.0022903885692358017,0.0007593792979605496,0.0002324130036868155,0.0001433877769159153,0.0028110940475016832,0.005327979102730751,0.20129312574863434,0.001708251889795065,0.001146329683251679,0.00013388990191742778,0.0358404815196991,0.07567201554775238,0.0006572661804966629,0.0007696988177485764,0.005012997426092625,0.01012561284005642,0.010758349671959877,0.01306665688753128,6.390330327121774e-06,7.335335112657049e-07
276,9225,0,6.046071234777628e-07,0.0031411168165504932,0.002755870809778571,0.20861539244651794,0.5345245599746704,0.36871206760406494,5.5558234635100234e-06,2.155707221618286e-07,2.566228261002834e-07,0.009083559736609459,0.005240499507635832,0.3971729576587677,0.3948521018028259,0.006914938800036907,0.2694450318813324,0.2648509740829468,0.017222005873918533,0.020944785326719284,0.015744933858513832,0.03413784131407738,0.03140338510274887,0.0812697559595108,0.09298823773860931,3.337230737088248e-05,0.0003643628442659974,0.00043694727355614305,1.1432568499003537e-05,0.0001351859827991575,0.0006082156323827803,0.0005868235020898283,0.011214880272746086,0.014093649573624134,0.0019501268398016691,0.001016290974803269,0.00016647491429466754,0.00010672266944311559,0.004027619957923889,0.006934134289622307,0.16429555416107178,0.0014199217548593879,0.0016010190593078732,0.00017387141997460276,0.04998546838760376,0.07116306573152542,0.0006506293429993093,0.0007070606807246804,0.004332787357270718,0.008838899433612823,0.008102650754153728,0.008887918666005135,5.705764124286361e-06,6.246167458812124e-07
278,9292,0,6.90806984948722e-07,0.0043803188018500805,0.0033974936231970787,0.18139563500881195,0.47497713565826416,0.3542736768722534,5.947914360149298e-06,1.9420608055042976e-07,2.3959898953762604e-07,0.009881563484668732,0.005409295670688152,0.4102325737476349,0.4045383036136627,0.007553386501967907,0.2594848573207855,0.25514617562294006,0.01712874136865139,0.020368212834000587,0.01443442888557911,0.03969139978289604,0.02818720042705536,0.07793042808771133,0.08352458477020264,3.202594234608114e-05,0.00044586180592887104,0.00043150890269316733,8.520118171873037e-06,0.0001666545431362465,0.0005921080592088401,0.0006028624484315515,0.01005485188215971,0.012623023241758347,0.0020130914635956287,0.001264809863641858,0.00014112710778135806,8.654873818159103e-05,0.004278200212866068,0.007448574062436819,0.16113294661045074,0.0011529788607731462,0.001297052833251655,0.0001509656140115112,0.0506037175655365,0.07732278108596802,0.0010034311562776566,0.001133256359025836,0.0049203368835151196,0.009650709107518196,0.010214250534772873,0.011240279302001,5.526721906790044e-06,6.38079200143693e-07
280,9359,0,7.139349236240378e-07,0.004764962941408157,0.003612350672483444,0.1734645515680313,0.47295281291007996,0.3725755214691162,6.297957042988855e-06,2.034971089415194e-07,2.5572620643288246e-07,0.010256998240947723,0.005565421190112829,0.41338056325912476,0.4080948233604431,0.007647350430488586,0.2607516050338745,0.2550783157348633,0.016674401238560677,0.019739391282200813,0.013860936276614666,0.042395301163196564,0.028224490582942963,0.07507108896970749,0.0809866413474083,3.4152766602346674e-05,0.0005164947942830622,0.0004441671189852059,7.399161859211745e-06,0.00017305550863966346,0.0005544814630411565,0.0005624267505481839,0.011877300217747688,0.014965182170271873,0.0020960404071956873,0.0011126082390546799,0.00015167884703259915,9.534797572996467e-05,0.00399958249181509,0.0066950758919119835,0.17065750062465668,0.001260344753973186,0.0012307696742936969,0.00013900172780267894,0.04410422593355179,0.07338476181030273,0.001064562937244773,0.001196779659949243,0.005561144556850195,0.011263382621109486,0.010279085487127304,0.011138677597045898,5.9822859839187e-06,7.058030746520672e-07
282,9426,0,6.366082629938319e-07,0.004256950691342354,0.0032575950026512146,0.18731315433979034,0.4711301326751709,0.3867030441761017,6.2352373788598925e-06,1.795698381101829e-07,2.4174801183107775e-07,0.009441301226615906,0.00581090385094285,0.4220992624759674,0.4134677052497864,0.009089154191315174,0.23452194035053253,0.23199287056922913,0.018797410652041435,0.01939951628446579,0.01316611748188734,0.040851641446352005,0.02646826207637787,0.08085151016712189,0.07715032249689102,3.3899545087479055e-05,0.0005884794518351555,0.00045545308967120945,6.701818165311124e-06,0.0001723848981782794,0.000548193056602031,0.0005692840786650777,0.009959540329873562,0.012286183424293995,0.002071984810754657,0.0012212319998070598,0.00015738990623503923,9.645919635659084e-05,0.004062309395521879,0.006723287981003523,0.16778457164764404,0.0011673398548737168,0.0011924846330657601,0.00014945940347388387,0.03967692330479622,0.06573271006345749,0.0010168711887672544,0.0011118724942207336,0.00541693577542901,0.009637989103794098,0.009238134138286114,0.010273722000420094,5.825967036798829e-06,6.393674993887544e-07
284,9492,0,5.612349696093588e-07,0.004208539612591267,0.0033254208974540234,0.18390661478042603,0.47332510352134705,0.3825549781322479,6.047655006113928e-06,1.5726647006886196e-07,2.3815445615582576e-07,0.00919322855770588,0.005597731098532677,0.4178992509841919,0.41011905670166016,0.008749249391257763,0.2383369505405426,0.2352273017168045,0.018300900235772133,0.019314449280500412,0.013370825909078121,0.04030381888151169,0.025870563462376595,0.08282769471406937,0.07918998599052429,3.137838575639762e-05,0.0006968114757910371,0.0005383884999901056,6.778217084502103e-06,0.00020120013505220413,0.0005631272215396166,0.0005951581988483667,0.00708810007199645,0.008473075926303864,0.0020960604306310415,0.0012647520052269101,0.00016135198529809713,9.940104064298794e-05,0.003954592160880566,0.006180527154356241,0.19310379028320312,0.0012347949668765068,0.0013484848896041512,0.00018495801487006247,0.03584779053926468,0.05411810055375099,0.000720081792678684,0.0007369958912022412,0.004582545254379511,0.006651075556874275,0.006437662988901138,0.007437998428940773,5.236245669948403e-06,5.551133881454007e-07
286,9559,0,5.800923759124998e-07,0.005027579143643379,0.005037072114646435,0.12912076711654663,0.46243587136268616,0.33190563321113586,6.751713954145089e-06,1.3555857947267214e-07,2.395807143784623e-07,0.009161744266748428,0.005795291159301996,0.39112409949302673,0.37787485122680664,0.008543727919459343,0.2357366979122162,0.23329484462738037,0.018033822998404503,0.021990517154335976,0.015103360638022423,0.045689914375543594,0.026151573285460472,0.08483467996120453,0.07120402902364731,3.251273665227927e-05,0.0007767791976220906,0.0006308288429863751,6.6509892349131405e-06,0.00023464490368496627,0.0006232124869711697,0.0005875062779523432,0.006551735568791628,0.007806827314198017,0.0020103920251131058,0.00135232659522444,0.00017995508096646518,0.00011247032671235502,0.00453508086502552,0.006697626318782568,0.17791847884655,0.0010383945191279054,0.0015551774995401502,0.00020574239897541702,0.031388696283102036,0.04531652852892876,0.0006858948618173599,0.0006736612995155156,0.004763047676533461,0.00615316117182374,0.00482635572552681,0.00552910752594471,4.77194726045127e-06,5.508858862413035e-07
288,9626,0,7.580505894111411e-07,0.011715056374669075,0.010603969916701317,0.06255806237459183,0.37234067916870117,0.2628665268421173,7.076328074617777e-06,1.1746664085876546e-07,2.6591243340590154e-07,0.00806685071438551,0.004500651732087135,0.3375357687473297,0.3354138433933258,0.007892264984548092,0.23684656620025635,0.2383810430765152,0.01775425858795643,0.025318678468465805,0.01842533051967621,0.04205451160669327,0.0233625341206789,0.08882876485586166,0.08179496228694916,2.691367444640491e-05,0.0007641889969818294,0.0007284933235496283,6.62436468701344e-06,0.00031451202812604606,0.0008016763022169471,0.0006235095206648111,0.005430915858596563,0.006671436131000519,0.0016811544774100184,0.0011581550352275372,0.00013934265007264912,8.991071081254631e-05,0.0064028166234493256,0.0076093473471701145,0.13315349817276,0.0011929258471354842,0.001886592130176723,0.0002589231007732451,0.03761027008295059,0.04441118612885475,0.000846364360768348,0.0008022724068723619,0.004847893491387367,0.005783235188573599,0.004322591703385115,0.0047532860189676285,3.671411377581535e-06,5.839901291437855e-07
290,9693,0,8.031286711229768e-07,0.010653209872543812,0.009798860177397728,0.07065405696630478,0.3922621011734009,0.27245384454727173,6.672220933978679e-06,1.378014218289536e-07,2.917431345395016e-07,0.008129832334816456,0.004258121829479933,0.35182514786720276,0.347188264131546,0.006915453355759382,0.2601960301399231,0.25937724113464355,0.01616569794714451,0.024093927815556526,0.017348842695355415,0.0375496968626976,0.022352399304509163,0.0884939655661583,0.08909408748149872,2.8874268537038006e-05,0.0006207397091202438,0.0005852252361364663,7.672908395761624e-06,0.00024012030917219818,0.0008738109609112144,0.0005287665408104658,0.00614699674770236,0.007900441996753216,0.002080540871247649,0.0010453569702804089,0.00013367048813961446,9.631516877561808e-05,0.005887199658900499,0.0059453267604112625,0.1768297255039215,0.0014587431214749813,0.0016215868527069688,0.0001948335557244718,0.03977729380130768,0.05722663924098015,0.0008778056944720447,0.0008052908815443516,0.004740765318274498,0.006957924924790859,0.005667323246598244,0.005852837581187487,4.705965238827048e-06,6.257931204345368e-07
292,9760,0,7.837943485355936e-07,0.01033789198845625,0.008555376902222633,0.07379928231239319,0.3943738639354706,0.2991127073764801,6.476808721345151e-06,1.383633332352474e-07,2.763957525075966e-07,0.008120126090943813,0.004455190617591143,0.3535999059677124,0.35247817635536194,0.006515343673527241,0.26944079995155334,0.2684394419193268,0.015699567273259163,0.023931346833705902,0.0170129407197237,0.03761715441942215,0.0226355642080307,0.08908689767122269,0.08724864572286606,2.8035503419232555e-05,0.0006256456254050136,0.0005521082784980536,7.63272419135319e-06,0.00022732671641279012,0.0008058362873271108,0.0005342353833839297,0.0058268094435334206,0.007376987021416426,0.002235961612313986,0.0011135166278108954,0.00012928876094520092,8.973529475042596e-05,0.005303613375872374,0.005743136163800955,0.20031830668449402,0.0014598298585042357,0.0015155179426074028,0.00018606142839416862,0.0410974882543087,0.06087245047092438,0.0008263638010248542,0.0007619703537784517,0.004576684441417456,0.006515976507216692,0.005891396198421717,0.006161234807223082,4.865151367994258e-06,6.067767230888421e-07
294,9827,0,6.803842893532419e-07,0.005710627883672714,0.005035272799432278,0.13920128345489502,0.43738311529159546,0.3247206211090088,6.137282070994843e-06,1.6376223754832608e-07,2.6274403808201896e-07,0.008519572205841541,0.004458158742636442,0.37988364696502686,0.37346893548965454,0.009257554076611996,0.20367707312107086,0.22269919514656067,0.02276059426367283,0.0223524272441864,0.01539013534784317,0.03779192268848419,0.023044634610414505,0.08568677306175232,0.09315166622400284,2.8679121896857396e-05,0.0005729068070650101,0.000532284495420754,8.382245141547173e-06,0.00020641654555220157,0.0007937117479741573,0.0005656515713781118,0.005894071888178587,0.007335673552006483,0.0022482459899038076,0.0011549651389941573,0.00013254430086817592,9.101149043999612e-05,0.00503407372161746,0.005838784389197826,0.20895186066627502,0.0015431046485900879,0.0015015369281172752,0.00017847746494226158,0.04259778559207916,0.06263606250286102,0.0007833946729078889,0.0007467026589438319,0.004369188565760851,0.006461361888796091,0.006132695823907852,0.006544991862028837,4.916461875836831e-06,5.830663667438785e-07
296,9893,0,6.102656584516808e-07,0.005067962687462568,0.004754653666168451,0.1418456733226776,0.43746960163116455,0.32012537121772766,5.989729743305361e-06,1.690066682158431e-07,2.3912738811304735e-07,0.008508594706654549,0.004570038523525,0.40450817346572876,0.3915647566318512,0.017202196642756462,0.1338019222021103,0.15650992095470428,0.03275914862751961,0.02104855701327324,0.014354844577610493,0.04047483205795288,0.02432408556342125,0.08594177663326263,0.09251384437084198,2.7680682251229882e-05,0.0005859798984602094,0.0005590907530859113,8.085188710538205e-06,0.00021895654208492488,0.0007370980456471443,0.0006026311893947423,0.006627674680203199,0.008050159551203251,0.002102387137711048,0.0011235285783186555,0.0001429426047252491,9.282681276090443e-05,0.004821798298507929,0.006289878394454718,0.19321280717849731,0.0014796273317188025,0.0015384129947051406,0.00017639462021179497,0.04030242934823036,0.05778789147734642,0.000793464423622936,0.0007861421909183264,0.00475039379671216,0.006605531554669142,0.005857877898961306,0.006357178557664156,4.539346718956949e-06,5.557474196393741e-07
298,9960,0,6.3045592924027e-07,0.005192572250962257,0.005098947789520025,0.1326732039451599,0.44060951471328735,0.3107021450996399,5.740909728046972e-06,1.7135786833932798e-07,2.4269721166092495e-07,0.008636625483632088,0.004829192068427801,0.41155505180358887,0.39928871393203735,0.018066531047225,0.12622444331645966,0.152280792593956,0.03489365801215172,0.020294738933444023,0.013780275359749794,0.04007035493850708,0.02587742917239666,0.08465851098299026,0.08820077031850815,2.540689820307307e-05,0.0005631981766782701,0.0005743729416280985,8.523449650965631e-06,0.00022877611627336591,0.0007915307651273906,0.000603002670686692,0.006913273129612207,0.008542084135115147,0.0019025021465495229,0.001118845189921558,0.00012779817916452885,8.565738244215026e-05,0.00503974175080657,0.006444226484745741,0.1904745101928711,0.001472531002946198,0.0017986702732741833,0.0001815861469367519,0.04784731939435005,0.05788579210639,0.0007148130680434406,0.0007085669203661382,0.004362823441624641,0.006666246335953474,0.005164560861885548,0.005690117832273245,4.220779828756349e-06,5.597511290034163e-07
300,10027,0,6.838066042291757e-07,0.009027676656842232,0.00976161565631628,0.06578753888607025,0.4180128872394562,0.2677519619464874,5.418037289928179e-06,1.601101757842116e-07,2.5411947035536286e-07,0.008866622112691402,0.004761374089866877,0.40697675943374634,0.4014236629009247,0.01851002685725689,0.12024673819541931,0.1511058360338211,0.03627704083919525,0.02031060680747032,0.014517463743686676,0.038885269314050674,0.02751239761710167,0.08540239185094833,0.09076332300901413,2.449594103381969e-05,0.0005545346066355705,0.0004961679223924875,7.84382973506581e-06,0.00020208624482620507,0.000757665082346648,0.000505918578710407,0.007870534434914589,0.009897774085402489,0.0020281649194657803,0.001233029062859714,0.00011417169298510998,7.89250698289834e-05,0.004799526650458574,0.00583296362310648,0.20878246426582336,0.001255800249055028,0.0016284200828522444,0.00015963635814841837,0.049730051308870316,0.0645335242152214,0.0007485739188268781,0.0007315338007174432,0.004612475633621216,0.007475700695067644,0.005553916096687317,0.00601896783336997,4.268883913027821e-06,6.323539309960324e-07
302,10094,0,7.068222203088226e-07,0.008722875267267227,0.00955294445157051,0.07051393389701843,0.42541202902793884,0.2818387448787689,5.835865522385575e-06,1.7889585990360501e-07,2.864617840714345e-07,0.009222940541803837,0.005172258708626032,0.421650767326355,0.41731417179107666,0.019520850852131844,0.11682673543691635,0.14795111119747162,0.03788672760128975,0.0190776027739048,0.013629556633532047,0.03904522955417633,0.027626201510429382,0.08506280928850174,0.08848165720701218,2.988844244100619e-05,0.0005430727615021169,0.0004429525579325855,7.650608495168854e-06,0.00017094123177230358,0.0007777228020131588,0.00037621715455316007,0.009339269250631332,0.012507890351116657,0.002344047650694847,0.001288121216930449,0.00012996996520087123,0.00010540925723034889,0.004638762678951025,0.004619807004928589,0.24102230370044708,0.0011456272331997752,0.0014195911353453994,0.0001270654465770349,0.041674718260765076,0.06674505770206451,0.0008532232604920864,0.0007798668229952455,0.004759748931974173,0.010271796956658363,0.006855760235339403,0.0064819310791790485,5.448946012620581e-06,7.469233196388814e-07
304,10161,0,6.581569209629379e-07,0.008896095678210258,0.011009027250111103,0.06449274718761444,0.4265419542789459,0.2686683237552643,5.129226792632835e-06,1.7488632408912963e-07,2.728957326780801e-07,0.009562147781252861,0.0051101017743349075,0.42333000898361206,0.4195944666862488,0.024414507672190666,0.09718656539916992,0.12715627253055573,0.04431329667568207,0.018411757424473763,0.013935664668679237,0.036851536482572556,0.028833815827965736,0.08265015482902527,0.09182272106409073,2.7248501282883808e-05,0.00052559410687536,0.0004182652337476611,7.87344924901845e-06,0.00016150146257132292,0.0006748848245479167,0.0003595016314648092,0.00920956488698721,0.012185766361653805,0.0023800055496394634,0.001364953932352364,0.0001204802974825725,9.04171247384511e-05,0.004102096892893314,0.004643694497644901,0.2551342844963074,0.0011037907097488642,0.0012753998162224889,0.0001279353309655562,0.041249748319387436,0.06935565173625946,0.0007785669877193868,0.0007502799853682518,0.004752167966216803,0.010237712413072586,0.006640559062361717,0.006747148465365171,5.283180144033395e-06,7.086418918333948e-07
306,10228,0,6.637694127675786e-07,0.008769125677645206,0.009499378502368927,0.08275289833545685,0.4175873398780823,0.276499480009079,5.100000180391362e-06,1.8364055165420723e-07,2.727214223341434e-07,0.010204392485320568,0.0055642337538301945,0.43305379152297974,0.43185561895370483,0.023783622309565544,0.10116679221391678,0.12940648198127747,0.042757123708724976,0.017255587503314018,0.013339529745280743,0.03648809343576431,0.029556039720773697,0.07701510936021805,0.08674420416355133,2.856611718016211e-05,0.0005359385977499187,0.0004086373373866081,7.437655312969582e-06,0.0001565667917020619,0.000677036470733583,0.00034357700496912,0.009728853590786457,0.013058856129646301,0.0024326492566615343,0.00140129413921386,0.00012396373494993895,9.633969602873549e-05,0.003969018813222647,0.004304205998778343,0.2649579346179962,0.0010596218053251505,0.0012635125312954187,0.00012191355926916003,0.041201312094926834,0.07059174031019211,0.0007794878911226988,0.0007314751273952425,0.004681529011577368,0.010654849000275135,0.007376410532742739,0.0071093179285526276,5.6415447033941746e-06,7.287168841685343e-07
308,10295,0,6.517261113003769e-07,0.007981867529451847,0.008542893454432487,0.08876196295022964,0.4241029918193817,0.2819020748138428,5.012440396967577e-06,1.8303802562513738e-07,2.635254645610985e-07,0.01067900750786066,0.006132605951279402,0.43774130940437317,0.43519893288612366,0.025204060599207878,0.09743126481771469,0.12359780073165894,0.04377768561244011,0.016949908807873726,0.012944735586643219,0.038674432784318924,0.03245164081454277,0.07333087176084518,0.0795549526810646,2.808385579555761e-05,0.0005350015126168728,0.0004125901614315808,7.482788987545064e-06,0.00015875970711931586,0.0007168329902924597,0.00037992134457454085,0.008738656528294086,0.011991464532911777,0.0023741810582578182,0.001362714683637023,0.00012105840141884983,9.419969865120947e-05,0.003968624398112297,0.004560914821922779,0.25873854756355286,0.0010948270792141557,0.0013029334368184209,0.0001263498270418495,0.041636183857917786,0.0682845264673233,0.0007600369863212109,0.0007324789767153561,0.004176869057118893,0.010769281536340714,0.006977916229516268,0.006746241357177496,5.515012162504718e-06,7.07564083768375e-07
310,10361,0,6.304306907622959e-07,0.006653986871242523,0.006876719184219837,0.10960540920495987,0.43295952677726746,0.2888627350330353,5.209925348026445e-06,1.7645542982336337e-07,2.806086172313371e-07,0.010689088143408298,0.0061145019717514515,0.4359893798828125,0.4305957555770874,0.017567778006196022,0.14038996398448944,0.15547224879264832,0.030932217836380005,0.01719018816947937,0.013440893962979317,0.038223035633563995,0.03081715665757656,0.07421078532934189,0.07938707619905472,3.2732779800426215e-05,0.000584782799705863,0.00041723361937329173,7.111852028174326e-06,0.0001524799008620903,0.0007455042214132845,0.00034209818113595247,0.00841271411627531,0.01195438951253891,0.0026059108786284924,0.0014844347024336457,0.00013617922377306968,0.00011333246220601723,0.003913319669663906,0.003938967827707529,0.2680503726005554,0.0009799853432923555,0.0011965021258220077,0.00013056957686785609,0.035129185765981674,0.06235084310173988,0.0007427630480378866,0.0006605214439332485,0.004072156269103289,0.011202127672731876,0.007180637214332819,0.006400162819772959,6.426179425034206e-06,6.964946805965155e-07
312,10428,0,6.158003316159011e-07,0.006357765756547451,0.006894513498991728,0.11244150251150131,0.4473036825656891,0.2889288365840912,4.84340671391692e-06,1.810752507935831e-07,2.821012969889125e-07,0.010612058453261852,0.005699718836694956,0.43894580006599426,0.43528953194618225,0.014664536342024803,0.1647185981273651,0.17510713636875153,0.026615696027874947,0.01685984432697296,0.013750044628977776,0.03567076101899147,0.030053112655878067,0.0750083178281784,0.08793793618679047,3.127802847302519e-05,0.0005852481699548662,0.00039967612246982753,7.059113158902619e-06,0.00015645545499864966,0.0006591600249521434,0.0003529242821969092,0.008957075886428356,0.012170257046818733,0.0027912466321140528,0.0014826887054368854,0.0001242009602719918,9.875067189568654e-05,0.003453131066635251,0.0037819617427885532,0.30357205867767334,0.0010545070981606841,0.0011379984207451344,0.00011924261343665421,0.03795763477683067,0.06529340147972107,0.0007181468536145985,0.0006577959866262972,0.00434567965567112,0.01068142056465149,0.007170259486883879,0.006790770683437586,6.355815003189491e-06,6.621805823670002e-07
314,10495,0,5.54819621356728e-07,0.004618853330612183,0.003987873904407024,0.17691285908222198,0.4653606414794922,0.3363078534603119,4.945839918946149e-06,1.7531297658024414e-07,2.690505027658219e-07,0.010137798264622688,0.005430333781987429,0.4417489171028137,0.4375212788581848,0.013124815188348293,0.18469388782978058,0.18977677822113037,0.024132482707500458,0.016711683943867683,0.013152792118489742,0.032887935638427734,0.025682300329208374,0.07519733160734177,0.09112398326396942,3.473079777904786e-05,0.0005716678570024669,0.00037218292709439993,6.321750333881937e-06,0.00014729349641129375,0.0006446467596106231,0.0004389087262097746,0.008406185545027256,0.010902958922088146,0.002681403886526823,0.001417382387444377,0.00012535772111732513,9.505230991635472e-05,0.0035539930686354637,0.00419308478012681,0.2575373351573944,0.001127135707065463,0.0009432116057723761,0.00011780535714933649,0.03453588858246803,0.06150529161095619,0.0010135232005268335,0.0009723646217025816,0.005028172861784697,0.010495137423276901,0.008442088961601257,0.008458390831947327,6.535186912515201e-06,6.000587973176152e-07
316,10562,0,5.969628773527802e-07,0.003660049522295594,0.0033329445868730545,0.19392357766628265,0.49728795886039734,0.36027124524116516,5.102918748889351e-06,1.7863845869214856e-07,3.100469712080667e-07,0.010466468520462513,0.005804899148643017,0.45751363039016724,0.45070087909698486,0.012299071066081524,0.19306248426437378,0.19731256365776062,0.023655254393815994,0.015927543863654137,0.012070560827851295,0.03541860356926918,0.024299001321196556,0.07468197494745255,0.0860532745718956,3.520068639772944e-05,0.0005731258424930274,0.00034811306977644563,6.3210513872036245e-06,0.00013738356938119978,0.0008545275195501745,0.0003916388959623873,0.007207938004285097,0.010129098780453205,0.0026275485288351774,0.0015167068922892213,0.00011080921831307933,0.00010016892338171601,0.0041365777142345905,0.003830561414361,0.26398223638534546,0.001158895087428391,0.0009851044742390513,0.00012264488032087684,0.03999904915690422,0.06613361090421677,0.0010202164994552732,0.0008940659463405609,0.004031545482575893,0.011586294509470463,0.009903131052851677,0.00861219223588705,7.495623776776483e-06,6.420774525395245e-07
318,10629,0,6.1790109384674e-07,0.0037181670777499676,0.00342081137932837,0.18724137544631958,0.4968593418598175,0.3527423143386841,5.1716651796596125e-06,1.755503831191163e-07,3.1472234240936814e-07,0.010128050111234188,0.005719409324228764,0.457235723733902,0.4489456117153168,0.012107079848647118,0.19373656809329987,0.19752837717533112,0.023453161120414734,0.016003506258130074,0.01186126098036766,0.03558807447552681,0.023458795621991158,0.07648498564958572,0.08489814400672913,3.2768355595180765e-05,0.0005777776823379099,0.00035936562926508486,6.32854880677769e-06,0.00014063062553759664,0.0009102022740989923,0.0004235095111653209,0.0071877725422382355,0.009946734644472599,0.0023769643157720566,0.0013797427527606487,0.00010827305959537625,9.803301509236917e-05,0.004679156932979822,0.004201177973300219,0.24510130286216736,0.0012975236168131232,0.0011377186747267842,0.00013011677947361022,0.046283770352602005,0.06836831569671631,0.0009687841520644724,0.0008446965948678553,0.003938713110983372,0.010403786785900593,0.00946817547082901,0.008517006412148476,7.201897915365407e-06,6.303675377239415e-07
320,10696,0,6.302437327576627e-07,0.0034303697757422924,0.003335135756060481,0.18930299580097198,0.5105988383293152,0.3524028956890106,5.240047357801814e-06,1.7916615036028816e-07,3.2832139140737127e-07,0.010347189381718636,0.006035158410668373,0.4620618522167206,0.4527471959590912,0.011520600877702236,0.20205041766166687,0.20396050810813904,0.02235538512468338,0.015698248520493507,0.011465393006801605,0.03639020770788193,0.02388148009777069,0.07565584033727646,0.08022115379571915,3.324857971165329e-05,0.0005884693819098175,0.0003829468332696706,6.62092270431458e-06,0.00014727481175214052,0.000954965129494667,0.0003946879296563566,0.007385700475424528,0.010589147917926311,0.0023376978933811188,0.001406566589139402,0.000111143417598214,0.00010584306437522173,0.004663721192628145,0.004000884015113115,0.24777013063430786,0.0012508116196841002,0.0012577436864376068,0.00013725786993745714,0.04773050919175148,0.06694105267524719,0.0008459865930490196,0.0007229849579744041,0.00349441054277122,0.010825011879205704,0.009238844737410545,0.008033053949475288,7.401638868032023e-06,6.480193519564637e-07
322,10763,0,6.342104370560264e-07,0.004162688739597797,0.0044339122250676155,0.15444211661815643,0.5020298957824707,0.32747265696525574,4.985433406545781e-06,1.6308101180584345e-07,3.1731025273984415e-07,0.010413561016321182,0.006263553164899349,0.46901360154151917,0.46082985401153564,0.011125752702355385,0.20400789380073547,0.2077728658914566,0.021996067836880684,0.015226904302835464,0.01104991976171732,0.037275251001119614,0.02477431856095791,0.07539593428373337,0.07773920148611069,3.075236236327328e-05,0.0005550583591684699,0.0003701485402416438,6.80719949741615e-06,0.00014696073776576668,0.0009690962033346295,0.0004042274667881429,0.006235955748707056,0.008970582857728004,0.0023369716946035624,0.0013674318324774504,0.00010187948646489531,9.295445488533005e-05,0.004734425339847803,0.004170515574514866,0.23843833804130554,0.001328732236288488,0.0011538363760337234,0.00014295925211627036,0.047761667519807816,0.06921406090259552,0.0008879195083864033,0.000788350822404027,0.0032981899566948414,0.010317695327103138,0.00957919005304575,0.008624568581581116,7.0160781433514785e-06,6.475535201388993e-07
324,10829,0,5.911626317356422e-07,0.004143737722188234,0.004313162062317133,0.16030815243721008,0.5002641677856445,0.3319658637046814,5.194441655476112e-06,1.5558524069092527e-07,3.183529599937174e-07,0.010403468273580074,0.006134785246104002,0.4711635708808899,0.46500200033187866,0.010225267149508,0.21519950032234192,0.21834421157836914,0.021087205037474632,0.015033257193863392,0.010887250304222107,0.03711657598614693,0.02516877092421055,0.07609544694423676,0.08101516962051392,3.312258922960609e-05,0.0005900225369259715,0.00038945331471040845,6.7271944317326415e-06,0.0001607003650860861,0.001053293701261282,0.00040771529893390834,0.004817374981939793,0.00683338800445199,0.002576502738520503,0.0013803191250190139,0.0001090937657863833,0.00010310830839443952,0.004717319272458553,0.003760966472327709,0.262645959854126,0.0014013200998306274,0.0010690336348488927,0.0001446531096007675,0.03946097195148468,0.059988848865032196,0.0009193162550218403,0.0007785302586853504,0.0032035396434366703,0.009045307524502277,0.009495247155427933,0.008199287578463554,6.9048023760842625e-06,6.195408559506177e-07
326,10896,0,5.813273560306698e-07,0.00411650026217103,0.004343400243669748,0.16045215725898743,0.5032471418380737,0.3321572542190552,5.4092242862679996e-06,1.5538267916781479e-07,3.078152417401725e-07,0.009909763932228088,0.0065700034610927105,0.47046560049057007,0.46326419711112976,0.010066824965178967,0.2179735153913498,0.22019627690315247,0.020915230736136436,0.015438128262758255,0.010821194387972355,0.03759032115340233,0.026209015399217606,0.07989675551652908,0.07690586894750595,3.433332312852144e-05,0.0006304362905211747,0.00040467295912094414,6.541266429849202e-06,0.0001692201039986685,0.0009668957209214568,0.00040027781506069005,0.005078034941107035,0.006888531614094973,0.0026763437781482935,0.0013422908959910274,0.00011549213377293199,0.00010711028153309599,0.004632100462913513,0.0036802482791244984,0.2659327983856201,0.0014090898912400007,0.0010409123497083783,0.0001409172109561041,0.03630498796701431,0.05735558643937111,0.0009555889992043376,0.0008002737886272371,0.0036177299916744232,0.008583378978073597,0.00916058849543333,0.008144699037075043,6.825160198786762e-06,6.187260623846669e-07
328,10963,0,5.37583503046335e-07,0.0028274552896618843,0.0033142254687845707,0.19087441265583038,0.5529816150665283,0.36336949467658997,5.345914814824937e-06,1.7062616564089694e-07,3.0803312256466597e-07,0.010076046921312809,0.006613694131374359,0.47140538692474365,0.46457716822624207,0.009165567345917225,0.2384800761938095,0.23529687523841858,0.01895739883184433,0.015332558192312717,0.011100191622972488,0.03548585623502731,0.029009733349084854,0.07686571031808853,0.07962155342102051,3.652009763754904e-05,0.0006250597652979195,0.0003916913701687008,6.702680821035756e-06,0.000157444374053739,0.000889751419890672,0.0003974504361394793,0.006023353431373835,0.007788215298205614,0.002675245516002178,0.0013692392967641354,0.0001224259176524356,0.00010850799299078062,0.004523523151874542,0.003855537623167038,0.2561788260936737,0.0013320824364200234,0.0010026943637058139,0.00013448078243527561,0.03590830788016319,0.058661527931690216,0.0010081494692713022,0.0008452864130958915,0.004324361216276884,0.008597392588853836,0.00911259837448597,0.008391129784286022,6.951654086151393e-06,6.003965040690673e-07
330,11030,0,4.975511842530977e-07,0.002741116564720869,0.002954403404146433,0.21588130295276642,0.542743980884552,0.377030611038208,5.3755716180603486e-06,1.5905155237305735e-07,2.809074430842884e-07,0.011368042789399624,0.007223057094961405,0.47780609130859375,0.4702885150909424,0.00937263760715723,0.23327180743217468,0.232107475399971,0.019925996661186218,0.015246201306581497,0.010583867318928242,0.03856521099805832,0.028845224529504776,0.0710584819316864,0.07465822994709015,3.7694604543503374e-05,0.0005916556110605597,0.00036153147812001407,6.371691142703639e-06,0.0001479711791034788,0.0008823768002912402,0.00045015697833150625,0.004941304214298725,0.006254750303924084,0.0027877159882336855,0.0013287037145346403,0.00012298637011554092,0.00010291705984855071,0.0045631821267306805,0.004193515051156282,0.24393466114997864,0.0014276271685957909,0.0008334997692145407,0.0001300991716561839,0.032115042209625244,0.055954549461603165,0.001234083087183535,0.001084253191947937,0.00451499130576849,0.00815030187368393,0.010052848607301712,0.009728576987981796,6.914113328093663e-06,5.701378427147574e-07
332,11097,0,5.33743047981261e-07,0.0037374577950686216,0.0034242363180965185,0.18478111922740936,0.5143783092498779,0.36810174584388733,5.437479103420628e-06,1.5405355213715666e-07,2.7360687226973823e-07,0.011064414866268635,0.007084487471729517,0.4691261351108551,0.4654301702976227,0.008179042488336563,0.2535179555416107,0.2501400411128998,0.017836587503552437,0.015691250562667847,0.010781719349324703,0.036391016095876694,0.02920861728489399,0.07169579714536667,0.0755581334233284,3.7023757613496855e-05,0.0005482239066623151,0.00036911622737534344,6.415279585780809e-06,0.0001558291114633903,0.0008344578091055155,0.000491176382638514,0.005268881097435951,0.006661072839051485,0.002628627000376582,0.0012106623034924269,0.00012207188410684466,9.890031651593745e-05,0.004706212319433689,0.004764786921441555,0.2136835902929306,0.0014623426832258701,0.0008540285052731633,0.0001344034681096673,0.03252238780260086,0.05588448420166969,0.0013458733446896076,0.0012754600029438734,0.004661218728870153,0.008775722235441208,0.010333575308322906,0.010504376143217087,6.488852250186028e-06,5.895850563319982e-07
334,11164,0,5.71687394312903e-07,0.005231539253145456,0.004823173861950636,0.16244155168533325,0.47009173035621643,0.32076501846313477,5.247548415354686e-06,1.526893385062067e-07,2.564904377777566e-07,0.011413066647946835,0.00789915956556797,0.45907115936279297,0.45496872067451477,0.007741180714219809,0.25627073645591736,0.25387588143348694,0.017784927040338516,0.01626237854361534,0.010815223678946495,0.03988906741142273,0.031091060489416122,0.07081164419651031,0.06598451733589172,3.520035170367919e-05,0.0004647638415917754,0.00036210598773323,7.225644822028698e-06,0.0001471954892622307,0.0007576044299639761,0.0005301124765537679,0.005767641589045525,0.00751199945807457,0.002419323893263936,0.0011337499599903822,0.0001219164696522057,9.431447688257322e-05,0.004344604443758726,0.005338496528565884,0.21110044419765472,0.0014926247531548142,0.0009182902867905796,0.00012849614722654223,0.03495714068412781,0.05736486613750458,0.001167831476777792,0.0012403641594573855,0.004179039970040321,0.010255411267280579,0.008995799347758293,0.009984113276004791,6.40520511296927e-06,6.151107072582818e-07
336,11230,0,5.566188860939292e-07,0.005067666992545128,0.005221545696258545,0.15425840020179749,0.4754500985145569,0.30212831497192383,5.100608632346848e-06,1.5467553282633162e-07,2.56926227848453e-07,0.0120724868029356,0.008125401102006435,0.46131616830825806,0.45768430829048157,0.0076242550276219845,0.2672950029373169,0.2615645229816437,0.016314739361405373,0.015947293490171432,0.0111828139051795,0.03905735909938812,0.03440069034695625,0.06633558124303818,0.06521819531917572,3.618762639234774e-05,0.0005009567830711603,0.0003646370314527303,6.752795798092848e-06,0.00015013758093118668,0.0007597828516736627,0.0005213419790379703,0.006392186041921377,0.008240008726716042,0.0023942396510392427,0.0012533864937722683,0.00012164240615675226,9.280220547225326e-05,0.00439961114898324,0.005466232541948557,0.20025835931301117,0.0012393527431413531,0.0009131007245741785,0.00012416164099704474,0.034675244241952896,0.05733765661716461,0.0012685898691415787,0.0013333605602383614,0.004647927824407816,0.010530021041631699,0.008662432432174683,0.009608091786503792,6.114637926657451e-06,6.055494168322184e-07
338,11297,0,5.773862881142122e-07,0.004921453073620796,0.005315935704857111,0.15151625871658325,0.4852151870727539,0.3042685091495514,5.175257228984265e-06,1.6570493244216777e-07,2.70864489948508e-07,0.011999049223959446,0.00810519140213728,0.4597339332103729,0.4564880430698395,0.007525606546550989,0.2713562846183777,0.26562732458114624,0.015935085713863373,0.015998123213648796,0.011411372572183609,0.03867394104599953,0.035305388271808624,0.06701403111219406,0.06658574938774109,3.681620364659466e-05,0.0005148309282958508,0.00036300826468504965,6.811134880990721e-06,0.00014716587611474097,0.0007580416859127581,0.0004435878654476255,0.007481487467885017,0.009761187247931957,0.002444216748699546,0.0012560611357912421,0.00012323465489316732,9.850849164649844e-05,0.0043938253074884415,0.004862451460212469,0.21414639055728912,0.0012174149742349982,0.0009402542491443455,0.00011964363511651754,0.03550583869218826,0.05972360074520111,0.0011958156246691942,0.0011839218204841018,0.004877285100519657,0.01108431164175272,0.008895179256796837,0.009379385970532894,6.519978796859505e-06,6.405942940546083e-07
340,11364,0,5.927562938268238e-07,0.004911291413009167,0.005192634183913469,0.15222588181495667,0.4835669696331024,0.3086782693862915,5.436530045699328e-06,1.6610586328624777e-07,2.731589745508245e-07,0.011469640769064426,0.008103697560727596,0.4563448429107666,0.45186886191368103,0.00765003589913249,0.26469674706459045,0.2587965726852417,0.016867702826857567,0.016430696472525597,0.011564831249415874,0.03851865231990814,0.03481878340244293,0.06947863847017288,0.06613748520612717,3.7457455619005486e-05,0.0005367127596400678,0.00038352172123268247,6.71127054374665e-06,0.0001534852635813877,0.000761691655497998,0.0004390429821796715,0.007763338275253773,0.01018834300339222,0.0023586282040923834,0.0012657445622608066,0.0001281652512261644,0.00010317636042600498,0.004510856699198484,0.004950038623064756,0.2033570259809494,0.0011686414945870638,0.0010044379159808159,0.0001266327890334651,0.035362597554922104,0.05838843807578087,0.001161916647106409,0.0011371471919119358,0.004823233466595411,0.0111374007537961,0.008818015456199646,0.00909830629825592,6.391482202161569e-06,6.615783831875888e-07
342,11431,0,6.06590958796005e-07,0.0050678257830441,0.005409644916653633,0.1512674242258072,0.4780082106590271,0.3020983040332794,5.4876204558240715e-06,1.6648250777961948e-07,2.7656582801682816e-07,0.011332198046147823,0.008195045404136181,0.45443663001060486,0.449496865272522,0.007692771032452583,0.26233750581741333,0.25723978877067566,0.01709769293665886,0.016606705263257027,0.011675027199089527,0.038562946021556854,0.03551691770553589,0.07036647200584412,0.06536512821912766,3.764114808291197e-05,0.000536284816917032,0.0003913918335456401,6.8526051109074615e-06,0.00015549929230473936,0.0007844577194191515,0.00042456513619981706,0.007686760276556015,0.010276936925947666,0.002358255675062537,0.0012506989296525717,0.00012923353642690927,0.00010631403711158782,0.0044851466082036495,0.004754933528602123,0.2042577862739563,0.0011788898846134543,0.0010153488256037235,0.00013140705414116383,0.03468526154756546,0.05861766263842583,0.0011200481094419956,0.0010867996606975794,0.004618448205292225,0.011374191381037235,0.0088917575776577,0.00903275515884161,6.446902716561453e-06,6.793410989303084e-07
344,11498,0,6.220818704605335e-07,0.005307544022798538,0.005838234443217516,0.14060078561306,0.4743746519088745,0.29420244693756104,5.5399141274392605e-06,1.6444630546175176e-07,2.825832723374333e-07,0.011286095716059208,0.008220715448260307,0.45224806666374207,0.446557879447937,0.00786180142313242,0.2574542760848999,0.2532707750797272,0.017423786222934723,0.01681818813085556,0.011824932880699635,0.03911694511771202,0.03603202849626541,0.07099967449903488,0.06476938724517822,3.756849400815554e-05,0.0005257558659650385,0.000377033808035776,6.707770808134228e-06,0.00014789021224714816,0.0008328845142386854,0.0004181045514997095,0.0077142734080553055,0.010430347174406052,0.002302657812833786,0.0011910314206033945,0.00012753788905683905,0.00010982670210069045,0.004670135676860809,0.004602121654897928,0.20398955047130585,0.0012409910559654236,0.001021530944854021,0.00012984275235794485,0.03549285605549812,0.05960046127438545,0.001121413428336382,0.0010618005180731416,0.004552624188363552,0.011540661565959454,0.009231014177203178,0.009183009155094624,6.650659543083748e-06,6.932039013918256e-07
346,11565,0,6.28111820333288e-07,0.006048385053873062,0.006990138441324234,0.1208861842751503,0.4702514410018921,0.2794039249420166,5.445766873890534e-06,1.6228341337409802e-07,2.8078102332074195e-07,0.011014735326170921,0.008320380933582783,0.4525747299194336,0.4476940631866455,0.007915765047073364,0.2552074193954468,0.252189040184021,0.01757555641233921,0.016824599355459213,0.011863603256642818,0.038944222033023834,0.03637640178203583,0.07325977832078934,0.0643487498164177,3.7362915463745594e-05,0.0005082676652818918,0.0003613631706684828,6.830356596765341e-06,0.00013863269123248756,0.0007880027405917645,0.0004039589548483491,0.007895434275269508,0.010716245509684086,0.0024102928582578897,0.0011999552370980382,0.00012882456940133125,0.00010978617501677945,0.00434609642252326,0.004426656290888786,0.21634769439697266,0.0012276124907657504,0.0009866374311968684,0.00012521017924882472,0.03510452061891556,0.06237164884805679,0.0010653615463525057,0.001021623844280839,0.004438931588083506,0.011815130710601807,0.00966331921517849,0.009629613719880581,6.864253464300418e-06,7.12079952336353e-07
348,11632,0,5.880839921701408e-07,0.004605770576745272,0.006474230904132128,0.1296209692955017,0.5035657286643982,0.28181222081184387,5.048016191722127e-06,1.6612756326139788e-07,2.791172164506861e-07,0.01092936098575592,0.008201966993510723,0.4632721543312073,0.4561132490634918,0.008772198110818863,0.24286170303821564,0.24011272192001343,0.018338067457079887,0.016087807714939117,0.01171555370092392,0.0368167906999588,0.03743120655417442,0.07422773540019989,0.06627323478460312,3.50901173078455e-05,0.0004914346500299871,0.0003568583633750677,7.551538601546781e-06,0.0001348591031273827,0.0007957143825478852,0.0004220211412757635,0.007064349949359894,0.009574820287525654,0.0024872904177755117,0.0012062714667990804,0.00012264990073163062,0.00010241990821668878,0.004126328509300947,0.004374908749014139,0.23624007403850555,0.001345607452094555,0.0009974759304895997,0.00012845045421272516,0.037037089467048645,0.0661555677652359,0.0009503663750365376,0.00092177907936275,0.003983170259743929,0.010779685340821743,0.009184394963085651,0.009388308972120285,6.874957762192935e-06,6.581355478374462e-07
350,11698,0,5.620946694762097e-07,0.00424689706414938,0.006335405167192221,0.12960423529148102,0.5129168033599854,0.277444452047348,4.66660958409193e-06,1.6497801880177576e-07,2.767927469449205e-07,0.011089158244431019,0.008090691640973091,0.46506842970848083,0.4585590958595276,0.008956807665526867,0.2429162561893463,0.2400234490633011,0.017746154218912125,0.015843451023101807,0.011854645796120167,0.035969603806734085,0.038015734404325485,0.07343748956918716,0.0678270012140274,3.25298860843759e-05,0.0005110445199534297,0.00036738693597726524,8.144382263708394e-06,0.0001392876438330859,0.0007978627108968794,0.0004079416103195399,0.006490107160061598,0.008743432350456715,0.0025945447850972414,0.0012711758026853204,0.00011682918557198718,9.539873281028122e-05,0.004039289895445108,0.004262258298695087,0.2568698525428772,0.0013405687641352415,0.0010371759999543428,0.00013653210771735758,0.03880736231803894,0.0664592981338501,0.0008140814024955034,0.0007684939191676676,0.0037329704500734806,0.009500747546553612,0.007779140956699848,0.007981936447322369,6.6997026806348e-06,6.151969387246936e-07
352,11765,0,5.51921345959272e-07,0.004120644647628069,0.00609546760097146,0.13353775441646576,0.512464702129364,0.277728408575058,4.708147116616601e-06,1.6271981451154716e-07,2.728376955474232e-07,0.011009017005562782,0.007911979220807552,0.45953142642974854,0.4527938663959503,0.009097903035581112,0.23889228701591492,0.23609410226345062,0.018260415643453598,0.016278864815831184,0.012316599488258362,0.03428930044174194,0.038866981863975525,0.07303112000226974,0.06967923045158386,3.368363104527816e-05,0.0005201271851547062,0.00037113577127456665,7.972033017722424e-06,0.00014032615581527352,0.0008074223296716809,0.0004125807317905128,0.006397245917469263,0.008636604994535446,0.0025917929597198963,0.0013129027793183923,0.00012039439752697945,9.653971210354939e-05,0.004121262580156326,0.0043890285305678844,0.2418147772550583,0.001255337381735444,0.0010000384645536542,0.00014078304229769856,0.036249712109565735,0.0646318793296814,0.0008749430999159813,0.0008280262118205428,0.003866759827360511,0.009609188884496689,0.007757984567433596,0.007912002503871918,6.539906735270051e-06,6.147629392216913e-07
354,11832,0,5.539800440601539e-07,0.004105409607291222,0.0061511993408203125,0.1305890679359436,0.513365626335144,0.27408477663993835,4.883908786723623e-06,1.5788064899879828e-07,2.702297763335082e-07,0.011335995979607105,0.007876426912844181,0.45883652567863464,0.4506865441799164,0.009337857365608215,0.23473554849624634,0.2324601262807846,0.01837557926774025,0.01646677777171135,0.012402980588376522,0.03541421517729759,0.03930192440748215,0.07081927359104156,0.06938715279102325,3.4330569178564474e-05,0.0005294090951792896,0.00039406176074407995,7.749549695290625e-06,0.00015246725524775684,0.0008503861026838422,0.0004400996258482337,0.005769938696175814,0.00781535729765892,0.002581849694252014,0.00129287492018193,0.0001255378738278523,9.911812230711803e-05,0.004450390115380287,0.004736593458801508,0.21776960790157318,0.0012644167291000485,0.0009966185316443443,0.00015149528917390853,0.03408793732523918,0.06194387376308441,0.0009617350879125297,0.0009217396727763116,0.0038342534098774195,0.009316197596490383,0.008329036645591259,0.008480963297188282,6.218722319317749e-06,6.099194820308185e-07
356,11899,0,5.573551220550144e-07,0.004360671620815992,0.0061360737308859825,0.13383714854717255,0.49765992164611816,0.27314069867134094,5.004922059015371e-06,1.6093608223854972e-07,2.6757865612125897e-07,0.011220506392419338,0.00796273723244667,0.4573281705379486,0.4496637284755707,0.00919332355260849,0.23740063607692719,0.2345156967639923,0.018131038174033165,0.01650441437959671,0.012307235971093178,0.035820815712213516,0.03886687010526657,0.07084383815526962,0.0682699903845787,3.550037581590004e-05,0.0005443504196591675,0.00039427762385457754,7.36635865905555e-06,0.0001506623375462368,0.000816569197922945,0.00045082197175361216,0.006197934504598379,0.008341711945831776,0.0025673469062894583,0.001262287376448512,0.00013255125668365508,0.00010406337969470769,0.00445597106590867,0.004874922800809145,0.2109195441007614,0.0012529746163636446,0.000999499810859561,0.00014783296501263976,0.03336654603481293,0.0612163245677948,0.000988349667750299,0.0009513493278063834,0.0039986977353692055,0.009561756625771523,0.00852256454527378,0.008604411967098713,6.294102604442742e-06,6.232392593119584e-07
358,11966,0,5.403683758231637e-07,0.00462957052513957,0.006355814635753632,0.12837855517864227,0.49768754839897156,0.2748758792877197,4.959588295605499e-06,1.6275970438073273e-07,2.67399570930138e-07,0.01118108443915844,0.00792413204908371,0.4574984014034271,0.4513203203678131,0.009050741791725159,0.24233557283878326,0.23915769159793854,0.017548972740769386,0.016366174444556236,0.012192162685096264,0.03584332764148712,0.03815135732293129,0.07136844098567963,0.06865149736404419,3.632339939940721e-05,0.0005472402554005384,0.0003748987219296396,7.209182058431907e-06,0.0001333269028691575,0.0007428405806422234,0.0004240777052473277,0.007165977265685797,0.009556993842124939,0.0025605482514947653,0.001267958665266633,0.00014233056572265923,0.00011062098201364279,0.004150656051933765,0.004654998891055584,0.21972517669200897,0.0012007835321128368,0.0009829922346398234,0.00014010955055709928,0.03273216262459755,0.061964672058820724,0.0009087779908441007,0.0008662243490107358,0.004190652631223202,0.009902551770210266,0.008455703034996986,0.008556869812309742,6.782180662412429e-06,6.399073981810943e-07
360,12033,0,1.1917244364667567e-06,0.0347764678299427,0.042082834988832474,0.06510920077562332,0.20068831741809845,0.0754205659031868,1.1509878277138341e-05,2.6612400461090147e-07,2.3518870762018196e-07,0.01131386123597622,0.011537968181073666,0.09869580715894699,0.11785532534122467,0.007449279073625803,0.2484816014766693,0.2540884017944336,0.019459296017885208,0.11411911249160767,0.10963001847267151,0.09169768542051315,0.12748730182647705,0.08913853019475937,0.06351295113563538,7.532488234573975e-05,0.00039242411730811,0.0006204386008903384,1.2347083611530252e-05,0.00020378358021844178,0.0014984095469117165,0.00018087471835315228,0.03364661708474159,0.0464068241417408,0.0037274789065122604,0.0024651039857417345,0.0003176102472934872,0.0003666748816613108,0.0049226535484194756,0.0018277941271662712,0.2883073687553406,0.00025628143339417875,0.0011171442456543446,0.00010838999878615141,0.015328296460211277,0.04074494168162346,0.001265033963136375,0.0007125404663383961,0.014335771091282368,0.013501190580427647,0.007017281837761402,0.005047901999205351,6.974084499233868e-06,1.4223244306776905e-06
362,12099,0,4.5086486011314264e-07,0.006020518951117992,0.012750504538416862,0.12748879194259644,0.44385507702827454,0.16743940114974976,6.4749870034575e-06,2.3328301779201865e-07,1.7810330632528348e-07,0.019929319620132446,0.010822853073477745,0.2504667341709137,0.2544040381908417,0.008240211755037308,0.2321222722530365,0.22731834650039673,0.0198600422590971,0.03674052283167839,0.03470365330576897,0.06909965723752975,0.08951177448034286,0.05003838986158371,0.059839241206645966,5.599257201538421e-05,0.00034556188620626926,0.0002901204861700535,1.2362070265226066e-05,4.5130982471164316e-05,0.0005368455895222723,0.00040635745972394943,0.017072053626179695,0.018470363691449165,0.003222318831831217,0.0015590036055073142,0.00045718930778093636,0.0002977511612698436,0.002896473975852132,0.004082530736923218,0.2865505516529083,0.0006538772722706199,0.0007687656907364726,8.845614502206445e-05,0.019031718373298645,0.07758428156375885,0.0007457233732566237,0.0006507260841317475,0.009628803469240665,0.007102747447788715,0.007846127264201641,0.009626380167901516,1.0013245628215373e-05,7.877006851231272e-07
364,12166,0,4.6854188440192956e-07,0.007020698394626379,0.012878546491265297,0.08391932398080826,0.4910435974597931,0.1787579208612442,4.908970367978327e-06,2.084729686657738e-07,1.873893609172228e-07,0.022304758429527283,0.007448284421116114,0.35766786336898804,0.35593774914741516,0.008120467886328697,0.2435736209154129,0.23666763305664062,0.01731538213789463,0.02083003707230091,0.019710302352905273,0.051577113568782806,0.05556194856762886,0.038845598697662354,0.0742504820227623,3.8409307308029383e-05,0.00030147223151288927,0.00027558504370972514,1.230610541824717e-05,6.042550376150757e-05,0.0004496203036978841,0.0005712437559850514,0.013926945626735687,0.015387418679893017,0.0023244658950716257,0.0011916408548131585,0.00025569467106834054,0.00013827912334818393,0.0032259291037917137,0.006990876514464617,0.18987441062927246,0.0009863174054771662,0.0009426483302377164,0.00010899882909143344,0.03647197410464287,0.09874877333641052,0.0009104346390813589,0.0010236146626994014,0.006852737627923489,0.007338209077715874,0.008439168334007263,0.010964597575366497,7.12005703462637e-06,7.124487524379219e-07
365,12200,0,4.5381463564808655e-07,0.003859389340505004,0.00726692471653223,0.1360868513584137,0.5368450284004211,0.20803174376487732,4.525609710981371e-06,2.0438555736745911e-07,1.9525310790413641e-07,0.021050486713647842,0.00739776436239481,0.39510196447372437,0.38961920142173767,0.009374580346047878,0.2333267480134964,0.2263134866952896,0.017686473205685616,0.018464302644133568,0.017313465476036072,0.04550163820385933,0.05195031687617302,0.04014912247657776,0.07460983097553253,3.4702621633186936e-05,0.00036538828862830997,0.00030974409310147166,1.063103809428867e-05,8.927150338422507e-05,0.0005331010324880481,0.0005925122532062232,0.010796461254358292,0.012176718562841415,0.0021825460717082024,0.0012306103017181158,0.00018002305296249688,0.00010060438216896728,0.0036043855361640453,0.0068508172407746315,0.180223286151886,0.0010901353089138865,0.0009823177242651582,0.00012581588816829026,0.040074385702610016,0.0900411531329155,0.0010048403637483716,0.0011007969733327627,0.006251630838960409,0.007057041861116886,0.007887997664511204,0.009844723157584667,6.190391559357522e-06,5.99302154569159e-07
367,12267,0,4.6688438715136726e-07,0.003923115786164999,0.006088688038289547,0.1408049762248993,0.5177193880081177,0.23595041036605835,4.518528385233367e-06,1.7719166578444856e-07,2.0168850767277036e-07,0.016164924949407578,0.007867943495512009,0.4130101501941681,0.4060654938220978,0.01059738453477621,0.22670292854309082,0.22292545437812805,0.017410682514309883,0.018470970913767815,0.016075752675533295,0.04179215431213379,0.04755460098385811,0.05023736506700516,0.07105899602174759,3.430458309594542e-05,0.00048105945461429656,0.0003320305550005287,7.3256010182376485e-06,0.00011686016659950837,0.0005496378871612251,0.0005303578218445182,0.009942792356014252,0.011634036898612976,0.002162265358492732,0.0013964236713945866,0.00014727257075719535,8.746495586819947e-05,0.003694746410474181,0.006114534568041563,0.17983146011829376,0.0009447936899960041,0.0008949507027864456,0.00012624829832930118,0.03659525513648987,0.07396744936704636,0.0011395469773560762,0.001201729872263968,0.006399547215551138,0.008359121158719063,0.008641684427857399,0.010081171058118343,5.913700533710653e-06,5.638234483740234e-07
370,12367,0,5.289842306410719e-07,0.004885606933385134,0.00701098470017314,0.12180909514427185,0.4947423040866852,0.2475528120994568,4.757519945997046e-06,1.728336656015017e-07,2.2946400690670998e-07,0.014431932009756565,0.007951753214001656,0.413409024477005,0.4086015522480011,0.009292849339544773,0.24626441299915314,0.24361969530582428,0.015776578336954117,0.018773145973682404,0.015930863097310066,0.04034030809998512,0.04767284542322159,0.055162835866212845,0.07157347351312637,3.2745425414759666e-05,0.0006547740777023137,0.0003918857837561518,5.898291419725865e-06,0.0001556495699333027,0.0005857740761712193,0.00042883114656433463,0.010329343378543854,0.01232850831001997,0.002249679761007428,0.001507231150753796,0.0001309720828430727,8.474208880215883e-05,0.0038096229545772076,0.004997580777853727,0.198258638381958,0.0008508440805599093,0.000997913652099669,0.00013627327280119061,0.0368482880294323,0.06632604449987411,0.0010286875767633319,0.0009746110299602151,0.006577483844012022,0.0084560951218009,0.0082668736577034,0.009097175672650337,5.507044534169836e-06,6.063943374101655e-07
371,12400,0,5.192803769205057e-07,0.005661674775183201,0.007870694622397423,0.11120974272489548,0.49133288860321045,0.2535131573677063,4.953712505084695e-06,1.6866484031652362e-07,2.32357791674076e-07,0.014807595871388912,0.007648743689060211,0.406505286693573,0.40599480271339417,0.008237783797085285,0.26234179735183716,0.25905659794807434,0.01498781144618988,0.01865455135703087,0.016197429969906807,0.03843122720718384,0.046036720275878906,0.053341496735811234,0.07382674515247345,3.5711236705537885e-05,0.0006225307006388903,0.00037786824395880103,5.603078989224741e-06,0.000146928068716079,0.0005372763844206929,0.0004482865333557129,0.010987376794219017,0.013006831519305706,0.002236402127891779,0.0014901409158483148,0.00014921888941898942,9.284151019528508e-05,0.0036599249579012394,0.005487035494297743,0.18520213663578033,0.0008166131447069347,0.0009159658220596611,0.00012666296970564872,0.03300482779741287,0.06440091133117676,0.0011519765248522162,0.0011650501983240247,0.007089057005941868,0.009241587482392788,0.009214300662279129,0.01059303991496563,5.59800491828355e-06,6.361840405588737e-07
373,12467,0,5.489758336807427e-07,0.006677249912172556,0.009114195592701435,0.10188785195350647,0.48326852917671204,0.2401900738477707,4.896561222267337e-06,1.7138401631200395e-07,2.395236151642166e-07,0.014930075965821743,0.007820826955139637,0.40517890453338623,0.4085618853569031,0.00723098311573267,0.2715892195701599,0.26779231429100037,0.015307411551475525,0.01812388002872467,0.01589474454522133,0.036230649799108505,0.04806872457265854,0.052039653062820435,0.07191521674394608,3.5202094295527786e-05,0.0005916872178204358,0.00037551377317868173,5.826934284414165e-06,0.00014899738016538322,0.000538873893674463,0.0004716655530501157,0.010490739718079567,0.01262801606208086,0.002222534967586398,0.0013134374748915434,0.00014622295566368848,9.054741531144828e-05,0.0036405238788574934,0.005685123149305582,0.18722717463970184,0.000970527995377779,0.0009283942054025829,0.00012672881712205708,0.03486901521682739,0.06650464236736298,0.0011223801411688328,0.0011802712688222528,0.006575692445039749,0.009615616872906685,0.00937306135892868,0.01087406650185585,5.573819635174004e-06,6.789466624468332e-07
375,12534,0,5.722492346649233e-07,0.006642814259976149,0.00913437269628048,0.10225741565227509,0.48426273465156555,0.24543561041355133,4.985837676940719e-06,1.7634725679727126e-07,2.438900423840096e-07,0.014588931575417519,0.008103558793663979,0.42017748951911926,0.42281922698020935,0.00756034953519702,0.2553902566432953,0.25523439049720764,0.017288828268647194,0.017499936744570732,0.014763280749320984,0.03641439974308014,0.04717912897467613,0.05502181872725487,0.0687834769487381,3.4700602554949e-05,0.0005979237612336874,0.00037930827238596976,5.933399279456353e-06,0.00014984582958277315,0.0005212761461734772,0.00046222141827456653,0.010677894577383995,0.01312473975121975,0.00227369274944067,0.0012552185216918588,0.0001418127940269187,9.06025234144181e-05,0.003471572883427143,0.005517049226909876,0.1989591121673584,0.0010482774814590812,0.0009786223527044058,0.00012594996951520443,0.0370430052280426,0.06844498217105865,0.0010223949793726206,0.001089736120775342,0.005933777894824743,0.010117357596755028,0.009482335299253464,0.010919195599853992,5.662355761160143e-06,7.140050115594931e-07
377,12601,0,5.645902092510369e-07,0.006099527236074209,0.008332952857017517,0.11146067827939987,0.48723092675209045,0.2538706362247467,4.793974312633509e-06,1.7301326238339243e-07,2.4568149115111737e-07,0.01394281443208456,0.007802935317158699,0.4268718957901001,0.42761608958244324,0.008192305453121662,0.24395456910133362,0.24462726712226868,0.018123721703886986,0.017243415117263794,0.014238405041396618,0.036602795124053955,0.04415062442421913,0.05770745500922203,0.07062403857707977,3.295950227766298e-05,0.0005807472625747323,0.00038321196916513145,6.412893981178058e-06,0.00015108240768313408,0.0005573857924900949,0.0004682729486376047,0.008858060464262962,0.011178663931787014,0.0023932240437716246,0.0013259933330118656,0.00013484855298884213,8.80233128555119e-05,0.00343497795984149,0.005359185393899679,0.21679748594760895,0.0010778552386909723,0.0010119080543518066,0.00013024115469306707,0.0382218211889267,0.0680641382932663,0.0009206947288475931,0.0009819322731345892,0.00493667833507061,0.009624294005334377,0.009028056636452675,0.01024829875677824,5.651657374983188e-06,6.764473710063612e-07
379,12668,0,5.439462711365195e-07,0.004500489681959152,0.007227694615721703,0.12737536430358887,0.5133659839630127,0.2612173557281494,4.695229108619969e-06,1.7967194310131163e-07,2.49557785991783e-07,0.01382728572934866,0.008205811493098736,0.4494837820529938,0.44535961747169495,0.009068640880286694,0.2311919629573822,0.23203083872795105,0.019267132505774498,0.01610124297440052,0.012918434105813503,0.037112802267074585,0.045469678938388824,0.05860702320933342,0.06820687651634216,3.2616833777865395e-05,0.0005576535477302969,0.0003880472795572132,6.981990281929029e-06,0.0001528604479972273,0.0006097476580180228,0.00047778370208106935,0.008063520304858685,0.010359232313930988,0.0024153271224349737,0.001289226463995874,0.00013051142741460353,8.74386023497209e-05,0.0035202070139348507,0.005315451417118311,0.22132910788059235,0.001183653948828578,0.0010332813253626227,0.00013275576930027455,0.03901880979537964,0.06779453158378601,0.0009000975405797362,0.0009632118744775653,0.004486782476305962,0.00976609718054533,0.008798124268651009,0.010051264427602291,5.724371476389933e-06,6.518958457490953e-07
381,12735,0,5.53621418930561e-07,0.004287766292691231,0.005904311779886484,0.14432770013809204,0.5121050477027893,0.28246399760246277,4.672523573390208e-06,1.814200913941022e-07,2.616166341340431e-07,0.013750031590461731,0.008349352516233921,0.45960092544555664,0.45454442501068115,0.009249649941921234,0.23844954371452332,0.23586469888687134,0.017925333231687546,0.01564360409975052,0.01206238567829132,0.039506517350673676,0.042060159146785736,0.059516679495573044,0.06651823967695236,3.405211464269087e-05,0.00053258246043697,0.00037663738476112485,7.125049705791753e-06,0.0001482239313190803,0.0006854524253867567,0.0004778919101227075,0.0071008577942848206,0.009673400782048702,0.0025990139693021774,0.0012377995299175382,0.00012887937191408128,9.416825196240097e-05,0.003603144083172083,0.005039718467742205,0.23870058357715607,0.0012997969752177596,0.0010084673995152116,0.00012678549683187157,0.03710092604160309,0.0637519359588623,0.0009031338850036263,0.000958701828494668,0.0038410855922847986,0.01125272922217846,0.00895204022526741,0.009452924132347107,6.42955683360924e-06,6.422305887099355e-07
383,12801,0,5.68414634471992e-07,0.004251246806234121,0.005644646007567644,0.1499687284231186,0.5101544857025146,0.28804653882980347,4.670928774430649e-06,1.8300976023510884e-07,2.695739453884016e-07,0.013370921835303307,0.008232117630541325,0.45388683676719666,0.44854429364204407,0.008884747512638569,0.2460542768239975,0.24329441785812378,0.017255667597055435,0.016153955832123756,0.012279044836759567,0.04048309847712517,0.038511697202920914,0.06175797060132027,0.0672784149646759,3.32339623128064e-05,0.0005305044469423592,0.0003723525442183018,7.3173059718101285e-06,0.00014758986071683466,0.0006955697317607701,0.00046576306340284646,0.007165027316659689,0.009739134460687637,0.0026530660688877106,0.001214694115333259,0.0001225159503519535,9.186932584270835e-05,0.0036719664931297302,0.004818873014301062,0.25241658091545105,0.0013963577803224325,0.0010357393184676766,0.00012567141675390303,0.03947650268673897,0.06472376734018326,0.0008570055942982435,0.0008806800469756126,0.0037896279245615005,0.010854124091565609,0.008716157637536526,0.008999076671898365,6.693961040582508e-06,6.381291086654528e-07
385,12868,0,5.587809255303e-07,0.004107876215130091,0.005607932806015015,0.1495046466588974,0.5155113339424133,0.28979405760765076,4.631190677173436e-06,1.8385766509254609e-07,2.7557510406950314e-07,0.012711698189377785,0.007935091853141785,0.44902294874191284,0.44530218839645386,0.007991502061486244,0.25884419679641724,0.25569725036621094,0.016525423154234886,0.016369208693504333,0.012494457885622978,0.037834521383047104,0.03779242932796478,0.06433328241109848,0.06991787999868393,3.3042364520952106e-05,0.0005188293871469796,0.0003865205799229443,8.192352652258705e-06,0.00015230463759507984,0.0006949770031496882,0.00046938800369389355,0.006577321328222752,0.00890054926276207,0.0027936818078160286,0.0011963937431573868,0.00012480192526709288,9.224803216056898e-05,0.0035521765239536762,0.00478498125448823,0.26686495542526245,0.0014868122525513172,0.0010643033310770988,0.0001315873523708433,0.038635604083538055,0.06402800977230072,0.0007869460387155414,0.000812580285128206,0.003568595740944147,0.01009626779705286,0.00785303208976984,0.00820363499224186,6.601636414416134e-06,6.290799774433253e-07
387,12935,0,5.465097387968854e-07,0.004634383134543896,0.005678530782461166,0.14587683975696564,0.5056479573249817,0.2885364294052124,4.441777491592802e-06,1.7673144725449674e-07,2.7065095764555736e-07,0.012224738486111164,0.007799332961440086,0.4505022466182709,0.4486696124076843,0.008420136757194996,0.2545831799507141,0.2526051700115204,0.01626945286989212,0.016112947836518288,0.012195764109492302,0.03706664219498634,0.03632631152868271,0.06609676778316498,0.07022257894277573,3.16672412736807e-05,0.0005135982064530253,0.0003794041112996638,8.536334462405648e-06,0.00014497112715616822,0.000681295117828995,0.00046018045395612717,0.006416855845600367,0.008680551312863827,0.002770583378151059,0.0011869552545249462,0.0001253739756066352,9.1501948190853e-05,0.0035218328703194857,0.00472090020775795,0.2716047465801239,0.0014976849779486656,0.0010728675406426191,0.00013298382691573352,0.038961172103881836,0.06328222155570984,0.0007301276200450957,0.0007510343566536903,0.0034401072189211845,0.009668964892625809,0.007133468519896269,0.007433655671775341,6.716104508086573e-06,6.114284474278975e-07
389,13002,0,5.622474645861075e-07,0.005169072654098272,0.005928079131990671,0.1418822556734085,0.4899314045906067,0.2823488116264343,4.497483587329043e-06,1.729327578914308e-07,2.6860749358093017e-07,0.011648586019873619,0.007853532209992409,0.4462583065032959,0.4446524381637573,0.008495527319610119,0.24994269013404846,0.248027965426445,0.016854820773005486,0.016497965902090073,0.012352628633379936,0.03695964068174362,0.03621276095509529,0.06914663314819336,0.06893344223499298,3.2134761568158865e-05,0.0005047083832323551,0.00038223486626520753,8.61985063238535e-06,0.0001459009654354304,0.0006815269589424133,0.0004482826916500926,0.0064644296653568745,0.008837553672492504,0.002796982182189822,0.0011766566894948483,0.00012710738519672304,9.375331865157932e-05,0.0034558919724076986,0.0045415861532092094,0.27329614758491516,0.0014810434076935053,0.0010575256310403347,0.0001337300200248137,0.03741425275802612,0.06225976720452309,0.0007220457191579044,0.000741591036785394,0.0034064091742038727,0.009930669330060482,0.007061938755214214,0.007343608886003494,6.7430396484269295e-06,6.248127419894445e-07
391,13069,0,5.650684897773317e-07,0.004922326188534498,0.00591972516849637,0.14437754452228546,0.4920607805252075,0.27802401781082153,4.479009930946631e-06,1.7565437815392215e-07,2.7141578584632953e-07,0.01139343436807394,0.007929428480565548,0.44830960035324097,0.4447067975997925,0.008839722722768784,0.24548573791980743,0.24332295358181,0.017191654071211815,0.016589660197496414,0.01231487188488245,0.037087880074977875,0.03553823381662369,0.07116363197565079,0.06846439093351364,3.247772474423982e-05,0.0005037164082750678,0.0003720103413797915,8.549075573682785e-06,0.00014002872921992093,0.0006716529023833573,0.00042559983558021486,0.007070242427289486,0.00968222040683031,0.002796108601614833,0.001165242400020361,0.00012636464089155197,9.41315374802798e-05,0.003472747514024377,0.004441468510776758,0.2752404510974884,0.0014772015856578946,0.0010457314783707261,0.0001293519017053768,0.03797728195786476,0.06329482793807983,0.0007187295705080032,0.0007282829028554261,0.0035611125640571117,0.01046411320567131,0.00703784916549921,0.007298399228602648,7.022323643468553e-06,6.283382845140295e-07
393,13136,0,5.326650693859847e-07,0.004269196651875973,0.005767810624092817,0.14707323908805847,0.510143518447876,0.2802366614341736,4.343438376963604e-06,1.8545648572398932e-07,2.6996912083632196e-07,0.011496325954794884,0.007761295884847641,0.4453151822090149,0.4410463571548462,0.009149766527116299,0.24431933462619781,0.24221614003181458,0.01672203652560711,0.01669374853372574,0.012797046452760696,0.03663863614201546,0.03697657585144043,0.07001076638698578,0.071619912981987,3.2749765523476526e-05,0.0004811967664863914,0.00035953163751401007,8.992865332402289e-06,0.0001271262881346047,0.000622471678070724,0.00041742256144061685,0.008161056786775589,0.011021442711353302,0.002771760104224086,0.0011356290196999907,0.00013398900046013296,9.728418808663264e-05,0.0032553367782384157,0.004401581361889839,0.2837557792663574,0.0014780275523662567,0.0010470707202330232,0.00012501202581916004,0.03728539124131203,0.06448682397603989,0.0006601945497095585,0.0006726102437824011,0.0037981742061674595,0.010740820318460464,0.006560129579156637,0.0070020840503275394,7.324706530198455e-06,6.158908263387275e-07
395,13202,0,5.292006903800939e-07,0.004607782233506441,0.007152649573981762,0.13401900231838226,0.5068836212158203,0.2499632090330124,4.1907264858309645e-06,1.8284349323494098e-07,2.6318514301237883e-07,0.010934174992144108,0.007591346278786659,0.4357066750526428,0.4318842589855194,0.008906612172722816,0.24617834389209747,0.24472299218177795,0.016323696821928024,0.01697356253862381,0.013499265536665916,0.03310418874025345,0.03891492635011673,0.0720178559422493,0.07303471863269806,3.2215244573308155e-05,0.0004270506906323135,0.0003568455867934972,9.876572221401148e-06,0.00012524922203738242,0.0005990540375933051,0.0004452824650797993,0.008203832432627678,0.010891257785260677,0.0027173503767699003,0.0010902793146669865,0.00013914045121055096,9.5628340204712e-05,0.0032760933972895145,0.0049189431592822075,0.2707170844078064,0.0015225304523482919,0.0010483773658052087,0.00012434044037945569,0.037771377712488174,0.06637801229953766,0.0006741542601957917,0.0007271664799191058,0.003910309635102749,0.01053678523749113,0.006583408918231726,0.0074577415362000465,6.957862296985695e-06,5.966924732092593e-07
397,13269,0,5.139795007380599e-07,0.004546635784208775,0.007985667325556278,0.1284763514995575,0.5129488110542297,0.23987126350402832,4.099669240531512e-06,1.79232273467278e-07,2.651873671766225e-07,0.011042308993637562,0.0076136514544487,0.4353541433811188,0.43113505840301514,0.00883531104773283,0.2451615035533905,0.24369077384471893,0.016587505117058754,0.01688355579972267,0.013706985861063004,0.032046593725681305,0.040067657828330994,0.07175833731889725,0.07359431684017181,3.18448874168098e-05,0.0004197708913125098,0.000354475574567914,1.0178420779993758e-05,0.00012324629642535,0.0006018709391355515,0.00044894166057929397,0.007810418028384447,0.01034234557300806,0.002707612933591008,0.001090043457224965,0.0001387220690958202,9.580248297424987e-05,0.0032056644558906555,0.0048560649156570435,0.2806655764579773,0.0015549762174487114,0.0010524616809561849,0.00012615913874469697,0.037333954125642776,0.0654342919588089,0.0006341889966279268,0.0006848997436463833,0.003764024470001459,0.01016800757497549,0.006225323770195246,0.007152846083045006,6.903946086822543e-06,5.899539701204048e-07
399,13336,0,5.174532589080627e-07,0.0048239040188491344,0.008182111196219921,0.12482758611440659,0.5109943151473999,0.24038363993167877,4.032604920212179e-06,1.8102396381891595e-07,2.6704535116550687e-07,0.011496882885694504,0.007840624079108238,0.4254208505153656,0.4234556257724762,0.008191198110580444,0.25855886936187744,0.25766366720199585,0.015377502888441086,0.01732850819826126,0.014279335737228394,0.031097887083888054,0.04064667969942093,0.06906897574663162,0.07273418456315994,3.2615243981126696e-05,0.00040682315011508763,0.00033151276875287294,1.0059954547614325e-05,0.00011422908573877066,0.0006048788782209158,0.00043792740325443447,0.00805637612938881,0.010588547214865685,0.002856089035049081,0.001110477838665247,0.00013832146942149848,9.646931721363217e-05,0.003215580713003874,0.004735478665679693,0.2904536724090576,0.001536225900053978,0.0009977682493627071,0.00011757440370274708,0.03747190907597542,0.06790272891521454,0.0006684325635433197,0.000711745407897979,0.003984525334089994,0.010308971628546715,0.006724443752318621,0.0075377714820206165,7.22689219401218e-06,5.902443831473647e-07
401,13403,0,5.201953854339081e-07,0.004493421409279108,0.007455751299858093,0.13210980594158173,0.5170905590057373,0.24920809268951416,3.9469027797167655e-06,1.8385644295904058e-07,2.7085391707259987e-07,0.011804263107478619,0.008369368501007557,0.4341907799243927,0.43191877007484436,0.008247693069279194,0.2588484585285187,0.25723347067832947,0.015649870038032532,0.01684415526688099,0.013667802326381207,0.03215537965297699,0.03995184972882271,0.06833668053150177,0.06874319911003113,3.2005304092308506e-05,0.000422395474743098,0.0003184437518939376,9.697225323179737e-06,0.0001091888771043159,0.000610408722423017,0.00040515451109968126,0.00856262817978859,0.011270144954323769,0.002828748896718025,0.0011593395611271262,0.00012866719043813646,9.22640465432778e-05,0.003161754459142685,0.004351519979536533,0.30624499917030334,0.001501596998423338,0.0010174012277275324,0.00011335581075400114,0.040934640914201736,0.07081636786460876,0.0006294187624007463,0.0006483815959654748,0.003969940822571516,0.010336896404623985,0.006802957970649004,0.007510090712457895,7.5474995355762076e-06,5.889006047254952e-07
403,13470,0,5.417037414190418e-07,0.005372652318328619,0.008569431491196156,0.11615646630525589,0.4909188747406006,0.24219895899295807,3.925543296645628e-06,1.7264306961806142e-07,2.6513907869230025e-07,0.011418947018682957,0.008770796470344067,0.43549585342407227,0.43380051851272583,0.008062201552093029,0.2572295367717743,0.2561405301094055,0.0159999318420887,0.016971668228507042,0.01345905289053917,0.03271972015500069,0.040774740278720856,0.07141820341348648,0.06501065194606781,2.983843478432391e-05,0.00044913109741173685,0.00032595472293905914,9.399521331943106e-06,0.00011349609849276021,0.0006089392118155956,0.00040342536522075534,0.008140044286847115,0.010806254111230373,0.002711725188419223,0.0012039359426125884,0.00012247354607097805,8.670767419971526e-05,0.003175490302965045,0.0044379448518157005,0.30367910861968994,0.0014235645066946745,0.0010701764840632677,0.00011961055861320347,0.04354030638933182,0.07144176214933395,0.0005813248571939766,0.000601183797698468,0.003669657511636615,0.009854359552264214,0.006289517506957054,0.0070639727637171745,7.16469230610528e-06,5.989033411424316e-07
405,13537,0,5.566820959757024e-07,0.006525892298668623,0.009225280955433846,0.10930762439966202,0.47710931301116943,0.24099205434322357,4.134893515583826e-06,1.6392223756156454e-07,2.674618144737906e-07,0.011492197401821613,0.008894653990864754,0.4273809492588043,0.4291914999485016,0.006220334209501743,0.2901872396469116,0.28729990124702454,0.014597714878618717,0.01722702756524086,0.013440197333693504,0.032601743936538696,0.04010283574461937,0.0712473914027214,0.06351807713508606,3.162484063068405e-05,0.0004433883004821837,0.0003207927802577615,9.358866918773856e-06,0.00011161912698298693,0.0006402093567885458,0.0004175528883934021,0.007103403098881245,0.009447041898965836,0.0027957723941653967,0.0012370988260954618,0.00012501129822339863,9.070556552615017e-05,0.003303500358015299,0.004537695087492466,0.30487751960754395,0.0013968859566375613,0.0010433134157210588,0.00011898761295014992,0.04131380468606949,0.068974070250988,0.0006196945323608816,0.0006362409912981093,0.0035007076803594828,0.00946125015616417,0.00636909669265151,0.006994912866503,7.160586847021477e-06,6.273191957006929e-07
407,13604,0,5.631592330246349e-07,0.0072193508967757225,0.009811670519411564,0.10543829202651978,0.4655250608921051,0.23538638651371002,4.292503945180215e-06,1.6015461312690604e-07,2.6435813538228103e-07,0.011441536247730255,0.008993083611130714,0.42981553077697754,0.4320991635322571,0.005873875226825476,0.29153352975845337,0.28786948323249817,0.015237304382026196,0.017077749595046043,0.013075741939246655,0.03317112848162651,0.040131889283657074,0.0723952129483223,0.06226521357893944,3.248617213102989e-05,0.00043328458559699357,0.0003259777440689504,9.655201210989617e-06,0.00011377706687198952,0.0006645848043262959,0.0004396903095766902,0.006228138227015734,0.00828729011118412,0.0029000279027968645,0.0012317782966420054,0.00012828617764171213,9.489290823694319e-05,0.003281064098700881,0.004460529889911413,0.3174366056919098,0.0014576142420992255,0.0010445963125675917,0.00011989992344751954,0.039563655853271484,0.06808039546012878,0.0006172585999593139,0.0006350063486024737,0.0032326625660061836,0.008898984640836716,0.006425818894058466,0.007087268400937319,7.064575129334116e-06,6.418925977413892e-07
409,13670,0,5.717233761970419e-07,0.007980925031006336,0.010908812284469604,0.0975566953420639,0.4538182020187378,0.21632060408592224,4.091685696039349e-06,1.5858520896472328e-07,2.547362782934215e-07,0.011462431401014328,0.009204071946442127,0.4363115131855011,0.4389587938785553,0.006193932145833969,0.28555989265441895,0.2835412621498108,0.015095382928848267,0.016602687537670135,0.012531106360256672,0.034376196563243866,0.040491774678230286,0.07336407899856567,0.05933677405118942,3.1135568860918283e-05,0.00036856261431239545,0.00031482643680647016,1.0606895557430107e-05,0.00011147244367748499,0.0006769516039639711,0.00047477753832936287,0.006186891347169876,0.00840769149363041,0.0028254142962396145,0.0010848899837583303,0.00012356435763649642,8.900409011403099e-05,0.003145884955301881,0.004560847766697407,0.31723517179489136,0.001692664111033082,0.0010369482915848494,0.00011576856195461005,0.04186001792550087,0.07015760987997055,0.0006130613037385046,0.0006675590411759913,0.003026696853339672,0.00945145171135664,0.006738121155649424,0.007697118446230888,7.0966284511087e-06,6.295733214756183e-07
411,13737,0,5.974691816845734e-07,0.008073458448052406,0.011111864820122719,0.09482022374868393,0.44730088114738464,0.2103763371706009,4.188285402051406e-06,1.566833844890425e-07,2.5604271058909944e-07,0.01151349488645792,0.01014669705182314,0.44259440898895264,0.4439540207386017,0.00651581259444356,0.2784547209739685,0.27634909749031067,0.015483266673982143,0.016348645091056824,0.012114867568016052,0.034855917096138,0.042894698679447174,0.07267304509878159,0.053543467074632645,3.1060651963343844e-05,0.0003906547208316624,0.0003262301324866712,9.935910384228919e-06,0.00012159452307969332,0.0007226515444926918,0.00048591048107482493,0.006361445412039757,0.00870813149958849,0.002693194430321455,0.0011609458597376943,0.00011731726408470422,8.699754835106432e-05,0.0034680096432566643,0.004894382786005735,0.2945899963378906,0.0014923654962331057,0.0010956617770716548,0.00011679431918310001,0.04372801631689072,0.0680706575512886,0.0006822379073128104,0.0007383618503808975,0.0031183003447949886,0.009989200159907341,0.006317985709756613,0.007130148820579052,6.713018137816107e-06,6.411621029656089e-07
413,13804,0,6.106557179919037e-07,0.008143194019794464,0.010972226038575172,0.09442983567714691,0.44416293501853943,0.213088259100914,4.605209596775239e-06,1.5104190254078276e-07,2.6718902290667756e-07,0.011754103004932404,0.010739057324826717,0.4437621533870697,0.4432485103607178,0.007095205131918192,0.2605510354042053,0.26111966371536255,0.0174216628074646,0.016660429537296295,0.012191198766231537,0.03650472313165665,0.043707869946956635,0.07153195887804031,0.05150562897324562,3.345135701238178e-05,0.0004493608430493623,0.00032875945908017457,8.132298717100639e-06,0.00012572258128784597,0.000819076900370419,0.00045821809908375144,0.006466812454164028,0.008833165280520916,0.002560528926551342,0.001175053883343935,0.00011949132021982223,9.635338210500777e-05,0.0040316274389624596,0.004647213499993086,0.2641797661781311,0.0013868296518921852,0.0010723450686782598,0.00011829638242488727,0.040957000106573105,0.06334656476974487,0.000820791523437947,0.0008178972639143467,0.0034925893414765596,0.010034125298261642,0.007054266054183245,0.007402260787785053,6.67367839923827e-06,6.847907343399129e-07
415,13871,0,5.786386623185535e-07,0.00595586933195591,0.008034289814531803,0.13025406002998352,0.46372395753860474,0.23462098836898804,4.719812750408892e-06,1.6056661422680918e-07,2.645152505920123e-07,0.012161089107394218,0.010540748946368694,0.4479222297668457,0.4443325102329254,0.007587363477796316,0.25249871611595154,0.2524896264076233,0.01844225637614727,0.016605934128165245,0.01214968878775835,0.03697598725557327,0.043663229793310165,0.0701526626944542,0.052993614226579666,3.59469631803222e-05,0.00043205879046581686,0.0003158832259941846,8.257195986516308e-06,0.00011805962276412174,0.0008530663326382637,0.00047353305853903294,0.006367195397615433,0.00865216925740242,0.0025870664976537228,0.0012109390227124095,0.00012516874994616956,0.00010198144445894286,0.004119089338928461,0.004701178055256605,0.26089707016944885,0.0013709368649870157,0.0010207516606897116,0.00011139125854242593,0.03929666802287102,0.06266237050294876,0.0009145858348347247,0.0009099424933083355,0.0036341287195682526,0.010244904085993767,0.007573990151286125,0.007809320464730263,6.889259566378314e-06,6.580037847925269e-07
417,13938,0,5.818570798510336e-07,0.006156145129352808,0.008331694640219212,0.12796176970005035,0.4607328176498413,0.23247937858104706,4.604419245879399e-06,1.5906157102563157e-07,2.6420690346640185e-07,0.012362631969153881,0.010538146831095219,0.4491964876651764,0.44618433713912964,0.007442946080118418,0.2545452415943146,0.2550768554210663,0.018252750858664513,0.01642182283103466,0.012033440172672272,0.03717793896794319,0.043693967163562775,0.06977656483650208,0.05269478261470795,3.58661163772922e-05,0.00041967208380810916,0.00031179582583718,8.530458217137493e-06,0.0001161842665169388,0.0008521965937688947,0.0004735044203698635,0.005928115453571081,0.0082551846280694,0.002687024651095271,0.0012746797874569893,0.00012414022057782859,0.00010074752208311111,0.003967405296862125,0.004799281246960163,0.2700348496437073,0.0013296462129801512,0.00099374249111861,0.00011046096915379167,0.03879125788807869,0.06350985169410706,0.0008897814550437033,0.0009153023711405694,0.00331352767534554,0.010787146165966988,0.007533406838774681,0.007815204560756683,6.9646139309043065e-06,6.609874958485307e-07
419,14005,0,5.857650080542953e-07,0.007977021858096123,0.009740187786519527,0.1090918704867363,0.4338217079639435,0.2238290011882782,4.587028342939448e-06,1.5293562682927586e-07,2.611768934457359e-07,0.013986577279865742,0.010815861634910107,0.4522160589694977,0.45280149579048157,0.0073740859515964985,0.2553170919418335,0.2573012709617615,0.01810748316347599,0.015898704528808594,0.011703678406774998,0.04076492786407471,0.0438636913895607,0.06321700662374496,0.05130481719970703,3.589558036765084e-05,0.0004311051161494106,0.0002997752162627876,8.000556590559427e-06,0.00011060779797844589,0.0008608017233200371,0.0004514102474786341,0.005848690867424011,0.008209961466491222,0.0027376539073884487,0.001311789033934474,0.00012482167221605778,0.000102462392533198,0.0039580040611326694,0.004589650314301252,0.2745247781276703,0.0012552987318485975,0.0009528619702905416,0.00010828287486219779,0.03765203058719635,0.06347490102052689,0.0008856676868163049,0.0008918865933082998,0.0033137716818600893,0.01068502850830555,0.007652131840586662,0.007759071420878172,7.098456080711912e-06,6.88167574480758e-07
421,14071,0,5.602114470093511e-07,0.008187991566956043,0.009647455997765064,0.10908228904008865,0.4214557111263275,0.21777884662151337,4.6886198106221855e-06,1.5388910412639234e-07,2.5052878527276334e-07,0.015351677313446999,0.011121850460767746,0.44893598556518555,0.4515167772769928,0.0071807256899774075,0.2568923532962799,0.25970038771629333,0.018149172887206078,0.015834694728255272,0.011828583665192127,0.04331786558032036,0.04633736237883568,0.05760642886161804,0.050650693476200104,3.951574399252422e-05,0.00042751769069582224,0.0002791656879708171,7.53054655433516e-06,9.971318650059402e-05,0.0008706884109415114,0.00044434244045987725,0.005841068923473358,0.008027318865060806,0.0028825965709984303,0.001432685530744493,0.00013168650912120938,0.00011017137876478955,0.0040559289045631886,0.0045410883612930775,0.27399998903274536,0.0011087512830272317,0.0008328769472427666,0.0001013311994029209,0.0334136076271534,0.06344728916883469,0.001018868642859161,0.0009869124041870236,0.0037893366534262896,0.010726218111813068,0.007985987700521946,0.007913162931799889,7.347681730607292e-06,6.972123856030521e-07
423,14138,0,6.629641120525775e-07,0.008426329120993614,0.01331319659948349,0.09587439894676208,0.38158461451530457,0.16274207830429077,6.504923931061057e-06,1.358728241029894e-07,3.006878444011818e-07,0.019024966284632683,0.01168747991323471,0.43308982253074646,0.42761948704719543,0.008377187885344028,0.2503299415111542,0.24448540806770325,0.01715538091957569,0.015505132265388966,0.01353922113776207,0.04217354208230972,0.06122753024101257,0.04134209454059601,0.047577325254678726,6.614354060729966e-05,0.00030067539773881435,0.0001361053582513705,3.5753707834373927e-06,5.50921649846714e-05,0.003042267868295312,0.0007235328666865826,0.002304663183167577,0.003215322270989418,0.0024517832789570093,0.0017574738012626767,0.00010627389565343037,0.00010352909157518297,0.015757966786623,0.009555995464324951,0.12126747518777847,0.0008525458397343755,0.0003554260765668005,5.937959213042632e-05,0.02472953125834465,0.07151134312152863,0.03046213835477829,0.024689624086022377,0.016024447977542877,0.027379268780350685,0.022127998992800713,0.021265046671032906,7.773258403176442e-06,6.931523444109189e-07
425,14205,0,1.0357435940022697e-06,0.012012182734906673,0.03132128342986107,0.03762373328208923,0.3641907870769501,0.1005673035979271,1.0534002285567112e-05,1.5811525599929155e-07,3.017035226093867e-07,0.028475431725382805,0.02043480984866619,0.38465258479118347,0.3680364191532135,0.010295845568180084,0.23534411191940308,0.22144193947315216,0.019621964544057846,0.021396836265921593,0.01870851404964924,0.09425368905067444,0.1312597244977951,0.029505373910069466,0.02995789237320423,7.34050408937037e-05,0.00016762989980634302,8.713553688721731e-05,4.098715180589352e-06,3.9930389903020114e-05,0.002126905135810375,0.000771382125094533,0.000660418882034719,0.0008082660497166216,0.002795715117827058,0.002286620205268264,9.125856740865856e-05,8.754999726079404e-05,0.013136702589690685,0.010655688121914864,0.18717198073863983,0.0008740864577703178,0.00028748789918608963,8.588967466494069e-05,0.029424814507365227,0.06199326366186142,0.4899318516254425,0.44129064679145813,0.026474595069885254,0.0592147596180439,0.053012583404779434,0.06295078992843628,5.609810159512563e-06,8.196886369660206e-07
427,14272,0,1.4583469010176486e-06,0.022391427308321,0.04637347161769867,0.03469289094209671,0.21896694600582123,0.08081480115652084,1.4182826816977467e-05,1.8485188491013105e-07,1.726866969420371e-07,0.07153448462486267,0.05089586600661278,0.3109067976474762,0.2897973358631134,0.009459351189434528,0.2531515657901764,0.23947833478450775,0.019694868475198746,0.026615407317876816,0.027414768934249878,0.21392318606376648,0.277767151594162,0.013211463578045368,0.013551557436585426,5.070314000477083e-05,0.00014208201901055872,0.00015300947416108102,5.512993084266782e-06,6.003934322507121e-05,0.0022232988849282265,0.0016979548381641507,0.0002260292967548594,0.00026884014368988574,0.0020126814488321543,0.0024443306028842926,8.14679660834372e-05,6.404663145076483e-05,0.01606384851038456,0.01690616086125374,0.1051521748304367,0.0009838223922997713,0.0004805493517778814,0.0004120278754271567,0.03968789428472519,0.031162520870566368,0.7546897530555725,0.7519481182098389,0.007795433513820171,0.017772803083062172,0.03758639469742775,0.05232594534754753,2.60808292296133e-06,9.381174663758429e-07
429,14339,0,2.48086394094571e-06,0.033236581832170486,0.06446997076272964,0.020222971215844154,0.13279856741428375,0.04497704282402992,2.2655411157757044e-05,1.573407359956036e-07,8.26068173864769e-08,0.08961698412895203,0.10930073261260986,0.18738721311092377,0.20094898343086243,0.015607093460857868,0.1654512733221054,0.1862807422876358,0.034537963569164276,0.05359678715467453,0.04456118866801262,0.4212067127227783,0.3772108852863312,0.010078025981783867,0.005762011744081974,2.6999434339813888e-05,0.0001389627723256126,0.0005502781714312732,8.34796537674265e-06,0.0002897066588047892,0.004236889071762562,0.007746599148958921,8.744368824409321e-05,9.032810339704156e-05,0.0008803620003163815,0.0012894193641841412,4.088974674232304e-05,3.2066585845313966e-05,0.02621280401945114,0.026086777448654175,0.03409433737397194,0.0029531242325901985,0.0011642132885754108,0.0019400451565161347,0.09050174057483673,0.025474844500422478,0.7873013019561768,0.7999730706214905,0.0036145998165011406,0.004715152084827423,0.02967182733118534,0.054503753781318665,8.643282853881828e-07,8.137969871313544e-07
431,14406,0,3.3619201076362515e-06,0.04411471635103226,0.07832269370555878,0.013650939799845219,0.11462961882352829,0.03974499553442001,2.5574045139364898e-05,2.0651887666645052e-07,8.96717580189943e-08,0.10799234360456467,0.11178896576166153,0.1905684918165207,0.20341166853904724,0.01838146150112152,0.14918555319309235,0.16684021055698395,0.03856292739510536,0.051838938146829605,0.04299910366535187,0.5042509436607361,0.4314405024051666,0.007591468282043934,0.004708054941147566,2.486187804606743e-05,0.00014561782882083207,0.0006767794257029891,8.551065548090264e-06,0.00039203392225317657,0.00423002801835537,0.012366889044642448,0.00013278730330057442,0.00012549106031656265,0.000588834926020354,0.0010122344829142094,3.322347401990555e-05,2.702375059016049e-05,0.029776696115732193,0.03191327303647995,0.019958335906267166,0.0036499679554253817,0.0015184199437499046,0.002358032623305917,0.15490218997001648,0.02967037260532379,0.8233185410499573,0.8348747491836548,0.00571741908788681,0.006183476187288761,0.03612576425075531,0.06482253968715668,6.787226425331028e-07,9.258087629859801e-07
433,14473,0,4.317461844038917e-06,0.05923932045698166,0.10160108655691147,0.009550635702908039,0.10342288017272949,0.036447927355766296,2.7445559680927545e-05,2.302790704789004e-07,1.1328634030860485e-07,0.09658408164978027,0.08891531080007553,0.16742508113384247,0.1860554963350296,0.013668356463313103,0.18892574310302734,0.20000505447387695,0.03107655979692936,0.05765809491276741,0.046346742659807205,0.521672248840332,0.38100388646125793,0.008133367635309696,0.005946752615272999,2.4005350496736355e-05,0.0001328717771684751,0.0006415458046831191,8.86214547790587e-06,0.0004051456053275615,0.004919612780213356,0.01200330164283514,0.00017867395945359021,0.00017058463708963245,0.0005576484836637974,0.0011570409405976534,2.792958912323229e-05,2.2804937543696724e-05,0.033972207456827164,0.03005833737552166,0.018044363707304,0.0031304487492889166,0.0015379961114376783,0.002167150378227234,0.22638225555419922,0.03547750040888786,0.8622058033943176,0.8546453714370728,0.009128387086093426,0.007136921398341656,0.050183795392513275,0.08456800132989883,6.796767593186814e-07,1.016638975670503e-06
435,14539,0,4.499002443481004e-06,0.06668491661548615,0.10555916279554367,0.01144492719322443,0.09164771437644958,0.034895457327365875,2.8979591661482118e-05,2.3480055233449093e-07,1.3319450431481528e-07,0.09614993631839752,0.0821084976196289,0.19852934777736664,0.2108810544013977,0.013649553060531616,0.1802193969488144,0.19743512570858002,0.031704507768154144,0.04633121192455292,0.03742142766714096,0.49429431557655334,0.35235410928726196,0.008480293676257133,0.005995039828121662,2.9383580113062635e-05,0.00013732857769355178,0.0006208476843312383,9.074605259229429e-06,0.000300110928947106,0.008306730538606644,0.011373456567525864,0.00015398263349197805,0.00017187166668009013,0.0005763671360909939,0.0015967016806825995,3.5971861507277936e-05,3.336425652378239e-05,0.040246978402137756,0.031500332057476044,0.016934221610426903,0.0018960194429382682,0.0017435760237276554,0.002258781809359789,0.17971332371234894,0.033008135855197906,0.8551060557365417,0.8377954363822937,0.005852757021784782,0.008061675354838371,0.04378838092088699,0.06407090276479721,8.21795708816353e-07,1.250626837645541e-06
437,14606,0,4.55075087302248e-06,0.06898064911365509,0.13364745676517487,0.010929957963526249,0.09022457897663116,0.027165871113538742,2.447796032356564e-05,1.825286801704351e-07,1.2579552333136235e-07,0.09393449872732162,0.09724707156419754,0.20921041071414948,0.2249077707529068,0.01405700296163559,0.17541000247001648,0.19213606417179108,0.03235575929284096,0.04627913609147072,0.03307017311453819,0.49703505635261536,0.3161988854408264,0.009383875876665115,0.0046023353934288025,2.4004777515074238e-05,0.00012773589696735144,0.0004628876340575516,8.709978828846943e-06,0.0002456040238030255,0.0073328688740730286,0.008585456758737564,0.00017731061961967498,0.00020394433522596955,0.0006187977851368487,0.0017481343820691109,2.6758943931781687e-05,2.224015952378977e-05,0.03140685334801674,0.025758372619748116,0.024381382390856743,0.001821516896598041,0.0012948941439390182,0.0014990788185968995,0.23664359748363495,0.041162289679050446,0.8356209993362427,0.8295983076095581,0.005003164988011122,0.009243390522897243,0.05271017178893089,0.07957489788532257,9.565599157213e-07,1.0813068911375012e-06
439,14673,0,4.7631265260861255e-06,0.061398062855005264,0.12478560954332352,0.010890306904911995,0.09386517852544785,0.031582120805978775,2.4612623747088946e-05,1.8003007085098943e-07,1.441426320525352e-07,0.09091052412986755,0.10234417021274567,0.22051134705543518,0.24195243418216705,0.015193436294794083,0.16076229512691498,0.18077772855758667,0.03494711220264435,0.04484620317816734,0.029408583417534828,0.5007171034812927,0.27156421542167664,0.010197700001299381,0.004072394222021103,2.256603147543501e-05,0.00011825250840047374,0.0004232528153806925,9.413335646968335e-06,0.0002100155979860574,0.006922868080437183,0.005892783869057894,0.00024277620832435787,0.00029474205803126097,0.0005422477261163294,0.0014907356817275286,2.324278284504544e-05,2.0944271454936825e-05,0.030903780832886696,0.02271060273051262,0.02352186292409897,0.001973912352696061,0.0013363143661990762,0.001321164658293128,0.26121020317077637,0.046155888587236404,0.8310959339141846,0.8221143484115601,0.005160203669220209,0.013006745837628841,0.05220287665724754,0.07663974910974503,1.1166978310939157e-06,1.1396721220080508e-06
441,14740,0,3.826363808911992e-06,0.05805235728621483,0.10488881915807724,0.010479563847184181,0.09920523315668106,0.04008693993091583,2.6966548830387183e-05,1.8197926010543597e-07,1.2351286216016888e-07,0.08871255069971085,0.11374083161354065,0.21587350964546204,0.24177198112010956,0.017697760835289955,0.1400688737630844,0.1696154922246933,0.042186323553323746,0.047235485166311264,0.030845453962683678,0.502424955368042,0.2861596941947937,0.010869118385016918,0.003932474181056023,2.710849184950348e-05,9.330497414339334e-05,0.0004207263409625739,1.078793138731271e-05,0.00022431947581935674,0.005479942541569471,0.008983967825770378,0.0001919498317874968,0.00019997378694824874,0.0006006768671795726,0.0016474284930154681,2.8378928618622012e-05,2.4888946427381597e-05,0.027746886014938354,0.028614798560738564,0.023490332067012787,0.0019572137389332056,0.0011789544951170683,0.0013386798091232777,0.20307888090610504,0.03701404482126236,0.8415879011154175,0.858700692653656,0.006527583580464125,0.011327124200761318,0.05275330692529678,0.08361608535051346,9.87194653134793e-07,9.70806695477222e-07
443,14807,0,3.887420461978763e-06,0.04990363493561745,0.07380444556474686,0.018773645162582397,0.10601316392421722,0.05374223738908768,2.731281529122498e-05,1.9529593942024803e-07,1.2293445195155073e-07,0.10182663053274155,0.12259779125452042,0.216708242893219,0.2440982609987259,0.020357873290777206,0.12802930176258087,0.15666915476322174,0.04624476656317711,0.04679662734270096,0.03029608726501465,0.497158408164978,0.2758456766605377,0.009280121885240078,0.003685617819428444,2.7563646654016338e-05,9.677751222625375e-05,0.00043988964171148837,1.106251966120908e-05,0.00022504075604956597,0.00622883765026927,0.010846861638128757,0.00016063723887782544,0.00016753049567341805,0.0006083020125515759,0.0018996249418705702,3.1045765354065225e-05,2.6254083422827534e-05,0.03216485679149628,0.0345129631459713,0.02060595341026783,0.0018225315725430846,0.001225089654326439,0.0015653304290026426,0.20030567049980164,0.037213508039712906,0.8494266271591187,0.8672657012939453,0.006400772836059332,0.01081877015531063,0.05092354118824005,0.08231128752231598,1.0279667321810848e-06,1.0047527894130326e-06
445,14874,0,3.4162596875830786e-06,0.040859248489141464,0.059082016348838806,0.032787054777145386,0.12186761200428009,0.06303909420967102,2.5030860342667438e-05,1.9117952376745961e-07,1.212569316066947e-07,0.10470033437013626,0.12257197499275208,0.2238694131374359,0.25113874673843384,0.021510645747184753,0.12282537668943405,0.15206483006477356,0.04730715602636337,0.04474906995892525,0.02911175973713398,0.46706292033195496,0.267203152179718,0.009073329158127308,0.0037248958833515644,3.1010400562081486e-05,9.11644528969191e-05,0.00034792727092280984,1.0011689482780639e-05,0.00017987273167818785,0.005456096027046442,0.00879923440515995,0.00013475072046276182,0.00014521573029924184,0.0007921276264823973,0.0020367689430713654,3.746424408745952e-05,3.228019340895116e-05,0.028558112680912018,0.0320853665471077,0.028045425191521645,0.0017680091550573707,0.0009431401849724352,0.0012658879859372973,0.15723475813865662,0.035151757299900055,0.8382349014282227,0.86040860414505,0.005416214000433683,0.011937188915908337,0.06506680697202682,0.09753060340881348,1.304540091950912e-06,9.802008662518347e-07
447,14940,0,3.08624612443964e-06,0.04981605336070061,0.0701557919383049,0.03427223861217499,0.09866757690906525,0.0573686808347702,2.4628705432405695e-05,1.7622032544295507e-07,1.1665036936392426e-07,0.11931823939085007,0.1287006437778473,0.2499803751707077,0.2743512988090515,0.025224607437849045,0.107246994972229,0.13739867508411407,0.05347447097301483,0.03899853304028511,0.025750381872057915,0.46047770977020264,0.26392361521720886,0.007943050004541874,0.003539178753271699,3.387427204870619e-05,0.00011561466817511246,0.00034931619302369654,7.923555131128523e-06,0.00017214180843438953,0.0053906007669866085,0.007854510098695755,0.00011627958883764222,0.00012655190948862582,0.000905686873011291,0.0024457089602947235,4.1287814383395016e-05,3.654577085399069e-05,0.02799290046095848,0.02970454841852188,0.030720895156264305,0.0013957017799839377,0.0008861704263836145,0.0013677367242053151,0.11937487125396729,0.030347859486937523,0.8347643613815308,0.8473820090293884,0.0051556918770074844,0.01084102038294077,0.06394656002521515,0.09097736328840256,1.2921286725031678e-06,1.000672455120366e-06
449,15007,0,1.3095473150315229e-06,0.01032798271626234,0.023777205497026443,0.07637576013803482,0.22275589406490326,0.04394382983446121,4.491386061999947e-05,4.318411299664149e-07,1.272347844860633e-07,0.04718462750315666,0.04908505827188492,0.07878447324037552,0.10814151167869568,0.05928897485136986,0.04338207095861435,0.07975487411022186,0.11461645364761353,0.17055673897266388,0.13166484236717224,0.5893571376800537,0.3822006285190582,0.026449240744113922,0.014120514504611492,0.0001893247535917908,7.414796709781513e-05,0.00045440837857313454,2.121418401657138e-05,9.456455882173032e-05,0.002064557047560811,0.0024660013150423765,0.0006943147745914757,0.0006976088625378907,0.0015298620564863086,0.0005117588443681598,0.0004434477014001459,0.0008053818601183593,0.02111383154988289,0.014581920579075813,0.02386908419430256,0.0016505684470757842,0.0008724431390874088,0.0008184235775843263,0.008452197536826134,0.008534608408808708,0.7902954816818237,0.8001106977462769,0.011864593252539635,0.03768220916390419,0.0055504064075648785,0.008495675399899483,2.1921482584730256e-06,1.6448939277324826e-06
451,15074,0,1.4269533039623639e-06,0.013200602494180202,0.0413101464509964,0.04242090508341789,0.24897080659866333,0.03518962487578392,2.6481953682377934e-05,3.195971203240333e-07,9.037971437919623e-08,0.09945959597826004,0.06986535340547562,0.16222016513347626,0.16787376999855042,0.04174744337797165,0.06254067271947861,0.09507201611995697,0.07885461300611496,0.0681958794593811,0.059840377420186996,0.47784802317619324,0.41375187039375305,0.01073499582707882,0.00754154659807682,9.14440315682441e-05,6.208985723787919e-05,0.00037704332498833537,1.9678895114338957e-05,8.988285844679922e-05,0.0023372883442789316,0.0036757923662662506,0.0005515447119250894,0.0005638716975226998,0.0009799322579056025,0.0005930874613113701,0.00019134792091790587,0.00019010710821021348,0.018490957096219063,0.022056495770812035,0.01936270110309124,0.0020380245987325907,0.0009498237632215023,0.001039943308569491,0.02054051123559475,0.015596814453601837,0.7742058038711548,0.8171646595001221,0.008354580961167812,0.025056203827261925,0.010309294797480106,0.016439246013760567,1.659650592955586e-06,1.3340772966330405e-06
453,15141,0,2.431437224004185e-06,0.04161158204078674,0.07383532077074051,0.0224643312394619,0.12949788570404053,0.03161613270640373,2.0422581656021066e-05,2.5038596618287556e-07,9.074955187315936e-08,0.12209076434373856,0.08615384995937347,0.23933419585227966,0.24112685024738312,0.03511309251189232,0.07341379672288895,0.10687101632356644,0.07225524634122849,0.03991708904504776,0.03460472449660301,0.4332817792892456,0.40032896399497986,0.007906240411102772,0.005699248518794775,3.8143462006701156e-05,8.797168993623927e-05,0.0003662760427687317,1.2581086593854707e-05,0.0001248407206730917,0.00325387017801404,0.004731945227831602,0.0004125199338886887,0.0004405012587085366,0.0005947839817963541,0.0008354595047421753,5.746667375206016e-05,4.87766410515178e-05,0.0233467910438776,0.026766391471028328,0.017815783619880676,0.002258822787553072,0.0013047553366050124,0.001380177098326385,0.09349294006824493,0.02781342901289463,0.7925577759742737,0.8198643922805786,0.005688765551894903,0.015295017510652542,0.020798910409212112,0.03227200359106064,1.0409006563349976e-06,1.3266172800285858e-06
455,15208,0,2.9166908461775165e-06,0.06320483237504959,0.09100206941366196,0.018328577280044556,0.09215585142374039,0.03356203809380531,1.9743238226510584e-05,1.941164669005957e-07,9.806527145883592e-08,0.12366234511137009,0.103133425116539,0.2535325288772583,0.26206859946250916,0.02680351212620735,0.09406544268131256,0.12956491112709045,0.05967121571302414,0.03649508208036423,0.029208457097411156,0.4313625991344452,0.3495539724826813,0.007554916664958,0.004715089686214924,2.930823939095717e-05,0.00010111083975061774,0.0003460885782260448,1.0399331586086191e-05,0.00013312467490322888,0.004498851485550404,0.005698877852410078,0.00021661343635059893,0.00024204769579228014,0.0006235618493519723,0.00137220264878124,3.6045039450982586e-05,3.1599487556377426e-05,0.028137139976024628,0.027789102867245674,0.02148854359984398,0.0019132740562781692,0.0010674057994037867,0.0014507552841678262,0.1431608349084854,0.03332711383700371,0.8164222240447998,0.8241455554962158,0.004978983197361231,0.011998303234577179,0.033500418066978455,0.049308136105537415,1.0445581892781775e-06,1.1423142041167011e-06
457,15275,0,2.854097147064749e-06,0.06310176104307175,0.06979791074991226,0.023726264014840126,0.09133382886648178,0.051010120660066605,2.138733361789491e-05,1.7457703904710797e-07,1.0654411397581498e-07,0.13037502765655518,0.11839355528354645,0.25922995805740356,0.2757950723171234,0.023388013243675232,0.1040550246834755,0.14283102750778198,0.055137548595666885,0.03494308516383171,0.026458818465471268,0.42996323108673096,0.31635525822639465,0.00700002908706665,0.003982131835073233,3.331351399538107e-05,0.00011097692913608626,0.00034814729588106275,8.781271390034817e-06,0.00014173262752592564,0.00471488619223237,0.005001198034733534,0.00017811229918152094,0.00020332941494416445,0.0007361272000707686,0.002172703854739666,4.0108039684128016e-05,3.627947444329038e-05,0.028015173971652985,0.026734082028269768,0.024507371708750725,0.0011515679070726037,0.0009998030727729201,0.0015394981019198895,0.10812252014875412,0.027896860614418983,0.8156583905220032,0.8186324834823608,0.005136657040566206,0.01252632774412632,0.03814661502838135,0.053760018199682236,1.1438719411671627e-06,1.1318898032186553e-06
459,15342,0,2.92845811600273e-06,0.05906812101602554,0.06388312578201294,0.02518412284553051,0.09679843485355377,0.06014392524957657,2.087520078930538e-05,1.5445662882029865e-07,1.0803385208646432e-07,0.12686388194561005,0.12210305035114288,0.25577282905578613,0.2737042307853699,0.02736506424844265,0.09430430084466934,0.12691490352153778,0.05881180614233017,0.03546938672661781,0.02633552812039852,0.42560482025146484,0.29218751192092896,0.007069750223308802,0.0038426166865974665,2.8440672394935973e-05,0.00014597721747122705,0.00040903364424593747,7.140770321711898e-06,0.00017991989443544298,0.004876891616731882,0.004570411052554846,0.00017403265519533306,0.00020025542471557856,0.0006951586110517383,0.002560078166425228,3.363282303325832e-05,2.898550701502245e-05,0.02999892085790634,0.026472058147192,0.023457704111933708,0.0009323942940682173,0.0011350892018526793,0.0017561960266903043,0.1139349713921547,0.025758560746908188,0.8126524090766907,0.8081761002540588,0.005275700706988573,0.011580698192119598,0.03089279867708683,0.04469434171915054,1.0168270137000945e-06,1.0929528571068658e-06
461,15408,0,2.8409292553988053e-06,0.055781666189432144,0.06422342360019684,0.03299572691321373,0.0971888080239296,0.06524357944726944,2.1902173102716915e-05,1.6456129969810718e-07,1.1702464064455853e-07,0.12302741408348083,0.12250367552042007,0.2519412934780121,0.2713337540626526,0.027279816567897797,0.09391789883375168,0.1259581744670868,0.05806206911802292,0.03533196449279785,0.026178376749157906,0.4224545955657959,0.2847854197025299,0.007174105849117041,0.0037726599257439375,3.272507092333399e-05,0.00013783681788481772,0.00037976165185682476,6.726315859850729e-06,0.00016611132014077157,0.004449593834578991,0.004439751151949167,0.0001938313216669485,0.00021939830912742764,0.0007679240661673248,0.0024921027943491936,4.105248081032187e-05,3.596976603148505e-05,0.02828267030417919,0.025412773713469505,0.02529444918036461,0.0008969538612291217,0.0010918627958744764,0.0015988809755071998,0.09173686802387238,0.024047425016760826,0.8118115067481995,0.8079763650894165,0.0062194205820560455,0.01306042168289423,0.03501809388399124,0.050129543989896774,1.1429134474383318e-06,1.1292212320768158e-06
463,15475,0,2.912240915975417e-06,0.05177845433354378,0.05898052453994751,0.03552277386188507,0.10940811038017273,0.07032840698957443,2.2016283764969558e-05,1.6270382729999255e-07,1.214067850696665e-07,0.12126965075731277,0.12004903703927994,0.25250840187072754,0.27178964018821716,0.026409536600112915,0.09387796372175217,0.12885254621505737,0.05823276937007904,0.035332389175891876,0.02610476315021515,0.41211822628974915,0.26623937487602234,0.007392349652945995,0.003893764689564705,3.058900620089844e-05,0.00014633426326327026,0.000435116293374449,6.931066764082061e-06,0.00018850533524528146,0.004530841950327158,0.004387828055769205,0.00020182669686619192,0.00022939273912925273,0.0006948508671484888,0.002214235020801425,3.786822344409302e-05,3.3362633985234424e-05,0.030639857053756714,0.02683834545314312,0.022915329784154892,0.0010066963732242584,0.0012876986293122172,0.0017699304735288024,0.09538650512695312,0.022974027320742607,0.8065287470817566,0.8041989803314209,0.005931772291660309,0.013040438294410706,0.026681359857320786,0.039189908653497696,1.085378585230501e-06,1.1889817415067228e-06
465,15542,0,3.0605558549723355e-06,0.051677901297807693,0.06087423861026764,0.034894250333309174,0.11259070783853531,0.06920910626649857,2.313030017830897e-05,1.7171007016258955e-07,1.2412665739702788e-07,0.11923959106206894,0.11943916976451874,0.25871407985687256,0.2789961099624634,0.0255192331969738,0.09407544136047363,0.13177435100078583,0.0584445483982563,0.03479650616645813,0.024858372285962105,0.4165790379047394,0.25697755813598633,0.0077203419059515,0.003831193083897233,3.0951396183809265e-05,0.00013105016842018813,0.0004405961371958256,7.827389708836563e-06,0.00019033800344914198,0.004437567666172981,0.0049744960851967335,0.00021368001762311906,0.00023953265917953104,0.0006746002472937107,0.0021913135424256325,3.847881453111768e-05,3.3493175578769296e-05,0.03131065517663956,0.029893888160586357,0.021527055650949478,0.0010417908197268844,0.001339050941169262,0.0017888798611238599,0.10295531153678894,0.02460893616080284,0.8093135356903076,0.8163793683052063,0.006159398704767227,0.014000005088746548,0.02754368633031845,0.041272833943367004,1.0943671213681228e-06,1.233075408890727e-06
467,15609,0,3.1159504487732193e-06,0.04594612866640091,0.05762394517660141,0.03501157835125923,0.12478829175233841,0.07127910852432251,2.2070331397117116e-05,1.6128824142924714e-07,1.2475398136757576e-07,0.11860822141170502,0.1209973618388176,0.26769885420799255,0.28615522384643555,0.024653706699609756,0.09472179412841797,0.13321349024772644,0.05762946978211403,0.03350730985403061,0.02362324297428131,0.4100097715854645,0.25009283423423767,0.007858539000153542,0.003715691389515996,2.6826883186004125e-05,0.00014124369772616774,0.00045342143857851624,7.785803973092698e-06,0.00018615138833411038,0.004394344985485077,0.0045470804907381535,0.00024231623683590442,0.00027501152362674475,0.0005771896103397012,0.002168502891436219,3.246660708100535e-05,2.7640691769192927e-05,0.03162798285484314,0.030085042119026184,0.018615856766700745,0.0010088187409564853,0.0014589674538001418,0.00198446330614388,0.12169340997934341,0.026589231565594673,0.799751877784729,0.8079860210418701,0.005735346116125584,0.014003559947013855,0.023697497323155403,0.036130353808403015,1.0572823612164939e-06,1.2616993672054377e-06
469,15676,0,3.158440222250647e-06,0.04150254651904106,0.057129573076963425,0.03650368005037308,0.13269348442554474,0.07027027010917664,2.158565985155292e-05,1.6123364332543133e-07,1.2544533944947034e-07,0.1151220053434372,0.11794067174196243,0.26877886056900024,0.28532660007476807,0.024442074820399284,0.09602677822113037,0.1331878900527954,0.056607604026794434,0.0333993025124073,0.023611154407262802,0.3982844948768616,0.2443227469921112,0.00816535297781229,0.0038405824452638626,2.4697808839846402e-05,0.00013670107000507414,0.00043324928265064955,7.86443615652388e-06,0.00017663126345723867,0.004107125569134951,0.004418363329023123,0.00027033942751586437,0.0003038003633264452,0.0005473479977808893,0.00215946976095438,3.0796534701948985e-05,2.5220197130693123e-05,0.0308514516800642,0.03046516329050064,0.018042875453829765,0.0010251299245283008,0.0014669375959783792,0.0019882461056113243,0.14207802712917328,0.030148200690746307,0.8001374006271362,0.8102718591690063,0.006045444868505001,0.013758964836597443,0.027577588334679604,0.04292285442352295,1.0570383892627433e-06,1.2252228316356195e-06
471,15743,0,3.21205698128324e-06,0.050152335315942764,0.06903890520334244,0.028856169432401657,0.11398205906152725,0.06231437250971794,2.2163367248140275e-05,1.6092057819605543e-07,1.2033339658046316e-07,0.12040264904499054,0.12137733399868011,0.2447558343410492,0.26370614767074585,0.028540633618831635,0.08327232301235199,0.12067289650440216,0.0643148198723793,0.03677026182413101,0.026599612087011337,0.41237425804138184,0.25455614924430847,0.007876378484070301,0.003644615178927779,2.5789275241550058e-05,0.00012595440784934908,0.00042496336391195655,8.39079530123854e-06,0.00017549960466567427,0.004244524985551834,0.004926249384880066,0.00022714231454301625,0.00025174926850013435,0.0006091539980843663,0.0022232376504689455,3.35726399498526e-05,2.787394987535663e-05,0.031438641250133514,0.032066307961940765,0.019686613231897354,0.0010526872938498855,0.0013592054601758718,0.0019654936622828245,0.12935501337051392,0.029520723968744278,0.8050702810287476,0.8183207511901855,0.00589644443243742,0.013074450194835663,0.02934793382883072,0.046623580157756805,1.0477747309778351e-06,1.1790709777415032e-06
473,15810,0,3.0119090297375806e-06,0.04838050529360771,0.07375307381153107,0.026189196854829788,0.11912775784730911,0.0584169439971447,2.168297942262143e-05,1.516673364676535e-07,1.1773165908834926e-07,0.11986251175403595,0.12135589867830276,0.23099146783351898,0.250066876411438,0.029390092939138412,0.08115888386964798,0.11867871135473251,0.06597695499658585,0.039178114384412766,0.029014745727181435,0.4041665494441986,0.25285929441452026,0.007901083678007126,0.0037145568057894707,2.5797713533393107e-05,0.00012757231888826936,0.0004259777197148651,8.174168215191457e-06,0.00017511396436020732,0.004246532451361418,0.004979551769793034,0.00020817246695514768,0.00022828980581834912,0.0006217702175490558,0.00217536767013371,3.359707989147864e-05,2.8140237191109918e-05,0.03140352666378021,0.031703051179647446,0.020253917202353477,0.0010924782836809754,0.001315563335083425,0.001976622501388192,0.11966540664434433,0.027559686452150345,0.8052643537521362,0.8182742595672607,0.005859369412064552,0.012345555238425732,0.026861637830734253,0.04399864375591278,1.0350257753088954e-06,1.1136636430819635e-06
475,15876,0,2.9517018447222654e-06,0.04466696083545685,0.07330285012722015,0.02429450862109661,0.12689118087291718,0.05920486897230148,2.1269526769174263e-05,1.47795375937676e-07,1.199210828417563e-07,0.11984488368034363,0.12508119642734528,0.22908197343349457,0.2498447149991989,0.030325427651405334,0.07743977010250092,0.11649179458618164,0.06926339864730835,0.04004364088177681,0.029259899631142616,0.4038301408290863,0.24861939251422882,0.008062280714511871,0.0035600909031927586,2.5384328182553872e-05,0.00013312352530192584,0.0004068446869496256,7.848484528949484e-06,0.00016514920571353287,0.004193363711237907,0.004587648902088404,0.00023157069517765194,0.00025636915233917534,0.0006072631222195923,0.0021054043900221586,3.2037427445175126e-05,2.7095567929791287e-05,0.03056824766099453,0.03018859773874283,0.020390447229146957,0.0010871227132156491,0.0012883549788966775,0.0018335799686610699,0.1253879815340042,0.027838056907057762,0.8019604682922363,0.8129773139953613,0.005828798748552799,0.012878013774752617,0.025755295529961586,0.041896190494298935,1.0661541409717756e-06,1.1142000175823341e-06
477,15943,0,2.6333734695072053e-06,0.03967573493719101,0.06307773292064667,0.03441902995109558,0.1344708502292633,0.06505335122346878,2.093365037580952e-05,1.5630892846729694e-07,1.2014407957394724e-07,0.11894608289003372,0.124623142182827,0.24098710715770721,0.2624700963497162,0.02941703237593174,0.07830509543418884,0.11862816661596298,0.06862861663103104,0.03782429173588753,0.027393825352191925,0.39454859495162964,0.2529514729976654,0.008024275302886963,0.0036068488843739033,2.8910859327879734e-05,0.0001354559208266437,0.0003719199448823929,7.378895134024788e-06,0.0001408924872521311,0.0036977650597691536,0.0041475375182926655,0.0002825561969075352,0.00030698999762535095,0.0006245500990189612,0.0020450998563319445,3.7885889469180256e-05,3.2067076972452924e-05,0.028035715222358704,0.02874462865293026,0.02075577713549137,0.0009933568071573973,0.0012700086226686835,0.0016217397060245275,0.1066761240363121,0.026071596890687943,0.7937097549438477,0.8066533803939819,0.006381607614457607,0.014040768146514893,0.023487426340579987,0.03781856596469879,1.1530886467880919e-06,1.1620394388955901e-06
479,16010,0,2.5717433800309664e-06,0.040809664875268936,0.05961553752422333,0.032977841794490814,0.13215963542461395,0.06712368875741959,2.0454914192669094e-05,1.465926544597096e-07,1.0916272685790318e-07,0.10765346884727478,0.11998575180768967,0.24692602455615997,0.26621440052986145,0.028084782883524895,0.07948876172304153,0.12012933194637299,0.06611546128988266,0.03622746467590332,0.02611398883163929,0.3906441330909729,0.25477561354637146,0.008619698695838451,0.0037581997457891703,2.5558443667250685e-05,0.00014782731886953115,0.00038244869210757315,7.123391696950421e-06,0.00013864524953532964,0.0037037215661257505,0.004580385517328978,0.0003299127274658531,0.00034866706118918955,0.0005242144106887281,0.0016506658867001534,3.469901639618911e-05,2.8287144232308492e-05,0.026371095329523087,0.02672714553773403,0.019544195383787155,0.0011595720425248146,0.001448427909053862,0.0016195708885788918,0.12211747467517853,0.026301980018615723,0.7774125933647156,0.7895557880401611,0.005633290857076645,0.010790408588945866,0.019399669021368027,0.03195476159453392,1.0361417253079708e-06,1.1456995707703754e-06
481,16077,0,2.758130449365126e-06,0.042983680963516235,0.06367571651935577,0.030217822641134262,0.12771731615066528,0.06368682533502579,2.075233351206407e-05,1.467372783281462e-07,1.06268501554041e-07,0.10837425291538239,0.12310390919446945,0.25169119238853455,0.2700018584728241,0.029181068763136864,0.07665155827999115,0.11707326024770737,0.06828761845827103,0.03559795022010803,0.025466008111834526,0.3933328688144684,0.25850391387939453,0.008561579510569572,0.003659853246062994,2.3250409867614508e-05,0.0001495865872129798,0.00041175249498337507,7.4845520430244505e-06,0.00015127095684874803,0.003961763810366392,0.005048038903623819,0.000331958377500996,0.00035074795596301556,0.0004781887982971966,0.0016642989357933402,3.1712756026536226e-05,2.5124320018221624e-05,0.028304386883974075,0.028608383610844612,0.017927760258316994,0.0011781314387917519,0.0015930222580209374,0.0017595590325072408,0.14464978873729706,0.02778845839202404,0.7799925208091736,0.7906040549278259,0.0054421075619757175,0.009949440136551857,0.019323740154504776,0.03212984651327133,9.522665322947432e-07,1.1579473948586383e-06
483,16144,0,2.9467432796081994e-06,0.04552499204874039,0.06477003544569016,0.02999262884259224,0.12067852914333344,0.06360308080911636,2.082789251289796e-05,1.4386975522029388e-07,1.0208461986849215e-07,0.113567054271698,0.12688760459423065,0.2573496103286743,0.27674007415771484,0.029328474774956703,0.0754326805472374,0.11757539957761765,0.0698886290192604,0.03518668934702873,0.024574825540184975,0.40812602639198303,0.25875356793403625,0.008270252496004105,0.003511384828016162,2.1445908714667894e-05,0.00014985255256760865,0.00045002097613178194,7.999000445124693e-06,0.00017339939950034022,0.004262658301740885,0.005395767278969288,0.0002926350571215153,0.0003112303384114057,0.0004750240477733314,0.0016992875607684255,2.8362153898342513e-05,2.232505357824266e-05,0.029716569930315018,0.029311668127775192,0.018036702647805214,0.001245350344106555,0.0016356590203940868,0.0018878587288782,0.15726202726364136,0.028302310034632683,0.7796748876571655,0.7905603647232056,0.004879067651927471,0.009089390747249126,0.01853235624730587,0.031297218054533005,8.854018460624502e-07,1.164424475064152e-06
485,16211,0,2.9652899229404284e-06,0.04993215948343277,0.06868057698011398,0.026269029825925827,0.11191941797733307,0.0622139498591423,2.120380668202415e-05,1.3919461139266787e-07,9.989877725047336e-08,0.10819394886493683,0.1281677633523941,0.2597297132015228,0.28117167949676514,0.02925020270049572,0.07476051151752472,0.11821778118610382,0.07069353759288788,0.03504473343491554,0.023962456732988358,0.41086241602897644,0.2586662769317627,0.008800365962088108,0.003445748472586274,2.1557434592978097e-05,0.00015058464487083256,0.0004608553717844188,8.151087968144566e-06,0.00017978838877752423,0.004292746540158987,0.005412932485342026,0.0002795617328956723,0.00029807270038872957,0.0004913732991553843,0.001751375151798129,2.862308429030236e-05,2.2364878532243893e-05,0.029460063204169273,0.028839310631155968,0.018998151645064354,0.0012161360355094075,0.0016321935690939426,0.0018745451234281063,0.15210318565368652,0.027654627338051796,0.776104748249054,0.7874464988708496,0.00464555062353611,0.008613144978880882,0.017792224884033203,0.030454156920313835,8.62950344071578e-07,1.1600640164033393e-06
487,16277,0,2.8843273867096286e-06,0.04644598066806793,0.06803454458713531,0.026667730882763863,0.11741455644369125,0.06207890808582306,2.115113784384448e-05,1.3679712651537557e-07,9.800281475236261e-08,0.11470796912908554,0.1318264752626419,0.25612592697143555,0.27761462330818176,0.02884058654308319,0.07638248056173325,0.11992519348859787,0.06945806741714478,0.03588792681694031,0.024584656581282616,0.4283256232738495,0.2635945975780487,0.00840297807008028,0.0032922360114753246,2.199632399424445e-05,0.0001462875516153872,0.0004594493075273931,8.447575964964926e-06,0.00017737150483299047,0.004273752216249704,0.005437095649540424,0.00026531273033469915,0.00028195875347591937,0.0005045481957495213,0.0016922187060117722,2.9400365747278556e-05,2.3036282073007897e-05,0.029289303347468376,0.028679536655545235,0.019345490261912346,0.001260741031728685,0.0015952163375914097,0.0018724887631833553,0.14199784398078918,0.026270542293787003,0.7732927203178406,0.7864044308662415,0.004484427161514759,0.008480814285576344,0.01657993346452713,0.02871619164943695,8.767489134697826e-07,1.133543491960154e-06
489,16344,0,2.747165353866876e-06,0.04768693074584007,0.06709827482700348,0.029605945572257042,0.11580602079629898,0.06365286558866501,2.070354821626097e-05,1.4081041399549576e-07,9.742301187998237e-08,0.11726079136133194,0.1296812742948532,0.27183797955513,0.29408174753189087,0.029976611956954002,0.07416008412837982,0.11913439631462097,0.07278631627559662,0.033824365586042404,0.02315373159945011,0.41692638397216797,0.2630980312824249,0.008391178213059902,0.0034433649852871895,2.338922604394611e-05,0.00013637219672091305,0.0004195152723696083,8.589709068473894e-06,0.00016892782878130674,0.004317778162658215,0.005013573449105024,0.00023028925352264196,0.0002496101660653949,0.0005752848810516298,0.0019180403323844075,3.0348739528562874e-05,2.4557664801250212e-05,0.02850896492600441,0.026792537420988083,0.02366836555302143,0.0011805355316028,0.001374850980937481,0.001604287070222199,0.13220815360546112,0.026152022182941437,0.7823091149330139,0.7886389493942261,0.004501641262322664,0.00876845046877861,0.019187333062291145,0.030946481972932816,9.418116064807691e-07,1.1307482736810925e-06
491,16411,0,2.963460929095163e-06,0.06048748269677162,0.07839634269475937,0.027638254687190056,0.09187784045934677,0.055891942232847214,2.168701212212909e-05,1.373295219764259e-07,9.467557759990086e-08,0.12285853922367096,0.1395573616027832,0.28395920991897583,0.3077903091907501,0.030442140996456146,0.07475610822439194,0.1178416833281517,0.07131800800561905,0.03333881124854088,0.02118821069598198,0.4513378143310547,0.24749529361724854,0.008307277224957943,0.0029773120768368244,2.432259134366177e-05,0.0001234640076290816,0.0004297087143640965,9.63863294600742e-06,0.00017802687943913043,0.004362696781754494,0.005487870890647173,0.00023189393687061965,0.0002510656195227057,0.0005942386342212558,0.0016263275174424052,3.14985190925654e-05,2.496518391126301e-05,0.028053179383277893,0.026864219456911087,0.02462860383093357,0.0014403819805011153,0.0013619187520816922,0.0015514576807618141,0.12893395125865936,0.025882316753268242,0.7787504196166992,0.7959330677986145,0.004202086012810469,0.009152542799711227,0.01935904659330845,0.032445427030324936,9.590070249032578e-07,1.1270974482613383e-06
493,16478,0,2.8215265501785325e-06,0.04868388921022415,0.06949049234390259,0.03299606963992119,0.10798779875040054,0.05938743054866791,2.1443496734718792e-05,1.4525667779707874e-07,9.403238721006346e-08,0.1199670061469078,0.1336115151643753,0.28184330463409424,0.30305182933807373,0.031788699328899384,0.07465938478708267,0.11473358422517776,0.07116870582103729,0.03395063430070877,0.021963197737932205,0.4514339864253998,0.25038397312164307,0.008457290939986706,0.003227605251595378,2.4737029889365658e-05,0.00011564554006326944,0.0004161650431342423,9.77036415861221e-06,0.00017905564163811505,0.004150297958403826,0.005791992414742708,0.00022201590763870627,0.00023585725284647197,0.000624600681476295,0.0015822824789211154,3.3050935599021614e-05,2.5862693291855976e-05,0.02763664536178112,0.02757832407951355,0.02584145963191986,0.0015533645637333393,0.0012974488781765103,0.0014757892349734902,0.1259455680847168,0.02616291493177414,0.7831397652626038,0.8026740550994873,0.004480286501348019,0.009135080501437187,0.021393056958913803,0.036052387207746506,9.858924840955297e-07,1.0839448805199936e-06
495,16545,0,2.787046696539619e-06,0.04302559047937393,0.06438139081001282,0.0396566279232502,0.11732882261276245,0.0630621388554573,2.1710708097089082e-05,1.4686831661947508e-07,9.554725011184928e-08,0.11865325272083282,0.13255077600479126,0.2905445396900177,0.31073853373527527,0.030472656711935997,0.0781075730919838,0.11877784132957458,0.06864598393440247,0.033247824758291245,0.021147701889276505,0.44597113132476807,0.24811150133609772,0.008617197163403034,0.003307610284537077,2.537452382966876e-05,0.00012059603614034131,0.0004243377479724586,9.4791339506628e-06,0.00018743929103948176,0.004370568320155144,0.006129647605121136,0.00019619219528976828,0.00020953115017618984,0.000668023363687098,0.0017150210915133357,3.397459295229055e-05,2.6735631763585843e-05,0.02846687100827694,0.028991105034947395,0.027223583310842514,0.001502246130257845,0.0012752830516546965,0.0014846601989120245,0.120346300303936,0.025323450565338135,0.7854875922203064,0.8059361577033997,0.004344794433563948,0.008940054103732109,0.021939124912023544,0.036540836095809937,1.013921973935794e-06,1.0914112635873607e-06
497,16612,0,2.5906881546688965e-06,0.04141183942556381,0.0599033422768116,0.03992410749197006,0.12291599065065384,0.06928988546133041,2.1817846572957933e-05,1.4456099961535074e-07,9.700489300712434e-08,0.11685440689325333,0.13028103113174438,0.28563615679740906,0.30831483006477356,0.028430934995412827,0.08209710568189621,0.1251319944858551,0.06600281596183777,0.03359563276171684,0.021587373688817024,0.44006988406181335,0.24493266642093658,0.008753146044909954,0.003424343653023243,2.7498716008267365e-05,0.00011868256115121767,0.00040548696415498853,9.310218047176022e-06,0.0001720502186799422,0.004149739630520344,0.005919099319726229,0.00018602825002744794,0.00019762697047553957,0.0007116232300177217,0.0017849052092060447,3.7584835808956996e-05,3.0164766940288246e-05,0.02823413722217083,0.029443776234984398,0.02791431173682213,0.0014123833971098065,0.001210775226354599,0.001449531759135425,0.10254327207803726,0.023378413170576096,0.7831424474716187,0.8055599331855774,0.004451104439795017,0.00921749696135521,0.02055956982076168,0.03467589244246483,1.0667603191905073e-06,1.0765696742964792e-06
499,16679,0,2.4492824195476715e-06,0.04285018891096115,0.06137794256210327,0.03813546150922775,0.12239614874124527,0.06711344420909882,2.1085943444631994e-05,1.3578434732153255e-07,9.404601541973534e-08,0.11249919980764389,0.12850815057754517,0.2787957191467285,0.30122798681259155,0.02586854062974453,0.08773249387741089,0.1323574334383011,0.061913661658763885,0.03407420590519905,0.022171076387166977,0.423509806394577,0.24279356002807617,0.009024504572153091,0.0034972045104950666,2.8084899895475246e-05,0.00011633815302047879,0.0003869881038554013,9.051493179867975e-06,0.00016190095630008727,0.0038528242148458958,0.005462581757456064,0.00019511577556841075,0.00020585209131240845,0.0007232499774545431,0.0017607862828299403,3.816918979282491e-05,3.0469929697574116e-05,0.026180176064372063,0.027737455442547798,0.029155945405364037,0.0013752320082858205,0.0011548601323738694,0.001392653794027865,0.09497026354074478,0.022916465997695923,0.7751377820968628,0.8004487752914429,0.004481264855712652,0.00926146935671568,0.01970495656132698,0.03396613150835037,1.0790406577143585e-06,1.036841581480985e-06
501,16745,0,2.3776644866302377e-06,0.043919775635004044,0.060987040400505066,0.0413346104323864,0.1185171902179718,0.06437693536281586,2.112172842316795e-05,1.3092233075440163e-07,9.205582784943545e-08,0.11457787454128265,0.13245747983455658,0.2873085141181946,0.30836066603660583,0.025303471833467484,0.08929628878831863,0.1340227872133255,0.06048106402158737,0.032733142375946045,0.021113663911819458,0.41652897000312805,0.24131880700588226,0.008864904753863811,0.0033681183122098446,2.9478276701411232e-05,0.00011365713726263493,0.00038262680754996836,9.1712890935014e-06,0.0001546086568851024,0.003906101454049349,0.005501290317624807,0.00018754368647933006,0.00019773063831962645,0.0007205468718893826,0.0017763515934348106,4.0361697756452486e-05,3.2555926736677065e-05,0.02606424130499363,0.027723900973796844,0.028874918818473816,0.00133958226069808,0.0011548810871317983,0.0014401960652321577,0.0873420238494873,0.021955430507659912,0.7699459791183472,0.7978649139404297,0.004240553826093674,0.009122967720031738,0.019212672486901283,0.03333115205168724,1.1073548193962779e-06,1.0215488828180241e-06
503,16812,0,2.478336000422132e-06,0.03867185860872269,0.05176916345953941,0.0498032346367836,0.12661601603031158,0.06973186880350113,2.099769153574016e-05,1.3638900497880968e-07,9.445048476663942e-08,0.11532612144947052,0.1294751614332199,0.2981893718242645,0.3157394528388977,0.02541477233171463,0.08989708125591278,0.13341611623764038,0.05936076119542122,0.030902553349733353,0.020116645842790604,0.40780210494995117,0.24164673686027527,0.00870604906231165,0.003444964298978448,2.7830390536109917e-05,0.00012235494796186686,0.0004177224764134735,9.23950119613437e-06,0.00016522229998372495,0.004073701798915863,0.005462211091071367,0.00019392023386899382,0.000207170145586133,0.0006703959661535919,0.0016593103064224124,3.896959242410958e-05,3.130649565719068e-05,0.027897605672478676,0.029171982780098915,0.026595808565616608,0.0014388231793418527,0.0013142710085958242,0.0015528632793575525,0.09354619681835175,0.022384250536561012,0.7639425992965698,0.7925173044204712,0.003930940758436918,0.009106400422751904,0.017102941870689392,0.02951650321483612,1.0903147540375357e-06,1.065296373781166e-06
505,16879,0,2.4385010419791797e-06,0.038021888583898544,0.049011897295713425,0.05048555135726929,0.12779289484024048,0.07078782469034195,2.0426339688128792e-05,1.322684255455897e-07,9.183205662566252e-08,0.11510630697011948,0.12465435266494751,0.30183717608451843,0.3163890540599823,0.024469615891575813,0.09490658342838287,0.13665451109409332,0.056138649582862854,0.03034113720059395,0.020024681463837624,0.4025368392467499,0.23796378076076508,0.008700482547283173,0.0036266136448830366,2.671936817932874e-05,0.00012502132449299097,0.0004184336867183447,9.265540029446129e-06,0.00016239525575656444,0.004219274502247572,0.0054371836595237255,0.00018876597459893674,0.0002025969442911446,0.0006501067546196282,0.0017017110949382186,3.774622018681839e-05,2.997490628331434e-05,0.028337448835372925,0.0295597855001688,0.026045026257634163,0.0014029379235580564,0.0013369228690862656,0.001557004521600902,0.0990680381655693,0.022747140377759933,0.7620171308517456,0.7895861864089966,0.0037192218005657196,0.008426906540989876,0.016621531918644905,0.028689997270703316,1.0643225323292427e-06,1.0288493967891554e-06
507,16946,0,2.465071929691476e-06,0.03830914571881294,0.0503915436565876,0.04786466434597969,0.12786351144313812,0.07012433558702469,2.0394300008774735e-05,1.3601972170818044e-07,9.303903425461613e-08,0.11477623879909515,0.12238367646932602,0.2962338626384735,0.30889764428138733,0.025601111352443695,0.09346149116754532,0.13249681890010834,0.056570470333099365,0.030771048739552498,0.02097320929169655,0.40182897448539734,0.24803780019283295,0.008620582520961761,0.0037444033659994602,2.7100451916339807e-05,0.00012591504491865635,0.00041480179061181843,9.12710493139457e-06,0.00016307753685396165,0.004318325314670801,0.005338053684681654,0.00018136085418518633,0.00019764657190535218,0.0006686609704047441,0.00171062967274338,3.814047886407934e-05,3.084943818976171e-05,0.028224898502230644,0.028797194361686707,0.026678241789340973,0.0013982860837131739,0.0013005556538701057,0.0015524300979450345,0.09582656621932983,0.022705035284161568,0.7670307159423828,0.7914058566093445,0.003698306158185005,0.00872469786554575,0.017551548779010773,0.029586464166641235,1.0746565521912999e-06,1.0346102499170229e-06
509,17013,0,2.542102038205485e-06,0.0400678813457489,0.053752440959215164,0.04343623295426369,0.12521305680274963,0.0678192526102066,2.0717037841677666e-05,1.3500304874014546e-07,9.259362343527755e-08,0.11391403526067734,0.122613325715065,0.29113873839378357,0.3047228455543518,0.026842940598726273,0.08978907018899918,0.12841802835464478,0.058890774846076965,0.03159965202212334,0.021494286134839058,0.4043921232223511,0.2461773306131363,0.00874414388090372,0.003741311142221093,2.6409570637042634e-05,0.00012225312821101397,0.00042573027894832194,9.392057108925655e-06,0.0001727432681946084,0.004418359138071537,0.005334211513400078,0.00017505651339888573,0.00019073369912803173,0.0006643720553256571,0.0018614287255331874,3.672377351904288e-05,2.9769280445179902e-05,0.029327092692255974,0.0292899738997221,0.02637062594294548,0.00130230444483459,0.0013089037965983152,0.0016127770068123937,0.10000129789113998,0.023115383461117744,0.7735997438430786,0.7949077486991882,0.003835146315395832,0.008599922060966492,0.01857895404100418,0.031289998441934586,1.037221409205813e-06,1.0235060017294018e-06
511,17080,0,2.468377260811394e-06,0.0406433530151844,0.05422738194465637,0.04276208579540253,0.12454080581665039,0.06991010904312134,2.039846367551945e-05,1.3029294620992005e-07,8.928623174142558e-08,0.11465483903884888,0.12475317716598511,0.28859445452690125,0.30550745129585266,0.03029540181159973,0.07847309857606888,0.11901069432497025,0.06671417504549026,0.03196539729833603,0.021388506516814232,0.40783166885375977,0.24311207234859467,0.008822914212942123,0.003658903995528817,2.5978155463235453e-05,0.00011351319699315354,0.0004212794010527432,1.0224700417893473e-05,0.00016782389138825238,0.0045653292909264565,0.005343986675143242,0.00015792674093972892,0.00017199298599734902,0.0006974372663535178,0.0019664145074784756,3.658999048639089e-05,2.9647344490513206e-05,0.02944708615541458,0.02944057248532772,0.02797706238925457,0.001256693503819406,0.001272401656024158,0.0015814992366358638,0.09439890831708908,0.021997610107064247,0.7660238742828369,0.7901413440704346,0.003484178800135851,0.008038858883082867,0.01708371751010418,0.028884653002023697,1.0280157312081428e-06,1.0018593457061797e-06
513,17146,0,2.57373812928563e-06,0.04138032719492912,0.055504076182842255,0.04161105677485466,0.12622487545013428,0.07007255405187607,2.0965615476598032e-05,1.3745780336194002e-07,9.297641412331359e-08,0.1150135025382042,0.12496582418680191,0.2858530282974243,0.30404436588287354,0.028350377455353737,0.08139972388744354,0.12472401559352875,0.06529225409030914,0.03225766122341156,0.02163655497133732,0.41050252318382263,0.2476397603750229,0.008747666142880917,0.0036849351599812508,2.6609974156599492e-05,0.00010879487672355026,0.0004311856464482844,1.0610739991534501e-05,0.00017454584303777665,0.004478075075894594,0.005229067988693714,0.00017107445455621928,0.00018716730119194835,0.0006833248771727085,0.001846188330091536,3.6773541069123894e-05,3.0056971809244715e-05,0.029361072927713394,0.029219171032309532,0.026913976296782494,0.0013319168938323855,0.0013085672399029136,0.0016123311361297965,0.09512485563755035,0.022152001038193703,0.7690528631210327,0.7936769723892212,0.0036817837972193956,0.008799306116998196,0.017811134457588196,0.029919788241386414,1.027826556310174e-06,1.0557469067862257e-06
515,17213,0,2.474160737619968e-06,0.04152615740895271,0.0536780022084713,0.041749272495508194,0.12692208588123322,0.07346886396408081,2.086170752590988e-05,1.3882329596981435e-07,9.428003977518529e-08,0.11533505469560623,0.12047991901636124,0.2844085097312927,0.3032442033290863,0.027924824506044388,0.0803527981042862,0.1255107820034027,0.06611518561840057,0.032103803008794785,0.02170204557478428,0.4065987765789032,0.24707312881946564,0.008713534101843834,0.003799644997343421,2.8135003958595917e-05,0.00011097217065980658,0.0004181434051133692,1.0165867934119888e-05,0.0001653865328989923,0.004192047752439976,0.004907494410872459,0.00018925507902167737,0.00020641280570998788,0.0006965442444197834,0.0018120886525139213,3.929125887225382e-05,3.185004970873706e-05,0.026997298002243042,0.027564287185668945,0.027687881141901016,0.0012870457721874118,0.0012916569830849767,0.0015390707412734628,0.08562194555997849,0.021533643826842308,0.7611302137374878,0.7897215485572815,0.0037958386819809675,0.00933848973363638,0.01680300012230873,0.028597770258784294,1.0498182518858812e-06,1.0828940730789327e-06
517,17280,0,2.551177885834477e-06,0.04097377508878708,0.0509476363658905,0.04447472095489502,0.1268405169248581,0.07550127059221268,2.071059680019971e-05,1.446809960725659e-07,9.778081278000172e-08,0.11477787792682648,0.11700120568275452,0.2859533131122589,0.3046349585056305,0.02784624882042408,0.08097023516893387,0.12540505826473236,0.0656532570719719,0.031563013792037964,0.021600719541311264,0.40376144647598267,0.24569524824619293,0.008585882373154163,0.003942679148167372,2.7351863536750898e-05,0.00011705823999363929,0.00041361621697433293,9.621789104130585e-06,0.0001645443553570658,0.004143177065998316,0.004601894412189722,0.00020173066877759993,0.00022207073925528675,0.0006822111899964511,0.0017746447119861841,3.7356250686571e-05,3.085214484599419e-05,0.02712058462202549,0.026784339919686317,0.02705342508852482,0.0013116380432620645,0.0012868813937529922,0.0015607866225764155,0.09230966120958328,0.023095037788152695,0.766089677810669,0.7875765562057495,0.00398807879537344,0.009771863929927349,0.01890324056148529,0.03057156130671501,1.0705138038247242e-06,1.1229645906496444e-06
519,17347,0,2.405547320449841e-06,0.039881519973278046,0.047915536910295486,0.047192852944135666,0.12994220852851868,0.07733243703842163,2.0759103790624067e-05,1.5183971413534891e-07,1.022785411919358e-07,0.11376770585775375,0.11486873775720596,0.28171074390411377,0.3015362322330475,0.026911750435829163,0.0829608291387558,0.12711459398269653,0.06366503238677979,0.03165473788976669,0.021859891712665558,0.39771154522895813,0.24307388067245483,0.008512976579368114,0.003984506241977215,3.0961789889261127e-05,0.00011629466462181881,0.00037484924541786313,9.047013918461744e-06,0.00013919948833063245,0.0037025974597781897,0.0042182449251413345,0.00025310326600447297,0.00027669232804328203,0.000687974679749459,0.0016031761188060045,4.36199115938507e-05,3.6390214518178254e-05,0.02544083446264267,0.025795163586735725,0.026630191132426262,0.0012963126646354795,0.0012655346654355526,0.0014059311943128705,0.081569142639637,0.022730356082320213,0.7610832452774048,0.7843506932258606,0.004479668103158474,0.01156948134303093,0.0186170507222414,0.02983705885708332,1.1903216545761097e-06,1.16099158731231e-06
521,17414,0,2.3952277388161747e-06,0.03744273632764816,0.045374296605587006,0.04858246073126793,0.13599693775177002,0.07949092239141464,2.0632316591218114e-05,1.5455064783509442e-07,1.0383391924051466e-07,0.1104162335395813,0.11220073699951172,0.2833031713962555,0.3016010522842407,0.025734921917319298,0.08702145516872406,0.1307869404554367,0.06074881553649902,0.0313347689807415,0.02186492830514908,0.3955845236778259,0.24529331922531128,0.008625829592347145,0.004141141194850206,3.082887997152284e-05,0.00012343257549218833,0.0003717845247592777,8.560571586713195e-06,0.0001374046696582809,0.0037543701473623514,0.004189299885183573,0.0002636818971950561,0.00028988459962420166,0.0006735463975928724,0.0014814515598118305,4.367039946373552e-05,3.6257268220651895e-05,0.025319091975688934,0.025383777916431427,0.0264752097427845,0.0014076520456001163,0.0012694498291239142,0.001372249680571258,0.0834069773554802,0.023260703310370445,0.7607053518295288,0.7821303606033325,0.00450268667191267,0.011733542196452618,0.018815303221344948,0.029794350266456604,1.2150667316745967e-06,1.174743033516279e-06
523,17481,0,2.3814293399482267e-06,0.037648431956768036,0.045172128826379776,0.042529311031103134,0.13891324400901794,0.08195481449365616,2.028650851571001e-05,1.4864434660921688e-07,1.0194433031074368e-07,0.10805967450141907,0.1114664152264595,0.2790420949459076,0.29742589592933655,0.026415754109621048,0.08531016111373901,0.12846891582012177,0.06167804077267647,0.03196690231561661,0.02231956645846367,0.39030393958091736,0.24530962109565735,0.008880935609340668,0.0041702063754200935,2.9932085453765467e-05,0.0001225365122081712,0.00036315436591394246,8.547869583708234e-06,0.00013824629422742873,0.003775901161134243,0.004082928877323866,0.00024382423725910485,0.00027082598535344005,0.000703740690369159,0.0014952786732465029,4.1902272641891614e-05,3.461685264483094e-05,0.024393469095230103,0.02416878007352352,0.028765564784407616,0.0014547437895089388,0.0011856530327349901,0.0013301217695698142,0.08299094438552856,0.023745881393551826,0.7584637999534607,0.7804191708564758,0.0042263721115887165,0.011402563191950321,0.019695190712809563,0.031133364886045456,1.2260047697054688e-06,1.139020241680555e-06
525,17548,0,2.4049622879829258e-06,0.036474429070949554,0.04554232582449913,0.04155286028981209,0.13888655602931976,0.08012242615222931,2.0343795767985284e-05,1.5185766244485421e-07,1.0248670889723144e-07,0.10835475474596024,0.11120335757732391,0.2722737491130829,0.2898104190826416,0.028044840320944786,0.08301644027233124,0.12309229373931885,0.06298252940177917,0.03301621228456497,0.023333577439188957,0.3882618844509125,0.24922260642051697,0.00880811084061861,0.004184202291071415,2.9813831133651547e-05,0.00012260557559784502,0.0003733907069545239,8.524156328348909e-06,0.00014580792048946023,0.0037171305157244205,0.004027341492474079,0.0002520497073419392,0.00028017436852678657,0.0007071637664921582,0.0015473364619538188,4.196193549432792e-05,3.452628152444959e-05,0.02418414130806923,0.02420808933675289,0.02828526496887207,0.0013769199140369892,0.0012100436724722385,0.0013600676320493221,0.08323993533849716,0.023918377235531807,0.7616374492645264,0.7840057015419006,0.004414040129631758,0.011763771995902061,0.019881805405020714,0.03171825781464577,1.1955046375078382e-06,1.1274521511950297e-06
527,17614,0,2.4243772713816725e-06,0.03596322610974312,0.045798953622579575,0.03782936558127403,0.14482176303863525,0.08155294507741928,2.0526535081444308e-05,1.542177443525361e-07,1.0501961611453225e-07,0.10675729066133499,0.11131385713815689,0.2684376835823059,0.2868395447731018,0.028751078993082047,0.08097603172063828,0.12143955379724503,0.06461119651794434,0.033781372010707855,0.023904597386717796,0.3922405242919922,0.2521325349807739,0.009068691171705723,0.004189709201455116,3.050106533919461e-05,0.00011973756045335904,0.00036809948505833745,8.797558621154167e-06,0.0001439376501366496,0.0037012274842709303,0.003885722253471613,0.00024574314011260867,0.0002761241630651057,0.0007342114113271236,0.001558193238452077,4.2739600758068264e-05,3.5410470445640385e-05,0.024414734914898872,0.024487515911459923,0.02876368537545204,0.0013847179943695664,0.0011664662742987275,0.0013461271300911903,0.07977446168661118,0.02394893951714039,0.763717532157898,0.7877037525177002,0.004438269417732954,0.012662575580179691,0.01965469680726528,0.031160058453679085,1.2371757520668325e-06,1.150308776232123e-06
529,17681,0,2.414002210571198e-06,0.037778615951538086,0.050176918506622314,0.03310417756438255,0.14380493760108948,0.07807880640029907,2.0329074686742388e-05,1.50352349237437e-07,1.0571255870672758e-07,0.10537537187337875,0.11100194603204727,0.2657955288887024,0.2833079993724823,0.028745759278535843,0.08048402518033981,0.12118766456842422,0.06485296040773392,0.03422142565250397,0.024282773956656456,0.3874610662460327,0.2533998191356659,0.009259015321731567,0.004208968952298164,3.0461822461802512e-05,0.00012065287592122331,0.0003642989322543144,8.72816326591419e-06,0.0001424880902050063,0.0037514464929699898,0.003857160685583949,0.00024390887119807303,0.00027589945239014924,0.0007400749600492418,0.0015239582862704992,4.245573654770851e-05,3.5291472158860415e-05,0.024249596521258354,0.024258049204945564,0.02954353205859661,0.001414935919456184,0.0011553018121048808,0.0013116461923345923,0.07910579442977905,0.023706605657935143,0.7614881992340088,0.7867175936698914,0.004294275306165218,0.012715988792479038,0.019188350066542625,0.030624764040112495,1.234553337781108e-06,1.145653641287936e-06
531,17748,0,2.389815335845924e-06,0.03914251923561096,0.0543142668902874,0.031063774600625038,0.13992059230804443,0.07344016432762146,1.9993782188976184e-05,1.4400221459709428e-07,1.0212745849003113e-07,0.101852647960186,0.10964180529117584,0.26555341482162476,0.2814163863658905,0.028525322675704956,0.08090546727180481,0.12109211087226868,0.06412450224161148,0.03401035815477371,0.024322964251041412,0.3807835280895233,0.2548251748085022,0.009491036646068096,0.004304242320358753,2.883329761971254e-05,0.00012901905574835837,0.00037537849857471883,8.217619324568659e-06,0.00014977897808421403,0.0037747840397059917,0.004068168345838785,0.00024060408759396523,0.000267946335952729,0.0007178441155701876,0.001533167320303619,4.0425646147923544e-05,3.293270128779113e-05,0.024606382474303246,0.024333631619811058,0.02967640943825245,0.0014120209962129593,0.0012031764490529895,0.001320600975304842,0.08442417532205582,0.0234979297965765,0.7591890692710876,0.7806738615036011,0.004218074027448893,0.011064529418945312,0.018717627972364426,0.030115962028503418,1.1487893516459735e-06,1.109458366954641e-06
533,17815,0,2.3996860818442656e-06,0.04082820191979408,0.05757997930049896,0.029679546132683754,0.1348850578069687,0.07034679502248764,1.9937271645176224e-05,1.435036125485567e-07,1.0168604092086753e-07,0.10301589965820312,0.11011771857738495,0.26988622546195984,0.28501710295677185,0.027853865176439285,0.08214742690324783,0.12318870425224304,0.0634569376707077,0.03335059434175491,0.023861952126026154,0.37712639570236206,0.2561732828617096,0.009456470608711243,0.004298257175832987,2.863545341824647e-05,0.00012790717300958931,0.0003815415548160672,8.454217095277272e-06,0.00015189031546469778,0.0037747679743915796,0.004072956740856171,0.0002364760439377278,0.0002636721183080226,0.0007216433295980096,0.001552096800878644,3.9956481487024575e-05,3.244076287955977e-05,0.02477460540831089,0.02459859848022461,0.02963203564286232,0.0014085149159654975,0.0012120988685637712,0.0013420904288068414,0.08464319258928299,0.023575134575366974,0.7590228319168091,0.7808407545089722,0.004179307725280523,0.010901441797614098,0.01821860298514366,0.02948734350502491,1.1268609796388773e-06,1.1127187917736592e-06
535,17882,0,2.454857394695864e-06,0.040539924055337906,0.056683436036109924,0.03156966716051102,0.1341570019721985,0.07152550667524338,1.9477105524856597e-05,1.4505913270568271e-07,1.0587479692958368e-07,0.10359471291303635,0.10728752613067627,0.27479979395866394,0.28793996572494507,0.027981964871287346,0.08220865577459335,0.12280881404876709,0.06318341940641403,0.03243325278162956,0.023554431274533272,0.37081900238990784,0.25692063570022583,0.009424244984984398,0.004432918503880501,2.8206786737428047e-05,0.00013454414147417992,0.00038574484642595053,8.286833690362982e-06,0.00015175523003563285,0.003858032636344433,0.0037879401352256536,0.00024178634339477867,0.0002760020724963397,0.0007238538819365203,0.0015189152909442782,3.935782297048718e-05,3.188478876836598e-05,0.02512792870402336,0.02429962158203125,0.029512954875826836,0.001423791516572237,0.0012363077839836478,0.0013511196011677384,0.08471847325563431,0.023502638563513756,0.7552841305732727,0.7762646675109863,0.004013267811387777,0.011381657794117928,0.017314966768026352,0.027874650433659554,1.1403342341509415e-06,1.1534702935023233e-06
537,17949,0,2.556982508394867e-06,0.04164761304855347,0.05662500858306885,0.03240188956260681,0.12912574410438538,0.0707910805940628,1.9495686501613818e-05,1.407522915997106e-07,1.0207352119095958e-07,0.1038244366645813,0.10747275501489639,0.28117460012435913,0.2929234802722931,0.02709702029824257,0.08384586870670319,0.12524206936359406,0.062097106128931046,0.031436141580343246,0.022724658250808716,0.36914876103401184,0.2552923858165741,0.009358931332826614,0.004402883816510439,2.5599421860533766e-05,0.00014611412188969553,0.00041457623592577875,8.137759323290084e-06,0.00016231629706453532,0.004190314095467329,0.0041266740299761295,0.00023764526122249663,0.0002713061694521457,0.0006580700282938778,0.001554538612253964,3.555028160917573e-05,2.8226781068951823e-05,0.02654898352921009,0.024947796016931534,0.02752971276640892,0.0014131267089396715,0.0013532451121136546,0.00146882189437747,0.09782412648200989,0.024273358285427094,0.7540536522865295,0.7693859338760376,0.003708038479089737,0.009715043939650059,0.01627385802567005,0.02605939470231533,1.0557891982898582e-06,1.1668112165352795e-06
539,18015,0,1.1021365935448557e-06,0.01046424638479948,0.0148928202688694,0.0673547089099884,0.3328458368778229,0.09982136636972427,3.897613351000473e-05,3.1453660653824045e-07,1.9598402900555811e-07,0.059222511947155,0.051979854702949524,0.11092566698789597,0.163505420088768,0.05372035875916481,0.036981552839279175,0.076990507543087,0.10990400612354279,0.09575555473566055,0.06551766395568848,0.5899859666824341,0.22475889325141907,0.02063889615237713,0.009331407025456429,0.000198416382772848,8.917493687476963e-05,0.0003684626426547766,1.9962024452979676e-05,5.9560101362876594e-05,0.0024206603411585093,0.0021573887206614017,0.0008486222941428423,0.0009389682672917843,0.0011066735023632646,0.0002192849642597139,0.0005226889625191689,0.0008699349709786475,0.02467690408229828,0.014913521707057953,0.025707809254527092,0.0034458974841982126,0.0008254312560893595,0.0005803803796879947,0.005499654449522495,0.0069890632294118404,0.5763815641403198,0.5512950420379639,0.014193754643201828,0.09713811427354813,0.0021669617854058743,0.002633661264553666,4.62844855064759e-06,1.8544972135714488e-06
541,18082,0,1.1175789040862583e-06,0.013259436003863811,0.020254328846931458,0.07681567966938019,0.271187424659729,0.07496114820241928,2.3085123757482506e-05,2.099608025218913e-07,1.230291104548087e-07,0.10163503885269165,0.061417918652296066,0.20050381124019623,0.22676537930965424,0.04460064694285393,0.0499170646071434,0.08547583222389221,0.08464154601097107,0.04586965590715408,0.03616809472441673,0.4608900845050812,0.25081387162208557,0.010955726727843285,0.007200234103947878,9.34561830945313e-05,7.416374137392268e-05,0.0003025390033144504,1.6365418559871614e-05,5.711434641852975e-05,0.002439037896692753,0.003913945984095335,0.0005614904221147299,0.0005679345340467989,0.0008114382508210838,0.00033456238452345133,0.0002678250311873853,0.0002412946632830426,0.02418874390423298,0.03321575000882149,0.017502469941973686,0.003307185834273696,0.0009059414733201265,0.0006930797826498747,0.01323231216520071,0.011398866772651672,0.6131083965301514,0.6847579479217529,0.00868990272283554,0.03489575907588005,0.004230693448334932,0.007000946905463934,2.7142716589878546e-06,1.3020033975408296e-06
543,18149,0,1.8344535419601016e-06,0.03015996143221855,0.044760167598724365,0.047677718102931976,0.15574327111244202,0.05949403718113899,1.9778404748649336e-05,1.8968034964927938e-07,9.516839583056935e-08,0.1217254251241684,0.09440573304891586,0.28704527020454407,0.2921576201915741,0.03371668606996536,0.06719899922609329,0.10371313989162445,0.0667283907532692,0.030487017706036568,0.02203376591205597,0.4038708209991455,0.26712965965270996,0.009184702299535275,0.004320640582591295,4.653698124457151e-05,6.073347321944311e-05,0.00030547415371984243,2.011436299653724e-05,7.667050522286445e-05,0.0022646160796284676,0.003910978324711323,0.0005458374507725239,0.000557632592972368,0.0006654823082499206,0.00035717865102924407,9.445811883779243e-05,7.252189971040934e-05,0.020902514457702637,0.02835051529109478,0.02108464017510414,0.004509751684963703,0.0013125808909535408,0.0010048776166513562,0.041306477040052414,0.018797075375914574,0.6759390830993652,0.7579076290130615,0.0043006292544305325,0.016375727951526642,0.00778456823900342,0.013641150668263435,1.6878163933142787e-06,1.234999672306003e-06
545,18216,0,2.243228436782374e-06,0.03312930464744568,0.04871700704097748,0.03532358631491661,0.15422676503658295,0.059913843870162964,1.7954658687813208e-05,1.453740594570263e-07,8.570210496827713e-08,0.10791425406932831,0.09896241873502731,0.29908430576324463,0.29461240768432617,0.024977300316095352,0.09288135915994644,0.12535376846790314,0.05002853274345398,0.029078779742121696,0.020460747182369232,0.3850448727607727,0.2570442855358124,0.009739268571138382,0.004192167427390814,2.8345686587272212e-05,7.70937476772815e-05,0.0003623583761509508,1.7265127098653466e-05,0.00011176897533005103,0.003319362411275506,0.004576506558805704,0.00029861225630156696,0.00032491289312019944,0.0006544122588820755,0.0006133003043942153,4.6676621423102915e-05,3.448926145210862e-05,0.023632680997252464,0.02725829929113388,0.025478597730398178,0.003525789827108383,0.001347446464933455,0.0012519207084551454,0.07552705705165863,0.023055924102663994,0.7012450098991394,0.7617292404174805,0.002779769478365779,0.009513449855148792,0.008551555685698986,0.014821438118815422,1.2916580089950003e-06,1.0559220982031547e-06
547,18283,0,2.38211077885353e-06,0.0430140346288681,0.057489063590765,0.027867471799254417,0.12902681529521942,0.0572325699031353,1.7353588191326708e-05,1.3267269594052777e-07,8.598438228091254e-08,0.10716275125741959,0.10444406419992447,0.31266483664512634,0.30669230222702026,0.022596489638090134,0.10067802667617798,0.13461270928382874,0.047973453998565674,0.027350598946213722,0.019267624244093895,0.3631351888179779,0.2569354772567749,0.009531299583613873,0.004101666156202555,2.446365397190675e-05,9.652608423493803e-05,0.0003855183895211667,1.4501099030894693e-05,0.00012445218453649431,0.0037342687137424946,0.004583201836794615,0.0002671336696948856,0.00029757944867014885,0.0006371746421791613,0.0008523586438968778,3.7649620935553685e-05,2.7139269150211476e-05,0.024991435930132866,0.027238614857196808,0.026317128911614418,0.0026022447273135185,0.0014154131058603525,0.0013557083439081907,0.09443670511245728,0.024710893630981445,0.712896466255188,0.7578634023666382,0.002733630361035466,0.0081351138651371,0.008863010443747044,0.01520726177841425,1.1189492852281546e-06,1.0553854963291087e-06
549,18350,0,2.5448186988796806e-06,0.03830717131495476,0.050119973719120026,0.03459036722779274,0.13755354285240173,0.06562861800193787,1.7621905499254353e-05,1.2954261308095738e-07,8.675782936506948e-08,0.10415568947792053,0.10363847017288208,0.3124323785305023,0.30840447545051575,0.021211232990026474,0.10894745588302612,0.14300863444805145,0.046246208250522614,0.02754843421280384,0.019700605422258377,0.3658203184604645,0.2538500130176544,0.009391960687935352,0.004406626336276531,2.141543518519029e-05,0.00012437577242963016,0.00042490422492846847,1.0931490578514058e-05,0.00015210320998448879,0.004293450154364109,0.004856115207076073,0.00023144179431255907,0.00025900782202370465,0.0006185922538861632,0.0012109343660995364,3.128596654278226e-05,2.2309604901238345e-05,0.026804514229297638,0.02612004242837429,0.026436902582645416,0.0019575906917452812,0.0014477086951956153,0.0014966242015361786,0.11825300008058548,0.026783674955368042,0.7322261333465576,0.7562008500099182,0.0028670798055827618,0.006751806940883398,0.01234887633472681,0.02086762897670269,1.0058648740596254e-06,1.048125568559044e-06
551,18417,0,2.4307578314619604e-06,0.035636056214571,0.04527350515127182,0.037536606192588806,0.14176829159259796,0.07298267632722855,1.8129696400137618e-05,1.248038330459167e-07,8.951198537943128e-08,0.10283221304416656,0.10512921959161758,0.3060320019721985,0.30869895219802856,0.021405614912509918,0.1076701283454895,0.1443757563829422,0.04774795472621918,0.028629759326577187,0.020227495580911636,0.3716450333595276,0.24492312967777252,0.009505918249487877,0.004417897667735815,2.3015310944174416e-05,0.0001365324860671535,0.0004181432304903865,9.405707714904565e-06,0.00015022093430161476,0.004404054023325443,0.00447490718215704,0.00022521504433825612,0.0002540418063290417,0.0006397512624971569,0.0014503947459161282,3.251158705097623e-05,2.4296601623063907e-05,0.02684672549366951,0.024726970121264458,0.02730826660990715,0.0015403626020997763,0.001408649142831564,0.0014849439030513167,0.10388081520795822,0.024496354162693024,0.7322594523429871,0.7492561936378479,0.0029693692922592163,0.007141679525375366,0.012576856650412083,0.020876647904515266,1.0400393648524187e-06,1.0463658099979511e-06
553,18483,0,2.4837779619701905e-06,0.031755976378917694,0.04316522553563118,0.04047714173793793,0.15308424830436707,0.07686537504196167,1.774675547494553e-05,1.2532289872524416e-07,9.267365896903357e-08,0.1003594845533371,0.10251440852880478,0.30348798632621765,0.30602142214775085,0.02125607803463936,0.10873661190271378,0.14534665644168854,0.047505516558885574,0.028926795348525047,0.020824352279305458,0.3688124120235443,0.24909669160842896,0.009611494839191437,0.004649743903428316,2.1694107999792323e-05,0.00014954336802475154,0.0004278521810192615,8.53571509651374e-06,0.00016153966134879738,0.004504349548369646,0.004298359155654907,0.00022323110897559673,0.00025361537700518966,0.0006363844149746001,0.001513671944849193,2.998988566105254e-05,2.231088001281023e-05,0.026611071079969406,0.024007132276892662,0.027961136773228645,0.0015167428646236658,0.0014079625252634287,0.0014918276574462652,0.11178001761436462,0.025014150887727737,0.7335838079452515,0.7478140592575073,0.0029994510114192963,0.007182361092418432,0.013396068476140499,0.022277237847447395,1.0123715128429467e-06,1.0488975021871738e-06
555,18550,0,2.6715692911238875e-06,0.03440571948885918,0.04823455587029457,0.036219753324985504,0.14861729741096497,0.0739927813410759,1.8075488696922548e-05,1.2254606929218426e-07,9.282101842700285e-08,0.10179770737886429,0.10832645744085312,0.307717502117157,0.3109877109527588,0.02229953184723854,0.10369143635034561,0.14213547110557556,0.050252657383680344,0.0289167333394289,0.020336102694272995,0.37143537402153015,0.24963515996932983,0.009580994956195354,0.004404923878610134,2.0370023776195012e-05,0.0001523214887129143,0.0004477842594496906,8.472894478472881e-06,0.00018170340626966208,0.004920553881675005,0.00443555461242795,0.00019158178474754095,0.00022232963237911463,0.000643397681415081,0.0016037028981372714,2.655635580595117e-05,2.0321131160017103e-05,0.027819933369755745,0.023915953934192657,0.028635911643505096,0.0015593264251947403,0.0013565549161285162,0.0016013879794627428,0.12205717712640762,0.02625783532857895,0.7444583177566528,0.7556516528129578,0.002835948718711734,0.00714300200343132,0.015583968721330166,0.025563132017850876,9.833618150878465e-07,1.061848820427258e-06
557,18617,0,3.044678123842459e-06,0.03902638331055641,0.05607321113348007,0.03347379341721535,0.1384543925523758,0.0705757811665535,1.981546483875718e-05,1.2881662314612186e-07,1.0290411722735371e-07,0.10122397541999817,0.11566745489835739,0.3059263527393341,0.3172152638435364,0.022579649463295937,0.09820844978094101,0.14355534315109253,0.05463840812444687,0.03017236478626728,0.020000247284770012,0.3891316056251526,0.243837371468544,0.00994781032204628,0.004103686660528183,2.139031312253792e-05,0.00014289980754256248,0.00047138374065980315,8.965865163190756e-06,0.000204016687348485,0.00560050830245018,0.004331236705183983,0.0001808136876206845,0.00021956406999379396,0.0006604424561373889,0.0017362389480695128,2.5867651856970042e-05,2.1444231606437825e-05,0.031250737607479095,0.02447402849793434,0.02858392335474491,0.0014915663050487638,0.0013744522584602237,0.0016778531717136502,0.12547369301319122,0.026079151779413223,0.7579689025878906,0.7628951668739319,0.002835440682247281,0.00843968614935875,0.018541675060987473,0.029007339850068092,1.0201868008152815e-06,1.1845405651911278e-06
559,18684,0,3.195073304596008e-06,0.04056834056973457,0.05735071375966072,0.03285062685608864,0.13529032468795776,0.07331588864326477,2.066648448817432e-05,1.3944813304078707e-07,1.0957764828845029e-07,0.10200739651918411,0.11517105996608734,0.29895728826522827,0.31328433752059937,0.02209174446761608,0.09862681478261948,0.14613819122314453,0.0552845373749733,0.031205102801322937,0.020631078630685806,0.39553356170654297,0.23857058584690094,0.010046178475022316,0.0040800925344228745,2.2372601961251348e-05,0.0001298609422519803,0.0004799803136847913,9.918197065417189e-06,0.00021400705736596137,0.005199012812227011,0.0042263600043952465,0.00020415523613337427,0.0002483937132637948,0.0006674131727777421,0.0017869496950879693,2.7419921025284566e-05,2.230885911558289e-05,0.030686503276228905,0.025677569210529327,0.02826767973601818,0.0013988773571327329,0.0014274076092988253,0.0016159011283889413,0.12446783483028412,0.026353497058153152,0.7623220682144165,0.7762837409973145,0.003178976010531187,0.009967455640435219,0.017843853682279587,0.028653431683778763,1.0219337127637118e-06,1.2441945500540896e-06
561,18751,0,3.0579535632568877e-06,0.04155055806040764,0.060609716922044754,0.030019165948033333,0.12983624637126923,0.07295379787683487,2.106690953951329e-05,1.3772286422408797e-07,1.0961422702848722e-07,0.10315065830945969,0.11819055676460266,0.2904113829135895,0.30682435631752014,0.02148720622062683,0.10186942666769028,0.1496858447790146,0.05417526513338089,0.03226686269044876,0.0215846449136734,0.3960524797439575,0.2441498190164566,0.009958693757653236,0.004001885652542114,2.3941312974784523e-05,0.00013272451178636402,0.00047121813986450434,9.49092827795539e-06,0.00020998314721509814,0.005020261742174625,0.004163478966802359,0.00019776307453867048,0.00023911282187327743,0.0007192111224867404,0.001955021172761917,2.9911339879618026e-05,2.4526958441128954e-05,0.02990475669503212,0.02530806139111519,0.02996825985610485,0.001238300814293325,0.0013764506438747048,0.0015602688072249293,0.1106402799487114,0.024834850803017616,0.7639788389205933,0.7764042615890503,0.0033294756431132555,0.009887718595564365,0.017799796536564827,0.028719499707221985,1.0290877980878577e-06,1.2143624417149113e-06
563,18818,0,2.9846137294953223e-06,0.04190892353653908,0.05908894166350365,0.0269174724817276,0.12485961616039276,0.07540334016084671,2.0948586097802036e-05,1.3688182320947817e-07,1.0509676684478109e-07,0.10433515906333923,0.1198534220457077,0.2734020948410034,0.2918210029602051,0.028939196839928627,0.08232542127370834,0.12220455706119537,0.06452839821577072,0.03459416702389717,0.023317599669098854,0.40318042039871216,0.25016698241233826,0.009751291945576668,0.003846429754048586,2.3335374862654135e-05,0.00013761813170276582,0.00047065591206774116,9.015077921503689e-06,0.00020814509480260313,0.004702912177890539,0.004094648640602827,0.0002135671820724383,0.00025291924248449504,0.0006952185067348182,0.0020835408940911293,3.0694500310346484e-05,2.4629762265249155e-05,0.02926451899111271,0.025720365345478058,0.02858872339129448,0.0010762233287096024,0.0014146199682727456,0.001587958075106144,0.11068020015954971,0.024879440665245056,0.7646886110305786,0.7784464359283447,0.003601908450946212,0.010012488812208176,0.017690574750304222,0.029144098982214928,9.732752914715093e-07,1.1430454378569266e-06
565,18885,0,3.0128196613077307e-06,0.043148115277290344,0.05909784138202667,0.025388700887560844,0.12111197412014008,0.0737355500459671,2.0830633729929104e-05,1.3559568401433353e-07,1.0069285849567677e-07,0.10553137212991714,0.12161983549594879,0.27079352736473083,0.28863218426704407,0.03520456701517105,0.07148707658052444,0.1068711057305336,0.07203128188848495,0.03519565612077713,0.023737389594316483,0.40982717275619507,0.2523553967475891,0.009724438190460205,0.0037475277204066515,2.227735058113467e-05,0.00012996180157642812,0.0004872106947004795,9.608877917344216e-06,0.00022374359832610935,0.0047653610818088055,0.004243526607751846,0.0001986888237297535,0.000233773811487481,0.0006743537960574031,0.0020033197943121195,2.975208371935878e-05,2.3540675101685338e-05,0.029995862394571304,0.025971869006752968,0.028542889282107353,0.0011651696404442191,0.0014388629933819175,0.0016749820206314325,0.11315841227769852,0.024836361408233643,0.765617847442627,0.7784855365753174,0.0035555437207221985,0.009530111216008663,0.017669547349214554,0.029149765148758888,9.341651434624509e-07,1.095787411031779e-06
567,18951,0,2.922652129200287e-06,0.0445580892264843,0.05909869074821472,0.024675393477082253,0.1175122857093811,0.07419873028993607,2.0318921087891795e-05,1.3106524932027241e-07,9.761645713979306e-08,0.1075144112110138,0.1229967474937439,0.26811671257019043,0.2880875766277313,0.03843383491039276,0.06501078605651855,0.10122455656528473,0.07818310707807541,0.03564683347940445,0.023750215768814087,0.41409119963645935,0.25066137313842773,0.0096570560708642,0.003672604914754629,2.1742762328358367e-05,0.00013353468966670334,0.0004884689697064459,9.914660040521994e-06,0.0002176726411562413,0.0048380824737250805,0.004371284041553736,0.00017898873193189502,0.00020993732323404402,0.0006890937802381814,0.0017973087960854173,3.0031327696633525e-05,2.352873343625106e-05,0.03007667511701584,0.02630341611802578,0.029751215130090714,0.001365575473755598,0.0014279256574809551,0.0016938312910497189,0.10743066668510437,0.024127990007400513,0.755362331867218,0.7720675468444824,0.00314313150011003,0.008792337961494923,0.015283222310245037,0.025753002613782883,9.36273579554836e-07,1.0802515362229315e-06
569,19018,0,2.938610577984946e-06,0.04498659074306488,0.059164583683013916,0.02420799806714058,0.11774922162294388,0.0746527835726738,2.062047497020103e-05,1.3457652414672339e-07,9.681801316219207e-08,0.11108038574457169,0.1248960867524147,0.26885730028152466,0.2890995144844055,0.048198867589235306,0.05167950317263603,0.08626038581132889,0.093781478703022,0.035251863300800323,0.023495642468333244,0.41593384742736816,0.2539803385734558,0.009293630719184875,0.0035962890833616257,2.121766192431096e-05,0.00013303330342750996,0.0005100029520690441,1.0359648513258435e-05,0.0002206726057920605,0.0049337041564285755,0.004587411880493164,0.00018658250337466598,0.00021723328973166645,0.0006431025103665888,0.0016367119969800115,3.088717858190648e-05,2.401673191343434e-05,0.03159671276807785,0.027901174500584602,0.02695159614086151,0.0014769118279218674,0.001551885507069528,0.0018432540819048882,0.1084999144077301,0.023651376366615295,0.7531912922859192,0.7719550132751465,0.003084734547883272,0.00865105725824833,0.01435733400285244,0.024468952789902687,8.979898211691761e-07,1.1132622148579685e-06
571,19085,0,2.776686869765399e-06,0.04305817559361458,0.057425785809755325,0.0253076683729887,0.12364157289266586,0.07744023948907852,2.0050663806614466e-05,1.3483217742304987e-07,9.751987306572119e-08,0.1109970286488533,0.12352097034454346,0.27362698316574097,0.292154461145401,0.05701778084039688,0.04409956932067871,0.0759539008140564,0.10494893044233322,0.03416929021477699,0.023003488779067993,0.4099229872226715,0.25109151005744934,0.009290399961173534,0.0036257898900657892,2.1556263163802214e-05,0.00013336377742234617,0.0004798474255949259,1.0153446964977775e-05,0.00019751470244955271,0.004756181966513395,0.00446691457182169,0.00019963964587077498,0.00023107622109819204,0.0006420962745323777,0.0015856553800404072,3.2702359021641314e-05,2.5186551283695735e-05,0.03109780140221119,0.028133943676948547,0.027028191834688187,0.0014520095428451896,0.0015310738235712051,0.001733539393171668,0.10336390882730484,0.02303476445376873,0.747429370880127,0.768391489982605,0.0031406478956341743,0.008993175812065601,0.013702931813895702,0.023145170882344246,9.334357855550479e-07,1.1096859680037596e-06
573,19152,0,2.7237310860073194e-06,0.04344599321484566,0.05940822884440422,0.025031177327036858,0.12236511707305908,0.074421226978302,1.9903456632164307e-05,1.3459501246870786e-07,9.603837725080666e-08,0.10936987400054932,0.12254677712917328,0.2757834196090698,0.29314640164375305,0.05826115608215332,0.042996376752853394,0.07473687082529068,0.1069110706448555,0.0337817519903183,0.02288459613919258,0.4083974361419678,0.25488826632499695,0.009408814832568169,0.0036864690482616425,2.1588070012512617e-05,0.00013377210416365415,0.0004796926223207265,1.0042240319307894e-05,0.00019800194422714412,0.004763432778418064,0.004652631469070911,0.0001957693020813167,0.00022514656302519143,0.00064400106202811,0.0015228849370032549,3.2942782127065584e-05,2.522839895391371e-05,0.030573781579732895,0.02796507626771927,0.027302993461489677,0.0015299443621188402,0.0015186823438853025,0.0017289614770561457,0.1018633022904396,0.022714266553521156,0.7462323904037476,0.7680110931396484,0.0030975565314292908,0.008658453822135925,0.013710301369428635,0.023280015215277672,9.190475225295813e-07,1.1052047739212867e-06
575,19219,0,2.70583564088156e-06,0.0434110164642334,0.06063252314925194,0.024382421746850014,0.12552163004875183,0.07226774096488953,2.003911868087016e-05,1.3425746203665767e-07,9.429082581391413e-08,0.11038009822368622,0.12695930898189545,0.27265816926956177,0.2906269133090973,0.06106597185134888,0.04067232087254524,0.07235180586576462,0.11167086660861969,0.03408169746398926,0.02319514937698841,0.4103141725063324,0.25844138860702515,0.009325964376330376,0.003553057787939906,2.1804888092447072e-05,0.0001282433804590255,0.0004860471235588193,1.0404480235592928e-05,0.0002059003454633057,0.004764296114444733,0.0049125682562589645,0.00017794033919926733,0.00020190329814795405,0.0006679479265585542,0.0014762897044420242,3.326700607431121e-05,2.5976867618737742e-05,0.031011726707220078,0.028496727347373962,0.02841046079993248,0.0016603199765086174,0.0014925353461876512,0.0017296506557613611,0.09892217814922333,0.02219107188284397,0.7490369081497192,0.7721049189567566,0.003057858906686306,0.008311704732477665,0.014007341116666794,0.024111514911055565,9.135858363151783e-07,1.0779020840345765e-06
577,19286,0,2.5582435227988753e-06,0.04439866170287132,0.062403466552495956,0.024689998477697372,0.12280121445655823,0.07148267328739166,2.0788524125237018e-05,1.3621209404846013e-07,9.923731880689957e-08,0.11080201715230942,0.13229550421237946,0.2683815062046051,0.28953373432159424,0.06281859427690506,0.03905526176095009,0.07073992490768433,0.11500384658575058,0.03440425544977188,0.023294392973184586,0.410888671875,0.25397270917892456,0.009309819899499416,0.003350463230162859,2.5669070964795537e-05,0.00012240535579621792,0.00045374484034255147,1.0374043995398097e-05,0.00017888446745928377,0.004522382281720638,0.0045838505029678345,0.00019337427511345595,0.00021829719480592757,0.0007091539446264505,0.0015122088370844722,3.97302137571387e-05,3.261132587795146e-05,0.03079891949892044,0.028460916131734848,0.028203442692756653,0.0014591682702302933,0.0014524887083098292,0.0016398199368268251,0.07968129962682724,0.019991636276245117,0.7482315897941589,0.7724213004112244,0.0033295564353466034,0.009559914469718933,0.013427268713712692,0.022805841639637947,1.0094619256051374e-06,1.0999094683938893e-06
579,19352,0,2.394528792137862e-06,0.03997499868273735,0.056859295815229416,0.024708561599254608,0.13389672338962555,0.07573474198579788,1.9396584320929833e-05,1.325975631516485e-07,9.208691409412495e-08,0.11099718511104584,0.1304190456867218,0.27058839797973633,0.2889520227909088,0.06209946796298027,0.039014387875795364,0.07091913372278214,0.11442459374666214,0.03357943519949913,0.0233596283942461,0.400530606508255,0.26508828997612,0.00911118183284998,0.0034710022155195475,2.303202018083539e-05,0.00013515529280994087,0.00045066580059938133,9.679116374172736e-06,0.0001761068997438997,0.0041656410321593285,0.004681446589529514,0.00022722136054653674,0.00024647029931657016,0.0006388908950611949,0.0014328320976346731,3.703163383761421e-05,2.820541340042837e-05,0.030176905915141106,0.02876877598464489,0.02692306786775589,0.001462282845750451,0.001580701326020062,0.001594660570845008,0.09204191714525223,0.020327957347035408,0.7367385625839233,0.7577747106552124,0.003516128286719322,0.008036227896809578,0.011259060353040695,0.019654406234622,9.085109127227042e-07,1.052648372024123e-06
581,19419,0,2.5569020181137603e-06,0.03824828937649727,0.05367939919233322,0.025452084839344025,0.1402493715286255,0.08046524971723557,1.9354660253156908e-05,1.4551443427990307e-07,9.894342412053447e-08,0.10844428837299347,0.12827396392822266,0.2666116952896118,0.2844359874725342,0.0644093006849289,0.037443455308675766,0.06856030225753784,0.11767344921827316,0.03386198729276657,0.023876840248703957,0.40028053522109985,0.271093487739563,0.009134686551988125,0.003551906207576394,2.2442158297053538e-05,0.00014586241741199046,0.00045153225073590875,9.070305168279447e-06,0.00017498043598607183,0.004011102952063084,0.0044159856624901295,0.0002902975247707218,0.0003184473898727447,0.0005971577484160662,0.0012995322467759252,3.60625381290447e-05,2.7166122890776023e-05,0.029962208122015,0.029033849015831947,0.02514752373099327,0.0015311671886593103,0.0017042718827724457,0.0015330162132158875,0.10345134139060974,0.02198527194559574,0.7338016033172607,0.7564291954040527,0.0037159970961511135,0.009424378164112568,0.011628981679677963,0.019790200516581535,9.244800480701088e-07,1.1475706287455978e-06
583,19486,0,2.635539203765802e-06,0.03866554796695709,0.05558093264698982,0.02238887920975685,0.14064911007881165,0.07992890477180481,1.9940733182011172e-05,1.5228621919050056e-07,1.0536210481859598e-07,0.11002090573310852,0.12907247245311737,0.26064470410346985,0.2796974182128906,0.06704262644052505,0.03557693958282471,0.0668993666768074,0.1234104111790657,0.03477691113948822,0.024653088301420212,0.39875534176826477,0.27764400839805603,0.009083465673029423,0.0035130835603922606,2.328824484720826e-05,0.00014723198546562344,0.00045904479338787496,9.011330803332385e-06,0.00017622634186409414,0.003982470836490393,0.0043425546027719975,0.0003236191114410758,0.00035893917083740234,0.0005710567929781973,0.0011928133899345994,3.695109626278281e-05,2.858314837794751e-05,0.03099205158650875,0.030149929225444794,0.02281455136835575,0.0016003241762518883,0.0017900902312248945,0.0015955413691699505,0.10312577337026596,0.021438445895910263,0.7375321984291077,0.7614586353302002,0.0039394935593008995,0.010884925723075867,0.011399274691939354,0.01940983161330223,9.274657486457727e-07,1.2061560710208141e-06
585,19553,0,2.6625730242813006e-06,0.03682781755924225,0.05233918875455856,0.021233659237623215,0.15017949044704437,0.08377804607152939,1.9483162759570405e-05,1.4667767800347065e-07,1.0316864518244984e-07,0.10698607563972473,0.12724944949150085,0.2624589800834656,0.2800360321998596,0.07025431096553802,0.03394683077931404,0.0644751712679863,0.12695252895355225,0.03464585542678833,0.024614568799734116,0.3924899101257324,0.2782748341560364,0.009397897869348526,0.003599403891712427,2.1806468794238754e-05,0.00014864034892525524,0.00046140680206008255,9.138305358646903e-06,0.00017874329932965338,0.004246850498020649,0.004421923775225878,0.00029121508123353124,0.00032727469806559384,0.000568968360312283,0.001197122735902667,3.413479498703964e-05,2.653919000294991e-05,0.03177126497030258,0.030496632680296898,0.02301521599292755,0.0016945773968473077,0.0017509424360468984,0.0016387710347771645,0.10947031527757645,0.021987831220030785,0.7366357445716858,0.761067271232605,0.003525880165398121,0.01019834540784359,0.011215386912226677,0.019088853150606155,9.149983952738694e-07,1.184252596431179e-06
587,19620,0,2.676343001439818e-06,0.04062889143824577,0.05589687451720238,0.02021179348230362,0.1398729383945465,0.08060295879840851,1.884405173768755e-05,1.3738821280639968e-07,9.417669133426898e-08,0.11086450517177582,0.1314508020877838,0.26946786046028137,0.28581827878952026,0.08700836449861526,0.027206260710954666,0.05472475662827492,0.14716090261936188,0.03352869674563408,0.023230453953146935,0.39209094643592834,0.26992955803871155,0.009256810881197453,0.003331576008349657,2.007402690651361e-05,0.00013986675185151398,0.00046894297702237964,1.0128156645805575e-05,0.00018462994194123894,0.0042458148673176765,0.004646853543817997,0.0002628057263791561,0.00029261026065796614,0.0005862516118213534,0.0011319929035380483,3.196360557922162e-05,2.4316490453202277e-05,0.030868282541632652,0.030356712639331818,0.025280745700001717,0.0019142149249091744,0.0017203307943418622,0.001614925917237997,0.11115211993455887,0.022299552336335182,0.7224153280258179,0.7555446028709412,0.0030106997583061457,0.009093333967030048,0.01048192847520113,0.01835780218243599,8.791359391580045e-07,1.116080284191412e-06
589,19687,0,2.5159167762467405e-06,0.03957786038517952,0.05514893680810928,0.020394375547766685,0.14071446657180786,0.08123172074556351,1.8342718249186873e-05,1.278479402344601e-07,8.931143469226299e-08,0.11363082379102707,0.13238954544067383,0.27061885595321655,0.2873767614364624,0.07596759498119354,0.03093726560473442,0.060855474323034286,0.13445113599300385,0.033351022750139236,0.023161903023719788,0.3901114761829376,0.27115756273269653,0.009099166840314865,0.003303338773548603,1.9770428480114788e-05,0.00015078895376063883,0.00046500423923134804,9.809137736738194e-06,0.00018044046009890735,0.004059017635881901,0.004633483476936817,0.00023957743542268872,0.0002614735858514905,0.0006014149985276163,0.0012836662353947759,3.134413782390766e-05,2.352615410927683e-05,0.030261533334851265,0.030380744487047195,0.02596297860145569,0.0016890622209757566,0.0016792819369584322,0.0016564098186790943,0.10716287791728973,0.021574197337031364,0.7193742394447327,0.7516393661499023,0.0029542867559939623,0.007882578298449516,0.008998741395771503,0.016192726790905,8.486298384013935e-07,1.0567582648945972e-06
591,19754,0,2.529242010496091e-06,0.041488103568553925,0.05958057940006256,0.018868552520871162,0.1354793757200241,0.07903046905994415,1.8752982214209624e-05,1.3695090217424877e-07,9.404888601238781e-08,0.11447977274656296,0.13180357217788696,0.2731992304325104,0.2901268005371094,0.0794890746474266,0.028956934809684753,0.05930846929550171,0.14310486614704132,0.03280559554696083,0.02306416444480419,0.3878420293331146,0.2749708890914917,0.009059736505150795,0.0033560486044734716,2.099502853525337e-05,0.00014424941036850214,0.0004603182023856789,9.91848992271116e-06,0.000181941082701087,0.003769438713788986,0.004421594552695751,0.0002635791024658829,0.00028720241971313953,0.000622101011686027,0.001298391493037343,3.288828884251416e-05,2.4746350391069427e-05,0.029689358547329903,0.030498338863253593,0.025534817948937416,0.0016123648965731263,0.0016493729781359434,0.0016391407698392868,0.10168945044279099,0.021240564063191414,0.7267494201660156,0.7590116858482361,0.0034168388228863478,0.009035124443471432,0.009679404087364674,0.017195748165249825,8.510490943081095e-07,1.1030450650650891e-06
593,19820,0,2.6000714115070878e-06,0.04063843563199043,0.058156128972768784,0.01945423148572445,0.13927988708019257,0.08176983892917633,1.8876591639127582e-05,1.3580830682258238e-07,9.255795418994239e-08,0.11356253176927567,0.12910126149654388,0.2768562436103821,0.2915423512458801,0.07034038007259369,0.032987747341394424,0.06490321457386017,0.13007232546806335,0.032290976494550705,0.022887708619236946,0.3864951729774475,0.2780965268611908,0.009070766158401966,0.0034814712125808,1.996291939576622e-05,0.0001501355873188004,0.00048284907825291157,9.683612915978301e-06,0.0001999331871047616,0.0038954070769250393,0.004672801122069359,0.00024049606872722507,0.0002622418396640569,0.0006161072524264455,0.0013348473003134131,3.1078550819074735e-05,2.287264942424372e-05,0.029443740844726562,0.030391022562980652,0.02598503604531288,0.001684049959294498,0.001659670495428145,0.0017051500035449862,0.10869140923023224,0.02203272096812725,0.731242299079895,0.7628691792488098,0.0033181088510900736,0.008259906433522701,0.01020277850329876,0.01835116185247898,8.139336387102958e-07,1.0980470506183337e-06
595,19887,0,2.659661959114601e-06,0.04312261566519737,0.063119076192379,0.0178893581032753,0.13444678485393524,0.07330437004566193,2.0092142221983522e-05,1.3057395165105845e-07,9.358775088230686e-08,0.11403625458478928,0.1359417587518692,0.27959156036376953,0.296779602766037,0.06110409274697304,0.038344886153936386,0.07251905649900436,0.11692202091217041,0.032897014170885086,0.022232195362448692,0.39874809980392456,0.2696019113063812,0.00930643267929554,0.0032074935734272003,2.1573827325482853e-05,0.00014211561938282102,0.0004967490094713867,1.0175053830607794e-05,0.00020458879589568824,0.004147685132920742,0.004872300196439028,0.00021300693333614618,0.00023482150572817773,0.0006274066981859505,0.001226987806148827,3.1843552278587595e-05,2.49576369242277e-05,0.03049653023481369,0.02994687668979168,0.025498932227492332,0.001910467748530209,0.001617993344552815,0.0017921626567840576,0.10120692104101181,0.021184628829360008,0.7387596368789673,0.7688961625099182,0.0031442088074982166,0.00848883856087923,0.011043376289308071,0.019664423540234566,8.597852456659894e-07,1.0906527450060821e-06
597,19954,0,2.530093524910626e-06,0.04082268476486206,0.052807219326496124,0.021683262661099434,0.1389523446559906,0.08144012093544006,1.9528064512996934e-05,1.2164321105956333e-07,8.65963087903765e-08,0.11319979280233383,0.1303253173828125,0.2747630476951599,0.2912931740283966,0.040642786771059036,0.05706022307276726,0.09667499363422394,0.08514901995658875,0.03317930921912193,0.02266227826476097,0.39428648352622986,0.266796737909317,0.009091030806303024,0.0033878698013722897,2.124797538272105e-05,0.00014872130122967064,0.0005052258493378758,9.768715244717896e-06,0.0002099591220030561,0.004021856933832169,0.004941968247294426,0.00019243288261350244,0.00020764100190717727,0.0006378712132573128,0.0014190766960382462,3.103773997281678e-05,2.366720036661718e-05,0.029579300433397293,0.0291825532913208,0.026576552540063858,0.0016592723550274968,0.0016410512616857886,0.0018326453864574432,0.09915196150541306,0.020467229187488556,0.7332324981689453,0.7604311108589172,0.0030135998968034983,0.006853059399873018,0.009577317163348198,0.0173320472240448,8.2478874219305e-07,1.0236162779619917e-06
599,20021,0,2.4913933884818107e-06,0.04086453467607498,0.052438125014305115,0.02156580425798893,0.13857100903987885,0.08045382797718048,1.9301185602671467e-05,1.160603630978585e-07,8.530710715604073e-08,0.1127529963850975,0.12708117067813873,0.27247995138168335,0.28733858466148376,0.03406234830617905,0.06850077211856842,0.10822387784719467,0.07257717847824097,0.033380452543497086,0.022890856489539146,0.3929213583469391,0.261277437210083,0.009085380472242832,0.0034239613451063633,2.136548027920071e-05,0.00015354380593635142,0.0004933978198096156,9.280317499360535e-06,0.0002027840237133205,0.003944561816751957,0.004904924426227808,0.0001898366754176095,0.00020427927665878087,0.0006433063535951078,0.001514147617854178,3.0790542950853705e-05,2.321781539649237e-05,0.028912555426359177,0.028694530948996544,0.026574227958917618,0.001523090060800314,0.0015911349328234792,0.001820248900912702,0.09858595579862595,0.02078215219080448,0.7339849472045898,0.7596048712730408,0.0030506064649671316,0.0066532595083117485,0.009567723609507084,0.017279522493481636,8.362645758097642e-07,9.874535180642852e-07
601,20088,0,2.4907044462452177e-06,0.04084132984280586,0.05136599391698837,0.029230672866106033,0.13813114166259766,0.07611279934644699,1.839653486968018e-05,1.1424467061260657e-07,8.587358735212547e-08,0.11522604525089264,0.12559255957603455,0.2926008701324463,0.3023081421852112,0.02959507144987583,0.08008428663015366,0.11855736374855042,0.06254872679710388,0.030507920309901237,0.020955197513103485,0.3802182376384735,0.2470622956752777,0.008721021004021168,0.00350722623988986,2.1027408365625888e-05,0.00014769616245757788,0.0004911787691526115,9.551738912705332e-06,0.00020121970737818629,0.004070273134857416,0.004713297821581364,0.00018585857469588518,0.00020197799312882125,0.0006278971559368074,0.001436602440662682,2.8533801014418714e-05,2.204019074270036e-05,0.030020181089639664,0.027743538841605186,0.026359524577856064,0.001625331467948854,0.001597568509168923,0.0018442790023982525,0.10109914094209671,0.020482102409005165,0.736657977104187,0.7567034959793091,0.003029931802302599,0.0067411852069199085,0.00933778751641512,0.01620311476290226,8.686674846103415e-07,9.813953738557757e-07
603,20155,0,2.382646925980225e-06,0.03989463299512863,0.04755150154232979,0.03498324006795883,0.13751447200775146,0.0770203247666359,1.829139728215523e-05,1.1522067211444664e-07,8.549573493610296e-08,0.11525695770978928,0.12235825508832932,0.30179262161254883,0.3112325072288513,0.028515566140413284,0.08321080356836319,0.12170881778001785,0.06048615649342537,0.029397718608379364,0.02010623924434185,0.3761720061302185,0.239056795835495,0.008704155683517456,0.0036315121687948704,2.2198395527084358e-05,0.0001473860611440614,0.00047810946125537157,9.512495125818532e-06,0.00019039155449718237,0.0039693694561719894,0.004584982059895992,0.00018290542357135564,0.00019755781977437437,0.0006504935445263982,0.0014960890403017402,3.0599741876358166e-05,2.3533088096883148e-05,0.0297155249863863,0.027706842869520187,0.02677941881120205,0.0015535878483206034,0.0015471014194190502,0.0018009379273280501,0.0932624414563179,0.02013748697936535,0.7375837564468384,0.7571498155593872,0.0031411091331392527,0.006763017270714045,0.009165828116238117,0.01575775258243084,9.073247042579169e-07,9.797784059628611e-07
605,20221,0,2.207239504059544e-06,0.039563000202178955,0.04648490622639656,0.03660251572728157,0.1388954371213913,0.07798434793949127,1.7891350580612198e-05,1.1355426465797791e-07,8.592535749585295e-08,0.11567065119743347,0.12075826525688171,0.3051205277442932,0.3142126500606537,0.02818070352077484,0.08408678323030472,0.12260383367538452,0.05975602567195892,0.028764910995960236,0.019858233630657196,0.36954522132873535,0.2370527982711792,0.008628553710877895,0.0037208106368780136,2.36094474530546e-05,0.0001488576381234452,0.00044346944196149707,9.33602041186532e-06,0.0001652491046115756,0.003920524846762419,0.004428325220942497,0.0001904029631987214,0.00020595829118974507,0.0006600312772206962,0.0013950698776170611,3.345697405165993e-05,2.5655244826339185e-05,0.028641754761338234,0.026788853108882904,0.02710626646876335,0.0015814126236364245,0.0014878950314596295,0.0017026104032993317,0.08302925527095795,0.019046533852815628,0.7334499359130859,0.7533767223358154,0.0031544785015285015,0.006942801643162966,0.008293656632304192,0.014172179624438286,9.642949407862034e-07,9.79924266175658e-07
607,20288,0,2.195303295593476e-06,0.0404021330177784,0.0479549765586853,0.037137728184461594,0.13712891936302185,0.07659683376550674,1.7901265891850926e-05,1.1752491246852514e-07,8.989626820721242e-08,0.11536195874214172,0.11828538775444031,0.3074741065502167,0.31525880098342896,0.027180340141057968,0.08614099025726318,0.12454260140657425,0.05811478570103645,0.028106238692998886,0.019591685384511948,0.36794671416282654,0.23387829959392548,0.00855181459337473,0.0038151899352669716,2.5112056391662918e-05,0.00013937400944996625,0.0004127066058572382,9.567365850671194e-06,0.00014597192057408392,0.003975678235292435,0.004223937168717384,0.00021011113130953163,0.00023040060477796942,0.0006697183707728982,0.001311465515755117,3.5634493542602286e-05,2.794003376038745e-05,0.028276899829506874,0.025762781500816345,0.027502931654453278,0.00160282664000988,0.0014419902581721544,0.0015553811099380255,0.07886265218257904,0.01924641989171505,0.7317166328430176,0.7506179213523865,0.0032108065206557512,0.007691424805670977,0.008508313447237015,0.01424673292785883,1.0481026038178243e-06,1.0166486390517093e-06
609,20355,0,2.1927796751697315e-06,0.038896556943655014,0.044791944324970245,0.04019176959991455,0.13803498446941376,0.07762503623962402,1.7233263861271553e-05,1.2151404860105686e-07,8.727266731511918e-08,0.11438653618097305,0.11601824313402176,0.3086208701133728,0.3155572712421417,0.026467744261026382,0.0884714126586914,0.1258433610200882,0.05684458464384079,0.027893811464309692,0.019617890939116478,0.36610177159309387,0.23564913868904114,0.0084535488858819,0.0038943267427384853,2.3937041987664998e-05,0.00014378977357409894,0.0003793283540289849,8.903238267521374e-06,0.00013377070717979223,0.0037587247788906097,0.004015116952359676,0.00025413144612684846,0.0002769478305708617,0.0006629358977079391,0.0012960706371814013,3.3454325603088364e-05,2.59328826359706e-05,0.024968832731246948,0.023033438250422478,0.03031485714018345,0.0015809375327080488,0.0013601422542706132,0.0012847866164520383,0.09152597934007645,0.02258022129535675,0.7289520502090454,0.7467012405395508,0.0032796980813145638,0.007758219260722399,0.009873234666883945,0.016266902908682823,1.0795172329380875e-06,1.0121726745637716e-06
611,20422,0,2.1831979211128782e-06,0.03966808691620827,0.044929035007953644,0.037499330937862396,0.13780303299427032,0.07749669998884201,1.725159745546989e-05,1.1610065797640345e-07,8.386272298821495e-08,0.1128387600183487,0.11388492584228516,0.31187132000923157,0.3160547912120819,0.026960840448737144,0.08861405402421951,0.12520837783813477,0.05656617507338524,0.027611535042524338,0.01960574835538864,0.36282554268836975,0.23785655200481415,0.008634298108518124,0.0040238541550934315,2.329199924133718e-05,0.0001452225260436535,0.0004019409534521401,8.982879990071524e-06,0.00014784466475248337,0.003993341699242592,0.0043053957633674145,0.00021006545284762979,0.0002289367257617414,0.0006755119538865983,0.0013854673597961664,3.299576201243326e-05,2.5237279260181822e-05,0.02633678913116455,0.02440940961241722,0.030871251598000526,0.001578919473104179,0.0013733565574511886,0.0013859865721315145,0.09044104814529419,0.0216028094291687,0.7310547828674316,0.7490919828414917,0.0030626379884779453,0.006873785983771086,0.010007749311625957,0.016579240560531616,1.0147869033971801e-06,9.689050557426526e-07
613,20489,0,2.1403750452009263e-06,0.040079761296510696,0.04552215337753296,0.037294499576091766,0.13524450361728668,0.07695183157920837,1.7204267351189628e-05,1.151007396060777e-07,8.324994382746809e-08,0.11307486146688461,0.11587898433208466,0.31187573075294495,0.31676533818244934,0.027691353112459183,0.08757147938013077,0.12314040213823318,0.05710095539689064,0.027830054983496666,0.01962103880941868,0.3708210587501526,0.23988580703735352,0.008640888147056103,0.003930395003408194,2.3955242795636877e-05,0.0001455407909816131,0.0003917102294508368,8.76185640663607e-06,0.00014362519141286612,0.003924100194126368,0.004323960747569799,0.00020572375797200948,0.00022287934552878141,0.0006972432602196932,0.0014436956262215972,3.3793705370044336e-05,2.613981268950738e-05,0.026220904663205147,0.024570995941758156,0.031584545969963074,0.0014911771286278963,0.00133062107488513,0.0013439321191981435,0.0869123637676239,0.021094243973493576,0.7313014268875122,0.7500847578048706,0.0031089773401618004,0.006988851819187403,0.010068350471556187,0.016676530241966248,1.0264375305268914e-06,9.511020948593796e-07
615,20556,0,2.1623425254801987e-06,0.0400310717523098,0.04617283493280411,0.03766584396362305,0.13665446639060974,0.07559900730848312,1.764336229825858e-05,1.215954199551561e-07,8.653092464783185e-08,0.11243630945682526,0.11586153507232666,0.3122309148311615,0.3163856863975525,0.02768486551940441,0.08805005997419357,0.12326490879058838,0.056922804564237595,0.027795763686299324,0.019786249846220016,0.37164393067359924,0.24384206533432007,0.008697164244949818,0.003964338451623917,2.5400720915058628e-05,0.00013832133845426142,0.00039964335155673325,9.132329068961553e-06,0.00014744723739568144,0.0037262749392539263,0.004254133906215429,0.00021655829914379865,0.0002335570170544088,0.000702601158991456,0.0014248033985495567,3.633778032963164e-05,2.8193258913233876e-05,0.026545895263552666,0.02572251670062542,0.03012281283736229,0.0014777579344809055,0.0013767736963927746,0.0013898687902837992,0.08215049654245377,0.020606929436326027,0.7345703840255737,0.7579016089439392,0.003379153087735176,0.007755691185593605,0.010017501190304756,0.016783254221081734,1.028925908030942e-06,9.800522775549325e-07
617,20623,0,2.2289023036137223e-06,0.03934799134731293,0.044393472373485565,0.038642704486846924,0.14042231440544128,0.07825151085853577,1.8032464140560478e-05,1.29140005356021e-07,9.188899952050633e-08,0.11169230192899704,0.11303054541349411,0.31455478072166443,0.31734737753868103,0.027574775740504265,0.08833783119916916,0.12379559129476547,0.056717533618211746,0.02733546309173107,0.019805509597063065,0.3670713007450104,0.24908120930194855,0.00871047843247652,0.004114637151360512,2.6532863557804376e-05,0.00013414217391982675,0.00040844472823664546,9.440125722903758e-06,0.00015043352323118597,0.0038047132547944784,0.004146385472267866,0.00022670441830996424,0.0002478824171703309,0.0006952669355086982,0.0014013127656653523,3.85206330975052e-05,3.0378621886484325e-05,0.02769044227898121,0.026782091706991196,0.02889126166701317,0.001470691873691976,0.001459425431676209,0.001427335082553327,0.07958027720451355,0.020068516954779625,0.7361133694648743,0.7609322667121887,0.0034668780863285065,0.0085721705108881,0.009887130931019783,0.016482500359416008,1.0415024007670581e-06,1.0314124665455893e-06
619,20689,0,2.25613325710583e-06,0.04085191711783409,0.04703580215573311,0.03575984016060829,0.1402752697467804,0.0760427862405777,1.844114922278095e-05,1.3218684102866973e-07,9.377590259873614e-08,0.11286305636167526,0.11381477117538452,0.31802892684936523,0.319599449634552,0.027300618588924408,0.08789829909801483,0.12490888684988022,0.05704360082745552,0.02694784663617611,0.01954278163611889,0.37612220644950867,0.2528238892555237,0.00869236420840025,0.004052830394357443,2.752455839072354e-05,0.00013095384929329157,0.0004276652471162379,9.810036317503545e-06,0.00016064413648564368,0.003624877193942666,0.004101014230400324,0.00023686033091507852,0.00025758612900972366,0.0006839354173280299,0.001304525532759726,3.973165439674631e-05,3.1427913199877366e-05,0.027722109109163284,0.027153946459293365,0.027926186099648476,0.001559186028316617,0.0015411790227517486,0.001496978453360498,0.07521764189004898,0.019109010696411133,0.7330290675163269,0.761239767074585,0.0035725454799830914,0.00902919564396143,0.009301215410232544,0.01565500535070896,1.0128283065569121e-06,1.0646199370967224e-06
621,20756,0,2.161643578801886e-06,0.03856988996267319,0.04440794140100479,0.03649337217211723,0.14439497888088226,0.07914755493402481,1.8742557585937902e-05,1.3666556242242223e-07,9.594865701956223e-08,0.11391694843769073,0.11140862852334976,0.3117738664150238,0.3150523006916046,0.024324627593159676,0.09537103027105331,0.13542884588241577,0.05405081436038017,0.0272604301571846,0.020299144089221954,0.37266385555267334,0.2587127089500427,0.00846332311630249,0.004303167574107647,2.9656930564669892e-05,0.00013595476048067212,0.00041971789323724806,9.267051609640475e-06,0.0001542771642562002,0.0035191583447158337,0.0040021915920078754,0.00024770645541138947,0.00026601157151162624,0.0007088049896992743,0.0015508197247982025,4.367698056739755e-05,3.448837378527969e-05,0.02767711505293846,0.02791845239698887,0.027853872627019882,0.0012536204885691404,0.001538532436825335,0.001463944325223565,0.0705561712384224,0.01873932220041752,0.734728217124939,0.7614904642105103,0.00396114494651556,0.009079059585928917,0.009211484342813492,0.015797367319464684,1.0171587518925662e-06,1.0725167385317036e-06
623,20823,0,2.156127720809309e-06,0.03812167048454285,0.043899115175008774,0.03388075903058052,0.14661870896816254,0.07921244204044342,1.8539754819357768e-05,1.3477934146521875e-07,9.443157011901349e-08,0.11384491622447968,0.11054828763008118,0.3100321292877197,0.3124443590641022,0.022943036630749702,0.09928636997938156,0.13970912992954254,0.05194307491183281,0.027354475110769272,0.02043796330690384,0.3712359368801117,0.26250603795051575,0.008433500304818153,0.0042916154488921165,2.878990926546976e-05,0.00014085446309763938,0.0004226097371429205,9.096995199797675e-06,0.00015566307411063462,0.0034437545109540224,0.004017684143036604,0.00026400064234621823,0.0002808755962178111,0.0006718404474668205,0.0015680163633078337,4.217568493913859e-05,3.291517714387737e-05,0.027467098087072372,0.02841605432331562,0.027152663096785545,0.0012141591869294643,0.0016039647161960602,0.0014597374247387052,0.07532496750354767,0.01916598156094551,0.7306530475616455,0.7590764760971069,0.003990937490016222,0.008930886164307594,0.008489231579005718,0.014772424474358559,9.82849883257586e-07,1.0615642622724408e-06
625,20890,0,2.153191417164635e-06,0.035990193486213684,0.044410597532987595,0.03349211812019348,0.1537792831659317,0.07873783260583878,1.8629527403390966e-05,1.3382475572143449e-07,9.72776277308185e-08,0.10850469022989273,0.11114103347063065,0.31338661909103394,0.31517294049263,0.022371411323547363,0.10082419961690903,0.14202570915222168,0.05097035691142082,0.027154631912708282,0.020122500136494637,0.36523741483688354,0.261909157037735,0.008925688453018665,0.004303292371332645,2.9241378797451034e-05,0.00013715712702833116,0.0004322252352721989,9.457607120566536e-06,0.00016152132593560964,0.003457828890532255,0.003905437421053648,0.0002646404900588095,0.0002834792830981314,0.0006710047018714249,0.0015083129983395338,4.2280142224626616e-05,3.3324442483717576e-05,0.02810414880514145,0.029084710404276848,0.02654077112674713,0.0012530653038993478,0.0016470049740746617,0.0015019322745501995,0.07257590442895889,0.018135957419872284,0.727222204208374,0.7582281231880188,0.003931060433387756,0.009336556307971478,0.008071530610322952,0.013907739892601967,9.843845418799901e-07,1.0706087323342217e-06
627,20957,0,2.2051651740184752e-06,0.034840695559978485,0.046751197427511215,0.0325779914855957,0.157670795917511,0.07577314227819443,1.8826323866960593e-05,1.3462388892548915e-07,9.840102421776464e-08,0.10899685323238373,0.11199790984392166,0.31001827120780945,0.3117825388908386,0.021644974127411842,0.10257438570261002,0.14504803717136383,0.05014457553625107,0.02767714485526085,0.02035243809223175,0.3655073344707489,0.2653060257434845,0.008959513157606125,0.004278726410120726,2.8813285098294728e-05,0.0001273145608138293,0.00044079485815018415,1.0094946446770336e-05,0.00016617437358945608,0.003633881686255336,0.004085073247551918,0.0002583512687124312,0.0002797806228045374,0.0006536524160765111,0.0013267038157209754,4.134230039198883e-05,3.282459147158079e-05,0.0284847654402256,0.029181329533457756,0.025788402184844017,0.001473139738664031,0.0016574423061683774,0.0015407283790409565,0.07455496490001678,0.01801960915327072,0.7264509797096252,0.7597457766532898,0.0037232066970318556,0.009459257125854492,0.008500171825289726,0.01467849686741829,9.914355132423225e-07,1.0812171922225389e-06
629,21024,0,7.771039918225142e-07,0.003838005242869258,0.014185870066285133,0.07523439079523087,0.5153924226760864,0.1311585009098053,3.9657155866734684e-05,2.149646860516441e-07,1.9823579577860073e-07,0.04992777109146118,0.0606500543653965,0.08857178688049316,0.12663941085338593,0.0345628559589386,0.042621102184057236,0.10297329723834991,0.09456021338701248,0.10554961860179901,0.07809226214885712,0.5075287222862244,0.2599167227745056,0.021562378853559494,0.008841539733111858,0.00018853266374208033,0.00014115148223936558,0.0003981383051723242,1.4562326214218047e-05,4.8064172005979344e-05,0.002722664037719369,0.003607922000810504,0.0003840124700218439,0.00040564569644629955,0.0011737701715901494,0.00033107976196333766,0.0007025061058811843,0.0008777905604802072,0.024654114618897438,0.026113983243703842,0.01646585762500763,0.0025132596492767334,0.0006829013582319021,0.0009062163881026208,0.0033447835594415665,0.005684720817953348,0.5363867282867432,0.588987410068512,0.009447166696190834,0.06398475915193558,0.0017005570698529482,0.002422687830403447,4.4273688217799645e-06,1.661121586948866e-06
631,21090,0,6.926607056811918e-07,0.010234199464321136,0.017875874415040016,0.058807630091905594,0.33758166432380676,0.09660898894071579,2.2461215849034488e-05,1.1113057496459078e-07,9.321008320739566e-08,0.09010305255651474,0.0890345349907875,0.1721300333738327,0.20424795150756836,0.03707240894436836,0.0561952106654644,0.0953563004732132,0.07344267517328262,0.05205856263637543,0.04013744741678238,0.43961548805236816,0.2751731276512146,0.011632714420557022,0.00540822371840477,9.149312973022461e-05,0.00011199098662473261,0.0002991858636960387,1.200476981466636e-05,4.733542664325796e-05,0.0024573036935180426,0.00519464211538434,0.0002257454179925844,0.00020829834102187306,0.0008299745968542993,0.00042885058792307973,0.00029994931537657976,0.00026346376398578286,0.022205302491784096,0.03373191878199577,0.016774293035268784,0.0026075015775859356,0.0006510120001621544,0.0008704378269612789,0.007350616157054901,0.007712295278906822,0.5506807565689087,0.6330755949020386,0.006566761992871761,0.0187399722635746,0.0024468470364809036,0.004563034977763891,2.641059381858213e-06,9.109801339945989e-07
633,21157,0,1.3208066320657963e-06,0.021801549941301346,0.035910412669181824,0.04204313084483147,0.19389313459396362,0.07260194420814514,1.9706334569491446e-05,1.2279807037884893e-07,7.48876942679999e-08,0.11173634976148605,0.1240784078836441,0.22878852486610413,0.2530812919139862,0.03189023211598396,0.066510409116745,0.10888729244470596,0.06711361557245255,0.040467098355293274,0.028229663148522377,0.43225520849227905,0.2999674677848816,0.00973455049097538,0.0035805508960038424,4.4271026126807556e-05,7.748740608803928e-05,0.00035789975663647056,1.8672639271244407e-05,8.919186075218022e-05,0.0022943615913391113,0.004783530253916979,0.00025511925923638046,0.00024025360471569002,0.0007345565245486796,0.0003631692088674754,9.994146967073902e-05,7.432707207044587e-05,0.018893856555223465,0.027813971042633057,0.022187836468219757,0.004895530175417662,0.001070168218575418,0.0012837976682931185,0.02441640943288803,0.012253891676664352,0.6187368631362915,0.7220195531845093,0.0032936770003288984,0.009647547267377377,0.00432596355676651,0.008905821479856968,1.482488187320996e-06,9.063803076969634e-07
635,21224,0,1.7721628182698623e-06,0.03106836788356304,0.05485205352306366,0.026197325438261032,0.1608821600675583,0.05745839327573776,1.7921918697538786e-05,1.0535728023342017e-07,6.671888996834241e-08,0.10922720283269882,0.13858190178871155,0.25529956817626953,0.27006542682647705,0.02900412119925022,0.07640128582715988,0.11573188006877899,0.0599198080599308,0.037325747311115265,0.024674583226442337,0.42562153935432434,0.28933098912239075,0.009899119846522808,0.00302509730681777,2.8100170311518013e-05,9.394877997692674e-05,0.0004014873702544719,1.6413730918429792e-05,0.00012857372348662466,0.0028902890626341105,0.004909126553684473,0.0002243872731924057,0.00022270959743764251,0.0007068117265589535,0.00048072615754790604,4.873577199759893e-05,3.469014700385742e-05,0.02027708850800991,0.024379029870033264,0.028393110260367393,0.004485434386879206,0.001338708563707769,0.0014318698085844517,0.04762616008520126,0.01613999530673027,0.6422358751296997,0.7211732864379883,0.0023206868208944798,0.0063031394965946674,0.004756926093250513,0.009664214216172695,1.109819322664407e-06,8.558340027775557e-07
637,21291,0,1.7242862213606713e-06,0.037923287600278854,0.060820817947387695,0.020635316148400307,0.14931917190551758,0.05412747338414192,1.7793274309951812e-05,8.897784198325098e-08,6.182776957075475e-08,0.10727881640195847,0.14151325821876526,0.27741938829421997,0.28919628262519836,0.024673067033290863,0.08759833127260208,0.13139167428016663,0.054694969207048416,0.033979568630456924,0.02230186201632023,0.3961729109287262,0.2826322317123413,0.009948130697011948,0.003111547091975808,2.638193291204516e-05,0.00011571304639801383,0.0004554020706564188,1.3278741789690685e-05,0.00016471563139930367,0.0031123203225433826,0.0049414122477173805,0.00017589176422916353,0.00017361165373586118,0.0007255083182826638,0.0007133421604521573,4.2223127820761874e-05,2.9863398594898172e-05,0.020940272137522697,0.023204894736409187,0.03199843317270279,0.003099789610132575,0.001413620775565505,0.0016555852489545941,0.049816083163022995,0.014734565280377865,0.6551826000213623,0.7171397805213928,0.002155825262889266,0.004713572561740875,0.005163244903087616,0.010580132715404034,9.026968541547831e-07,7.86072973824048e-07
639,21358,0,1.914906079036882e-06,0.04238260164856911,0.0643530860543251,0.018010441213846207,0.13773860037326813,0.056646984070539474,1.8600056137074716e-05,8.844232013416331e-08,6.733727531127442e-08,0.10691831260919571,0.1469324380159378,0.2825321853160858,0.29796749353408813,0.019269241020083427,0.10759368538856506,0.15652364492416382,0.04730480536818504,0.03381456807255745,0.021799109876155853,0.38981136679649353,0.2734890878200531,0.009899172000586987,0.0031350550707429647,2.539902379794512e-05,0.00012596629676409066,0.0004815494467038661,1.1023103070328943e-05,0.00020237453281879425,0.003142622299492359,0.0046046823263168335,0.00019758701091632247,0.00019859676831401885,0.0006943484186194837,0.0009253104217350483,3.6807989090448245e-05,2.62589910562383e-05,0.02242700569331646,0.023404492065310478,0.03222532942891121,0.0023569243494421244,0.001481560873799026,0.0016681235283613205,0.06276679039001465,0.015217513777315617,0.6767585873603821,0.7256566286087036,0.0026020470540970564,0.005243364721536636,0.006819492671638727,0.013841097243130207,8.390397852053866e-07,8.107186317829473e-07
641,21425,0,1.7961622233997332e-06,0.041976913809776306,0.060867249965667725,0.021588347852230072,0.14099469780921936,0.06442487984895706,1.8119964806828648e-05,8.909076854024534e-08,7.389913747601895e-08,0.1043260395526886,0.14398697018623352,0.2910044193267822,0.30874401330947876,0.019095683470368385,0.10630316287279129,0.15774434804916382,0.048354197293519974,0.03218819946050644,0.02072269842028618,0.3768967390060425,0.26347529888153076,0.009986592456698418,0.003284571459516883,2.7643354769679718e-05,0.00013267465692479163,0.0004472697910387069,1.0052819561678916e-05,0.00018172420095652342,0.0028163387905806303,0.004171708133071661,0.00022768396593164653,0.0002242290211142972,0.000697654380928725,0.0010068772826343775,4.183639248367399e-05,2.893121200031601e-05,0.022626519203186035,0.024588292464613914,0.03113478422164917,0.0019632771145552397,0.0014538270188495517,0.0014311546692624688,0.05577202886343002,0.014958731830120087,0.6491490006446838,0.7002812027931213,0.0032635023817420006,0.006278270855545998,0.0064070927910506725,0.013164866715669632,8.904988249014423e-07,8.316644084516156e-07
643,21492,0,1.9433982743066736e-06,0.04280971735715866,0.05514040216803551,0.022750917822122574,0.13914358615875244,0.07612796872854233,1.6764324755058624e-05,9.024948610658612e-08,9.748658413855082e-08,0.09174761176109314,0.1320710927248001,0.3089103698730469,0.3232022821903229,0.019447531551122665,0.10402190685272217,0.15390190482139587,0.048552438616752625,0.029411334544420242,0.018542837351560593,0.3574335277080536,0.2650584280490875,0.010463169775903225,0.003517189295962453,3.031906089745462e-05,0.00015134582645259798,0.00040454082773067057,9.40905465540709e-06,0.00016434193821623921,0.00418162252753973,0.003922903910279274,0.00024202368513215333,0.00027056943508796394,0.0006405300227925181,0.000887223519384861,4.1343642806168646e-05,2.9533792258007452e-05,0.026965225115418434,0.024126458913087845,0.027049332857131958,0.0019722727593034506,0.0012844079174101353,0.0009296126081608236,0.052291471511125565,0.01702200248837471,0.5571268796920776,0.5808838605880737,0.004183048382401466,0.010837826877832413,0.005567630287259817,0.010833542793989182,1.1165732303197728e-06,9.264181812795869e-07
645,21558,0,2.336424358873046e-06,0.04124915972352028,0.0500347763299942,0.02062894217669964,0.1473715454339981,0.08239781111478806,1.6080048226285726e-05,9.9718114654479e-08,1.4346282739552407e-07,0.08317127823829651,0.11957783997058868,0.3197815716266632,0.3269729018211365,0.018517743796110153,0.10976851731538773,0.15482652187347412,0.04499964788556099,0.02848987653851509,0.017199020832777023,0.3444339334964752,0.24425829946994781,0.010754103772342205,0.0036767597775906324,3.5272896639071405e-05,0.00017026287969201803,0.00037629660801030695,8.937897291616537e-06,0.00016017182497307658,0.005692386534065008,0.003927898593246937,0.0004112750757485628,0.0004932479932904243,0.0004973364993929863,0.0006965691572986543,3.828033368336037e-05,2.922665953519754e-05,0.04120612144470215,0.029710421338677406,0.016090428456664085,0.002059097168967128,0.0012795593356713653,0.0006345433066599071,0.0640781819820404,0.023420318961143494,0.46786803007125854,0.4439835250377655,0.010211218148469925,0.02513020858168602,0.005636497400701046,0.01059133093804121,1.4566677464245004e-06,1.0493677109479904e-06
647,21625,0,2.1465157260536216e-06,0.04179602488875389,0.04280799627304077,0.01963985338807106,0.15157145261764526,0.09669531136751175,1.3278323422127869e-05,1.1542468314473808e-07,1.7355760917325824e-07,0.0761919841170311,0.10259772092103958,0.3140450119972229,0.30979520082473755,0.02077212557196617,0.1037689596414566,0.14173628389835358,0.04409245774149895,0.029183046892285347,0.017301244661211967,0.33224183320999146,0.20788437128067017,0.011765073984861374,0.004115804098546505,3.961939728469588e-05,0.00017442622629459947,0.0003319808456581086,7.4007848525070585e-06,0.0001390425459248945,0.005969495512545109,0.0036223893985152245,0.0020056788343936205,0.0026261606253683567,0.00033864626311697066,0.0004947142442688346,4.391236143419519e-05,3.70342459063977e-05,0.05950028449296951,0.04184599965810776,0.006160168908536434,0.0017616541590541601,0.0012562338961288333,0.00029503615223802626,0.09232548624277115,0.03784732520580292,0.13618190586566925,0.13619445264339447,0.017633646726608276,0.03843154385685921,0.006504256743937731,0.011647669598460197,2.1141320303286193e-06,1.149604713646113e-06
649,21692,0,1.8766170342132682e-06,0.046088021248579025,0.039921779185533524,0.01892354153096676,0.14298151433467865,0.10778975486755371,8.064904250204563e-06,1.5341622372488928e-07,1.4318850105610181e-07,0.05906875431537628,0.08043414354324341,0.26439711451530457,0.27574625611305237,0.022062286734580994,0.10229025036096573,0.135200634598732,0.04265913367271423,0.03393300622701645,0.021303260698914528,0.28386032581329346,0.18587498366832733,0.014912947081029415,0.0052150581032037735,2.7562726245378144e-05,0.00026853865711018443,0.00036875868681818247,5.8993095990445e-06,0.00013141731324139982,0.0015498807188123465,0.0012798316311091185,0.021805765107274055,0.028655899688601494,0.0003085780772380531,0.00047509153955616057,4.5347078412305564e-05,3.3005326258717105e-05,0.02818196639418602,0.026896078139543533,0.006476822774857283,0.0011239442974328995,0.0014153483789414167,0.0002096566604450345,0.14382657408714294,0.06548462063074112,0.012383813038468361,0.013058370910584927,0.01784566231071949,0.03032982349395752,0.005924438126385212,0.009187939576804638,2.6149070890824078e-06,1.2477046311687445e-06
651,21759,0,1.9738210994546534e-06,0.04028322547674179,0.031136490404605865,0.0310888160020113,0.15729142725467682,0.13125188648700714,5.783458163932664e-06,2.667966327862814e-07,1.6660177948324417e-07,0.034544333815574646,0.04329478368163109,0.25121763348579407,0.2766554057598114,0.024558113887906075,0.09709508717060089,0.12965179979801178,0.04523187130689621,0.0354604534804821,0.023697087541222572,0.24640952050685883,0.13879749178886414,0.02471880242228508,0.010864255018532276,2.0235595002304763e-05,0.0003896186826750636,0.0004660473205149174,6.875312010379275e-06,0.00015823059948161244,0.000575877376832068,0.00044916916522197425,0.07156068086624146,0.0965871512889862,0.0005942462594248354,0.0006438455311581492,4.74584121548105e-05,2.8824719265685417e-05,0.008740671910345554,0.009836597368121147,0.029558466747403145,0.0009857913246378303,0.0018537280848249793,0.00022899654868524522,0.17394962906837463,0.10005751252174377,0.0016064528608694673,0.0016069661360234022,0.015340241603553295,0.028437204658985138,0.006217702757567167,0.00825461558997631,3.4733620850602165e-06,1.3428439160634298e-06
653,21826,0,1.7607729887458845e-06,0.03118222765624523,0.024560019373893738,0.0360410250723362,0.1916215419769287,0.1530972123146057,5.3019261940789875e-06,2.867430453079578e-07,1.7529642093450093e-07,0.02731543965637684,0.03055408038198948,0.23638083040714264,0.26543718576431274,0.02490987814962864,0.09667115658521652,0.12900792062282562,0.04566196724772453,0.03719313442707062,0.025836052373051643,0.2181493043899536,0.10681306570768356,0.031212037429213524,0.01511059608310461,1.7582760847290047e-05,0.0004913568845950067,0.0005104196607135236,6.455676157202106e-06,0.00016868606326170266,0.0004346992645878345,0.000412964349379763,0.08254849165678024,0.10572455823421478,0.000710918684490025,0.0007334292749874294,4.882666689809412e-05,2.78930692729773e-05,0.006336378399282694,0.008487950079143047,0.049288950860500336,0.000976822106167674,0.002256416715681553,0.00023484547273255885,0.1866598129272461,0.10450965166091919,0.0008336404571309686,0.0008258926682174206,0.014443072490394115,0.022080333903431892,0.004972969647496939,0.006736257579177618,3.571189608919667e-06,1.1827503385575255e-06
655,21893,0,1.5005812201707158e-06,0.030869370326399803,0.023368921130895615,0.03831534832715988,0.20038871467113495,0.16012288630008698,5.620531283057062e-06,2.433229440157447e-07,1.6955071657775989e-07,0.025736158713698387,0.023719891905784607,0.24039682745933533,0.2686241865158081,0.021464038640260696,0.10836053639650345,0.14087262749671936,0.04101046547293663,0.036108098924160004,0.025071218609809875,0.20358528196811676,0.08169034123420715,0.03335331380367279,0.01810288056731224,2.012385994021315e-05,0.00050219742115587,0.00047080512740649283,6.136222964414628e-06,0.000169272068887949,0.0004111511807423085,0.00047768765944056213,0.043595101684331894,0.05224219337105751,0.0009861543076112866,0.0008245217613875866,5.6821365433279425e-05,3.363016003277153e-05,0.006242421455681324,0.009030676446855068,0.06480062752962112,0.001010155538097024,0.001847372273914516,0.0001973168400581926,0.12649492919445038,0.09167178720235825,0.0009905612096190453,0.0010031749261543155,0.012521661818027496,0.016717011108994484,0.004853268153965473,0.006568896118551493,3.6649885259976145e-06,1.029437271427014e-06
657,21960,0,1.3737973176830565e-06,0.028680598363280296,0.021404221653938293,0.04049021005630493,0.20853978395462036,0.16810782253742218,5.862289071956184e-06,2.2382143072263716e-07,1.7076975211693934e-07,0.02117372676730156,0.01655450277030468,0.26083898544311523,0.2840602695941925,0.020334595814347267,0.11212074011564255,0.14400310814380646,0.03937254101037979,0.03295544907450676,0.022861123085021973,0.1661010980606079,0.0640052929520607,0.039497822523117065,0.024241287261247635,2.1556837964453734e-05,0.0004933757008984685,0.00046608972479589283,6.772841061319923e-06,0.00018335157074034214,0.00045275132288224995,0.0005498587270267308,0.02244805358350277,0.026232218369841576,0.0013575488701462746,0.0010514365276321769,6.416730320779607e-05,3.882233431795612e-05,0.006765993777662516,0.010703816078603268,0.08285932242870331,0.0009333493653684855,0.0016534295864403248,0.0001646462333155796,0.09862420707941055,0.09144765138626099,0.001245184917934239,0.001308281789533794,0.009955247864127159,0.013391525484621525,0.0045712790451943874,0.0057677011936903,3.489508117127116e-06,9.131659908234724e-07
659,22026,0,1.2438658814062364e-06,0.02724548988044262,0.018656104803085327,0.03582368046045303,0.218398317694664,0.1842626929283142,6.242757990548853e-06,1.837899930023923e-07,1.6526809076822246e-07,0.019471488893032074,0.013914150185883045,0.2439195215702057,0.26983436942100525,0.021981069818139076,0.103809654712677,0.13660067319869995,0.04188764467835426,0.03504856675863266,0.0243661031126976,0.16455620527267456,0.056612301617860794,0.0420682467520237,0.026015492156147957,2.177268106606789e-05,0.0004818710731342435,0.000486917735543102,7.204707344499184e-06,0.00020445467089302838,0.0007039641495794058,0.0006476257694885135,0.00953640230000019,0.011124568991363049,0.001589858322404325,0.001244136830791831,6.672625750070438e-05,4.420112236402929e-05,0.008430326357483864,0.010758157819509506,0.09812724590301514,0.0009476642590016127,0.0016935450257733464,0.000167288031661883,0.08093681186437607,0.07679157704114914,0.0013541753869503736,0.001297188806347549,0.007170538417994976,0.008511069230735302,0.004018579609692097,0.004488653037697077,3.19963487527275e-06,7.388235871985671e-07
661,22093,0,1.375081865262473e-06,0.02340916357934475,0.01524071954190731,0.04484138265252113,0.22141019999980927,0.19052425026893616,6.118861165305134e-06,1.797327797703474e-07,1.5515361440066044e-07,0.027209969237446785,0.020632334053516388,0.2670902907848358,0.285342812538147,0.020131418481469154,0.11322936415672302,0.14310696721076965,0.03798731043934822,0.031107749789953232,0.021564321592450142,0.191299706697464,0.07605123519897461,0.03015756793320179,0.01737685315310955,1.741102823871188e-05,0.0005120389978401363,0.0006349364412017167,7.89244586485438e-06,0.00028339875279925764,0.0009709778823889792,0.0007454956648871303,0.007016368675976992,0.008721800521016121,0.00116553099360317,0.001360276946797967,5.3700012358604e-05,3.541840851539746e-05,0.010831263847649097,0.012920442037284374,0.07313492894172668,0.0008695198339410126,0.002446502447128296,0.00023426108236890286,0.123239666223526,0.0742279589176178,0.0011886275606229901,0.001089293509721756,0.005419891327619553,0.007060350384563208,0.003490078030154109,0.0037116706371307373,2.5239962724299403e-06,7.045199481581221e-07
663,22160,0,1.5109318383110804e-06,0.02460087463259697,0.01797628216445446,0.03728269785642624,0.2097567617893219,0.17285673320293427,5.82663415116258e-06,1.777578262363022e-07,1.4569717166068585e-07,0.0319795161485672,0.02611638978123665,0.27264082431793213,0.288191556930542,0.01874467357993126,0.11672641336917877,0.14981494843959808,0.03733166679739952,0.030380140990018845,0.021088525652885437,0.22210878133773804,0.09727145731449127,0.02620415762066841,0.013819192536175251,1.3524209862225689e-05,0.0005296365125104785,0.0007944820099510252,9.131727892963681e-06,0.0003618716436903924,0.0011251731775701046,0.0009400137350894511,0.0050840736366808414,0.00654566427692771,0.0009695714106783271,0.0013300864957273006,4.210439510643482e-05,2.7728052373277023e-05,0.010980835184454918,0.013708527199923992,0.06773851811885834,0.0009698591311462224,0.0031201329547911882,0.00030340004013851285,0.1810634285211563,0.0824066773056984,0.0009644553065299988,0.0009060812299139798,0.0038482006639242172,0.005702881142497063,0.003184871282428503,0.003692509140819311,1.958808752533514e-06,6.745296445842541e-07
665,22227,0,1.4448220326812589e-06,0.02735605463385582,0.019474824890494347,0.03339512646198273,0.19657109677791595,0.16523393988609314,6.063588443794288e-06,1.5140345510644693e-07,1.3895800066165975e-07,0.03176043927669525,0.028889859095215797,0.27554741501808167,0.2881368398666382,0.018139958381652832,0.12086350470781326,0.15318533778190613,0.03584250062704086,0.03006303496658802,0.02046123333275318,0.2124491035938263,0.10295742750167847,0.02652616985142231,0.012258895672857761,1.488565067120362e-05,0.00048678924213163555,0.0008089468465186656,9.05737397260964e-06,0.000393646681914106,0.0012423995649442077,0.0011102473363280296,0.0038297739811241627,0.004997089970856905,0.0009222512599080801,0.0012671776348724961,4.406438165460713e-05,2.8972850486752577e-05,0.012696762569248676,0.017037536948919296,0.05484888702630997,0.000998802948743105,0.002961796708405018,0.0003245543921366334,0.14577718079090118,0.06343545764684677,0.0012237163027748466,0.0012454250827431679,0.003630944062024355,0.005891351494938135,0.002700778190046549,0.0033203675411641598,1.8155765246774536e-06,6.440534434659639e-07
667,22294,0,1.2496086583269062e-06,0.014628173783421516,0.010212935507297516,0.06428157538175583,0.22085000574588776,0.1700792759656906,9.314463568443898e-06,1.298041780728454e-07,8.364705905705705e-08,0.133036270737648,0.2011929750442505,0.5070031881332397,0.4855458736419678,0.013006800785660744,0.1722647100687027,0.20556695759296417,0.028486644849181175,0.016376826912164688,0.007842157036066055,0.36067575216293335,0.28795650601387024,0.006675772834569216,0.0017868186114355922,2.602107633720152e-05,0.00045466574374586344,0.0011215449776500463,9.590312401996925e-06,0.0007341555319726467,0.0021331931930035353,0.001383687136694789,0.0031949467957019806,0.004176615737378597,0.0006520887836813927,0.0011289017274975777,5.7005683629540727e-05,4.162003824603744e-05,0.019583411514759064,0.02033897303044796,0.025474224239587784,0.000807749864179641,0.002882826840505004,0.0004669820482376963,0.07304926961660385,0.028528422117233276,0.0030874470248818398,0.003041293239220977,0.004447792191058397,0.007568694185465574,0.0025806541088968515,0.0032171064522117376,1.6506343172295601e-06,7.202318670351815e-07
669,22361,0,9.325326573161874e-07,0.003470607800409198,0.003607388585805893,0.1157115176320076,0.35155192017555237,0.20688872039318085,9.729655175760854e-06,1.2889330491816509e-07,7.412754854385639e-08,0.5111064910888672,0.5358569622039795,0.7515482306480408,0.7135064601898193,0.059416476637125015,0.08232825249433517,0.07035969942808151,0.05597475543618202,0.005822388455271721,0.002947894623503089,0.5096014738082886,0.3659474849700928,0.0011316139716655016,0.00021095764532219619,2.4427588869002648e-05,0.0005968846380710602,0.0014574074884876609,1.2925737792102154e-05,0.0009202465298585594,0.002046364825218916,0.0026418704073876143,0.0037092685233801603,0.0043189977295696735,0.0005780520150437951,0.0010088052367791533,7.49845348764211e-05,5.0716633268166333e-05,0.014343170449137688,0.025112945586442947,0.025940053164958954,0.0008765353122726083,0.0037075928412377834,0.0005819950602017343,0.07195854187011719,0.02477654628455639,0.003391439560800791,0.003963871859014034,0.00457664392888546,0.010068454779684544,0.0020351645071059465,0.003255618503317237,1.8329687918594573e-06,4.063459186909313e-07
671,22427,0,8.679917868903431e-07,0.007480503059923649,0.005895220208913088,0.07718302309513092,0.29896652698516846,0.20722933113574982,7.952093255880754e-06,1.3338987514543987e-07,7.016233638523772e-08,0.34874409437179565,0.37517136335372925,0.6825591325759888,0.6548214554786682,0.07180329412221909,0.04905141144990921,0.06974568217992783,0.0853770300745964,0.007509170100092888,0.003710945835337043,0.40690040588378906,0.323191374540329,0.0020511194597929716,0.0005885885911993682,1.938521018018946e-05,0.0005343226948752999,0.001068726065568626,9.607310857973062e-06,0.0006043604807928205,0.002074297983199358,0.0021690090652555227,0.003986713010817766,0.004806526005268097,0.0004467309918254614,0.0009453209931962192,5.7176359405275434e-05,4.004704169346951e-05,0.016559962183237076,0.02285725064575672,0.022944029420614243,0.0009209864074364305,0.0033459775149822235,0.00043616138282231987,0.1054534986615181,0.032932281494140625,0.003076152177527547,0.0034408103674650192,0.004249951336532831,0.008377112448215485,0.0026581771671772003,0.00427050469443202,1.637190848668979e-06,5.35589379069279e-07
673,22494,0,8.680331688992737e-07,0.011018251068890095,0.008859211578965187,0.0608847513794899,0.27214381098747253,0.20000025629997253,6.891381872264901e-06,1.3548671518037736e-07,7.511071231647293e-08,0.2501167953014374,0.2937302589416504,0.6199096441268921,0.5940777063369751,0.0972994938492775,0.030884062871336937,0.05390248820185661,0.12014257162809372,0.009417876601219177,0.004587243776768446,0.3405797481536865,0.2809944748878479,0.0033075157552957535,0.0009765034192241728,1.7718733943183906e-05,0.0004913758602924645,0.000802177528385073,9.361258889839519e-06,0.0003901595191564411,0.0018420612905174494,0.0017107818275690079,0.004537651315331459,0.00554681196808815,0.00044675954268313944,0.0008801225922070444,5.3239062253851444e-05,3.7364552554208785e-05,0.018215147778391838,0.024808578193187714,0.022009707987308502,0.0009492578101344407,0.0029476480558514595,0.0003526794316712767,0.11800829321146011,0.03933754190802574,0.0030299013014882803,0.0033864728175103664,0.004457530099898577,0.008575932122766972,0.0024422656279057264,0.00377670512534678,1.7667425709078088e-06,6.297005938904476e-07
675,22561,0,8.062751248871791e-07,0.013400834053754807,0.012063203379511833,0.038987934589385986,0.27436864376068115,0.18834353983402252,5.904577392357169e-06,1.322536604675406e-07,7.129265355843017e-08,0.1623467057943344,0.20755527913570404,0.5626868009567261,0.5385669469833374,0.058300234377384186,0.04518784210085869,0.07504961639642715,0.08758415281772614,0.011548795737326145,0.0055509302765131,0.3516082465648651,0.2824186384677887,0.005834709387272596,0.001613971428014338,1.7186654076795094e-05,0.00040714905480854213,0.0006075221463106573,1.0101195584866218e-05,0.00025299855042248964,0.0014092348283156753,0.0017529638716951013,0.0038847920950502157,0.004457424394786358,0.0005701311747543514,0.0007510597934015095,5.35639155714307e-05,3.4059161407640204e-05,0.014380287379026413,0.023112837225198746,0.030249550938606262,0.001309530227445066,0.002247331663966179,0.0002757905749604106,0.12194018810987473,0.04904358088970184,0.0023304293863475323,0.0026838916819542646,0.004074516240507364,0.0060685486532747746,0.0025311571080237627,0.004430362489074469,1.8834767843145528e-06,6.081827450543642e-07
677,22628,0,7.794270686645177e-07,0.015360753051936626,0.01447091531008482,0.03649546205997467,0.25298866629600525,0.1713155210018158,5.0904131967399735e-06,1.2366550095066486e-07,7.005081670286017e-08,0.13367293775081635,0.18228420615196228,0.48488467931747437,0.46759989857673645,0.041747819632291794,0.05405610799789429,0.09479139745235443,0.07832072675228119,0.015574214048683643,0.008173367008566856,0.303878515958786,0.26325732469558716,0.007331462576985359,0.002112113405019045,1.5625821106368676e-05,0.0004192138439975679,0.0005351183353923261,1.0400512110209092e-05,0.00020689950906671584,0.0011629092041403055,0.0016691514756530523,0.0034515364095568657,0.0038698911666870117,0.0006891496595926583,0.000901069724932313,4.881777203991078e-05,2.8658920200541615e-05,0.01152542233467102,0.021133333444595337,0.03965338319540024,0.0012272256426513195,0.0019124955870211124,0.00027592762489803135,0.13383926451206207,0.060131706297397614,0.00170590088237077,0.0019546460825949907,0.003661014838144183,0.004570786375552416,0.0024675242602825165,0.004569335840642452,1.940287120305584e-06,5.656173698298517e-07
679,22695,0,8.890783078641107e-07,0.020940057933330536,0.024296928197145462,0.023952679708600044,0.21960513293743134,0.13986468315124512,4.5328447413339745e-06,1.2355621947790496e-07,8.294579600942598e-08,0.11556435376405716,0.1405065357685089,0.42766618728637695,0.4072730541229248,0.032448068261146545,0.06258827447891235,0.11419112980365753,0.0717698335647583,0.019579734653234482,0.011724412441253662,0.2849491536617279,0.21634258329868317,0.009016873314976692,0.0031036410946398973,1.409202377544716e-05,0.0003813020884990692,0.00040275329956784844,9.983324162021745e-06,0.00015303630789276212,0.0010388250229880214,0.0016181227983906865,0.004373128991574049,0.005049756728112698,0.0006798114045523107,0.0008380048675462604,3.621932046371512e-05,2.0653518731705844e-05,0.011056226678192616,0.021243596449494362,0.03958843648433685,0.0013519686181098223,0.0014180878642946482,0.00020189443603157997,0.18333645164966583,0.08187704533338547,0.0021781320683658123,0.0025732608046382666,0.004364664666354656,0.0058221155777573586,0.003206741763278842,0.005939416587352753,2.0964616851415485e-06,6.06287926530058e-07
681,22762,0,8.869695307112124e-07,0.030746961012482643,0.04097701609134674,0.015974652022123337,0.17943693697452545,0.10727156698703766,4.710495431936579e-06,1.3729365377912472e-07,9.208796569737387e-08,0.10510439425706863,0.12975037097930908,0.41148948669433594,0.3949596881866455,0.029853198677301407,0.06240254268050194,0.12438718974590302,0.07463360577821732,0.02176617458462715,0.012822662480175495,0.2868022918701172,0.20376963913440704,0.010793921537697315,0.0036547973286360502,1.8009004634222947e-05,0.0004286010516807437,0.0003119524917565286,8.414297553827055e-06,0.00011747296957764775,0.0009230271680280566,0.0013035349547863007,0.005466105882078409,0.006362506654113531,0.0009492465760558844,0.0008422670071013272,4.3560678022913635e-05,2.6045829145004973e-05,0.009221276268362999,0.017321094870567322,0.06046464666724205,0.0013549062423408031,0.0011041125981137156,0.00013719427806790918,0.15113915503025055,0.09293659776449203,0.002301030559465289,0.0026562323328107595,0.004997106734663248,0.007394399493932724,0.004140474833548069,0.006801666226238012,2.686768993953592e-06,7.159913479881652e-07
683,22829,0,9.307006507697224e-07,0.04405809938907623,0.06855811178684235,0.006104359868913889,0.1542206108570099,0.07972694933414459,5.101469014334725e-06,1.3190651770855766e-07,9.359542474385307e-08,0.09413875639438629,0.11812406033277512,0.39193856716156006,0.3800629675388336,0.030819302424788475,0.05486590042710304,0.12426338344812393,0.08338126540184021,0.023361539468169212,0.013705967925488949,0.2800360918045044,0.2105237990617752,0.01266421563923359,0.004033108241856098,1.841982884798199e-05,0.0004539618093986064,0.0003244288091082126,8.31898159958655e-06,0.00012525293277576566,0.0008573768427595496,0.0013182724360376596,0.006222459487617016,0.007213239092379808,0.0009116950677707791,0.0008547078468836844,4.3681688111973926e-05,2.51639103225898e-05,0.00942208617925644,0.01934659667313099,0.055028147995471954,0.0012128945672884583,0.001125690876506269,0.00014492066111415625,0.14881935715675354,0.09073755145072937,0.0025386856868863106,0.0029937182553112507,0.005696884356439114,0.008137567900121212,0.003827478503808379,0.006520525086671114,2.383981154707726e-06,7.434559847752098e-07
685,22895,0,1.1087074653914897e-06,0.0745931938290596,0.10111359506845474,0.003140742424875498,0.09775763005018234,0.054160330444574356,6.065109573683003e-06,1.3626186046167277e-07,1.0091858371197304e-07,0.10372761636972427,0.11502566188573837,0.34598425030708313,0.3434865474700928,0.0356069914996624,0.050033699721097946,0.11091463267803192,0.08665008842945099,0.027293749153614044,0.017051324248313904,0.31681743264198303,0.24741585552692413,0.01128516998142004,0.0038414504379034042,2.2491607523988932e-05,0.00040188556886278093,0.00039773789467290044,9.217508704750799e-06,0.00014871222083456814,0.00105648348107934,0.0012259101495146751,0.007816835306584835,0.00935218296945095,0.0006879353895783424,0.0006131699774414301,5.223393236519769e-05,3.339182512718253e-05,0.013883650302886963,0.021756622940301895,0.029424792155623436,0.0013283216394484043,0.001430979580618441,0.00019804177281912416,0.120473213493824,0.0682762935757637,0.003240930149331689,0.003524710889905691,0.0070862616412341595,0.00983136985450983,0.0031646774150431156,0.005113872699439526,2.058049176412169e-06,8.5248763070922e-07
687,22962,0,9.900796840156545e-07,0.12132865935564041,0.13773490488529205,0.0023878191132098436,0.06445005536079407,0.03950481861829758,6.463598310801899e-06,1.7737477264745394e-07,8.623139535757218e-08,0.13819225132465363,0.13226555287837982,0.3463386297225952,0.3520036041736603,0.020144298672676086,0.0503971241414547,0.184635192155838,0.0971294566988945,0.023839572444558144,0.01611865684390068,0.3316885530948639,0.3454981744289398,0.00765835540369153,0.003066859906539321,2.8306869353400543e-05,0.00045762595254927874,0.0004541566304396838,1.0116254088643473e-05,0.000130214961245656,0.0009646321414038539,0.0011721545597538352,0.00731884129345417,0.007898431271314621,0.0008668829104863107,0.000728959625121206,7.361372990999371e-05,5.1535258535295725e-05,0.011278706602752209,0.01501512248069048,0.047123927623033524,0.0012000015703961253,0.0016239631222561002,0.0002313083241460845,0.09434393793344498,0.07108248025178909,0.0017369275446981192,0.0015450979117304087,0.006831339094787836,0.0053137196227908134,0.002728510880842805,0.004339715000241995,2.0089255485800095e-06,9.204430284626142e-07
689,23029,0,1.2011798844469013e-06,0.2973094582557678,0.31252238154411316,0.0008771305438131094,0.026376232504844666,0.015339607372879982,7.75180433265632e-06,1.5031507416551904e-07,8.135219076166322e-08,0.1398225873708725,0.12391089648008347,0.30866575241088867,0.3147398829460144,0.02176310308277607,0.07709591835737228,0.16047805547714233,0.06209216266870499,0.027620678767561913,0.02248634211719036,0.40178921818733215,0.4507877826690674,0.0066073122434318066,0.0027688133995980024,3.7838919524801895e-05,0.0004152367473579943,0.0008009291486814618,1.4329959412862081e-05,0.0002999684656970203,0.001051678555086255,0.0011751232668757439,0.004330383148044348,0.005259807221591473,0.0011346573010087013,0.0005946267046965659,9.902488091029227e-05,7.077316695358604e-05,0.010151779279112816,0.014384905807673931,0.05561211705207825,0.0013542952947318554,0.0017950893379747868,0.00033123441971838474,0.0379178449511528,0.033620189875364304,0.0017552014905959368,0.0016582884127274156,0.005491695366799831,0.006977648474276066,0.0013525222893804312,0.00197044899687171,1.398559675180877e-06,8.219752203331154e-07
691,23096,0,1.720631303214759e-06,0.37755584716796875,0.3903099000453949,0.0004193844797555357,0.016031501814723015,0.010263172909617424,7.85769589128904e-06,1.21221788162984e-07,7.79484636836969e-08,0.14149758219718933,0.13787712156772614,0.2739851772785187,0.28029051423072815,0.024557188153266907,0.09658593684434891,0.13612987101078033,0.046859584748744965,0.03273802995681763,0.02780098281800747,0.42663148045539856,0.462606281042099,0.0054602837190032005,0.002130660228431225,2.555822538852226e-05,0.0004415998701006174,0.0014089146861806512,1.806240834412165e-05,0.0007668267353437841,0.0017422452801838517,0.0014800338540226221,0.002271304838359356,0.0029900160152465105,0.0010060444474220276,0.0007467737304978073,5.476786463987082e-05,4.174947025603615e-05,0.014075743965804577,0.016830988228321075,0.04605990648269653,0.001246447442099452,0.003069221042096615,0.0005779539933428168,0.060531072318553925,0.03328001871705055,0.0018756097415462136,0.0017291005933657289,0.0037100331392139196,0.005599642638117075,0.0009812457719817758,0.001349639962427318,7.787917866153293e-07,5.900940891478967e-07
693,23163,0,1.8438107645124546e-06,0.37229225039482117,0.4067571461200714,0.0002828416181728244,0.018353911116719246,0.009146766737103462,7.634107532794587e-06,1.1739485472617162e-07,7.118137546058279e-08,0.12835220992565155,0.15449459850788116,0.2424958497285843,0.2538141906261444,0.016744112595915794,0.13821355998516083,0.17204530537128448,0.034576017409563065,0.038223836570978165,0.03251184523105621,0.45071274042129517,0.4970245957374573,0.005905705504119396,0.0017159805865958333,2.4374512577196583e-05,0.00042513676453381777,0.0012435120297595859,1.858230825746432e-05,0.0006545297801494598,0.0013801292516291142,0.0015001713763922453,0.0024397075176239014,0.0030135365668684244,0.0014056976651772857,0.0008263562922365963,5.2531602705130354e-05,4.025226371595636e-05,0.011257472448050976,0.01503179594874382,0.07619774341583252,0.0012028436176478863,0.002864925190806389,0.0004695607058238238,0.06797627359628677,0.04483352601528168,0.0014467191649600863,0.0013868348905816674,0.0035638143308460712,0.005116255488246679,0.0008901592809706926,0.0015635221498087049,8.42145368551428e-07,4.881734412265359e-07
695,23230,0,1.7431945025236928e-06,0.3026791512966156,0.32833701372146606,0.0003401192370802164,0.025446342304348946,0.012119981460273266,6.960530299693346e-06,9.806396406020212e-08,7.240527111207484e-08,0.11827482283115387,0.13059869408607483,0.22860731184482574,0.23745623230934143,0.02186049334704876,0.11418516933917999,0.1408311426639557,0.03922600671648979,0.0376649834215641,0.0325765535235405,0.4506169855594635,0.4741631746292114,0.006132535636425018,0.002013208344578743,1.869204243121203e-05,0.000493421743158251,0.0014021998504176736,1.7034100892487913e-05,0.0007430458208546042,0.0019083814695477486,0.0018637462053447962,0.0013763156021013856,0.0016769550275057554,0.0010574894258752465,0.001118026440963149,3.9218073652591556e-05,2.9969589377287775e-05,0.018205737695097923,0.021623827517032623,0.052085429430007935,0.0009483633330091834,0.0037685902789235115,0.0006862848531454802,0.0892474502325058,0.03463152423501015,0.001445918227545917,0.0012712229508906603,0.0031019700691103935,0.0035824060905724764,0.0004852060228586197,0.0008080192492343485,6.631493647546449e-07,4.105931168396637e-07
697,23296,0,2.2743465706298593e-06,0.40986770391464233,0.4535283148288727,0.00014544326404575258,0.015604588203132153,0.007081415504217148,7.343247489188798e-06,1.0732405542057677e-07,7.652278100067633e-08,0.13326409459114075,0.1468854397535324,0.1911018043756485,0.20010575652122498,0.022321997210383415,0.11335662007331848,0.13794636726379395,0.03932313621044159,0.0457376167178154,0.04066629335284233,0.5062956809997559,0.4797482490539551,0.004904481582343578,0.0015641630161553621,1.6304989912896417e-05,0.0005668086814694107,0.002269329270347953,2.3838336346670985e-05,0.0012697031488642097,0.00163566367700696,0.0017775247106328607,0.001662463415414095,0.002139628864824772,0.0010147946886718273,0.0010180692188441753,3.88882945117075e-05,2.9712189643760212e-05,0.017006585374474525,0.02234742045402527,0.055610448122024536,0.0009930043015629053,0.006284479983150959,0.0011185127077624202,0.12067335098981857,0.035083599388599396,0.000768906029406935,0.0006700439262203872,0.002316131955012679,0.003731193719431758,0.0003148994001094252,0.0005197047139517963,5.264457740850048e-07,3.974018341068586e-07
699,23363,0,2.250198349429411e-06,0.38988015055656433,0.451040118932724,0.00014051493781153113,0.017744747921824455,0.006586453411728144,7.369084869424114e-06,1.0460160382308459e-07,7.504713295247711e-08,0.11732667684555054,0.13169163465499878,0.1521020382642746,0.1618126481771469,0.020637189969420433,0.11731729656457901,0.14134536683559418,0.03725805878639221,0.05557667464017868,0.05056489631533623,0.5038962960243225,0.4909384548664093,0.005407597403973341,0.0017244081245735288,1.6579244402237236e-05,0.0006112689734436572,0.0023344194050878286,2.304056761204265e-05,0.0012901226291432977,0.001651731668971479,0.001805944018997252,0.0013766372576355934,0.0016571101732552052,0.0011944272555410862,0.0012390115298330784,4.3201958760619164e-05,3.2382864446844906e-05,0.01758646033704281,0.022442791610956192,0.06794221699237823,0.0008933809003792703,0.006558106746524572,0.00122248032130301,0.11081118136644363,0.03423989191651344,0.0006303537520579994,0.0005302418721839786,0.0022675148211419582,0.0027455908711999655,0.0002551817742642015,0.0004650150949601084,5.258029887045268e-07,3.602539777602942e-07
701,23430,0,2.2307610834104707e-06,0.40795233845710754,0.4801153838634491,0.0001311899395659566,0.017045484855771065,0.0060035474598407745,7.309368811547756e-06,9.779648024732523e-08,6.765977644818122e-08,0.09778431057929993,0.1195426732301712,0.1277802288532257,0.13895204663276672,0.02072460949420929,0.11439547687768936,0.13964682817459106,0.03783732280135155,0.06400583684444427,0.05766700580716133,0.4924776554107666,0.47866034507751465,0.006368311587721109,0.0019637406803667545,1.5535302736680023e-05,0.0005364497192203999,0.00240692007355392,2.7142659746459685e-05,0.0013702913420274854,0.0016606638673692942,0.002402442740276456,0.0009137134766206145,0.0010824418859556317,0.001189938746392727,0.0012693168828263879,4.3095093133160844e-05,2.8569305868586525e-05,0.017621640115976334,0.02859729342162609,0.06452394276857376,0.0010093742748722434,0.006391681265085936,0.0012674430618062615,0.11495891958475113,0.03383613005280495,0.0006837170803919435,0.0006497230497188866,0.0018422690918669105,0.002451443811878562,0.00023340899497270584,0.00045175247942097485,4.753297844217741e-07,3.2624171808492974e-07
703,23497,0,2.051825049420586e-06,0.3695452809333801,0.42791715264320374,0.0002075758675346151,0.023046882823109627,0.007509668357670307,6.693622708553448e-06,1.1154723011941314e-07,7.201411733603891e-08,0.09073031693696976,0.10568928718566895,0.1712084710597992,0.18050353229045868,0.017627451568841934,0.13014018535614014,0.1531655341386795,0.033645033836364746,0.04637233540415764,0.042185962200164795,0.4261777698993683,0.45811939239501953,0.007317473646253347,0.0024949307553470135,1.6188923837034963e-05,0.0004475621390156448,0.0017559955595061183,2.516546919650864e-05,0.0009028835338540375,0.0015105637721717358,0.0016909962287172675,0.0014541412238031626,0.001676289364695549,0.0012114611454308033,0.0012649293057620525,3.8614714867435396e-05,2.844772461685352e-05,0.017229771241545677,0.02115420252084732,0.07967852801084518,0.0009844425367191434,0.005123517941683531,0.0008165952167473733,0.11952661722898483,0.04147624596953392,0.0007348019280470908,0.0006149840774014592,0.0026209887582808733,0.0027043549343943596,0.00031398923601955175,0.0005640119779855013,6.309792297543027e-07,3.7493151694434346e-07
705,23564,0,2.065079797830549e-06,0.3180452883243561,0.3467337191104889,0.0001863071374827996,0.027716394513845444,0.012115072458982468,7.4592062446754426e-06,9.973143022534714e-08,7.172419458356671e-08,0.08055665343999863,0.10119181126356125,0.1936357319355011,0.21467295289039612,0.024838661774992943,0.09958185255527496,0.1219281256198883,0.041841547936201096,0.04123967885971069,0.0326298363506794,0.4425216615200043,0.3892017900943756,0.009295109659433365,0.002666266169399023,1.5420142517541535e-05,0.00046789346379227936,0.0014988248003646731,1.8477747289580293e-05,0.0007560934755019844,0.0017657502321526408,0.0014189031207934022,0.0015709588769823313,0.0018154502613469958,0.0010022465139627457,0.0016817700816318393,3.148203177261166e-05,2.5000370442285202e-05,0.02288731001317501,0.022300073876976967,0.05262524634599686,0.000667183892801404,0.0042634159326553345,0.0007657416863366961,0.1485287845134735,0.04670245572924614,0.001088245422579348,0.0007921518408693373,0.0034224190749228,0.00289342668838799,0.0006429541972465813,0.0009682878153398633,6.981106253078906e-07,3.854605949982215e-07
707,23631,0,1.92863512893382e-06,0.28420600295066833,0.32277119159698486,0.00027571985265240073,0.032600801438093185,0.01307800691574812,6.5342023845005315e-06,1.2174777452855778e-07,6.930273599436987e-08,0.0643933042883873,0.08691687136888504,0.21046845614910126,0.2301950603723526,0.029364151880145073,0.08742240071296692,0.10927784442901611,0.048005130141973495,0.03720174357295036,0.030972827225923538,0.3492000997066498,0.3762979805469513,0.011905021965503693,0.003504520747810602,1.375323972752085e-05,0.0005753018776886165,0.0013999335933476686,1.659145527810324e-05,0.0007101882947608829,0.0010952745797112584,0.0010609551100060344,0.002222401089966297,0.0024674911983311176,0.00129988684784621,0.0022215244825929403,3.2222775189438835e-05,2.1754667614004575e-05,0.014153264462947845,0.0167813990265131,0.09602697938680649,0.000541580084245652,0.003861446399241686,0.0005709757097065449,0.16592469811439514,0.06937696039676666,0.0007988463039509952,0.0005980243440717459,0.003940494731068611,0.0027284345123916864,0.0008910176111385226,0.0014025471173226833,7.791758775965718e-07,3.8911636579541664e-07
709,23698,0,2.407401780146756e-06,0.2776728570461273,0.30039751529693604,0.0004712161317002028,0.032047294080257416,0.01410539448261261,6.277611191762844e-06,1.3830950251758622e-07,7.744726104874644e-08,0.08340393006801605,0.10007668286561966,0.21251505613327026,0.22946110367774963,0.03353460505604744,0.07748716324567795,0.1017187237739563,0.054482750594615936,0.03687892109155655,0.031803760677576065,0.3789627254009247,0.4219750165939331,0.008882766589522362,0.002926846267655492,1.2157053788541816e-05,0.0006846801261417568,0.0014054077910259366,1.4052058759261854e-05,0.0007338072173297405,0.0015811973717063665,0.0009454204700887203,0.002349637448787689,0.0027913262601941824,0.001103225164115429,0.0024399280082434416,2.4838702302076854e-05,1.7970607586903498e-05,0.018863484263420105,0.016225665807724,0.0724305585026741,0.00048696741578169167,0.004021171946078539,0.000569819298107177,0.22928327322006226,0.0872434675693512,0.0011383165838196874,0.0007620357791893184,0.004423227626830339,0.0031472027767449617,0.0011701820185407996,0.0016648574965074658,7.653991360712098e-07,4.674395199799619e-07
711,23764,0,2.135109070877661e-06,0.2987183928489685,0.3173302710056305,0.0005313273286446929,0.026634080335497856,0.013484961353242397,5.929185135755688e-06,1.3248936170384695e-07,7.274385893651925e-08,0.09459418058395386,0.10672219097614288,0.1842212826013565,0.19883356988430023,0.03864368423819542,0.06864055246114731,0.09288833290338516,0.060621581971645355,0.04336857050657272,0.0385955385863781,0.3721033036708832,0.4107559025287628,0.007846157066524029,0.0025930937845259905,1.4588847989216447e-05,0.0007240925915539265,0.0010690860217437148,1.1640942830126733e-05,0.0005167069612070918,0.0014560436829924583,0.0008074705256149173,0.0026817333418875933,0.003147115930914879,0.0013485581148415804,0.003125258255749941,2.9648390409420244e-05,2.123185186064802e-05,0.015576625242829323,0.014211565256118774,0.09321799129247665,0.0003440151922404766,0.0031841706950217485,0.00042457363451831043,0.1785380244255066,0.08638380467891693,0.0011959386756643653,0.0008099870174191892,0.004783995449542999,0.0033753030002117157,0.0012103987392038107,0.0016851839609444141,9.120171853282955e-07,4.4692382061839453e-07
713,23831,0,1.8848675154004013e-06,0.33648067712783813,0.3626560568809509,0.00042739504715427756,0.02152850106358528,0.01153294462710619,6.0018633121217135e-06,1.1240966557579668e-07,6.782076411582239e-08,0.09641334414482117,0.10796180367469788,0.1761532574892044,0.19246123731136322,0.03899845853447914,0.06797020882368088,0.0930585190653801,0.06056975945830345,0.045654818415641785,0.04001983627676964,0.3931446969509125,0.39115458726882935,0.007700750138610601,0.002491065999493003,1.5443656593561172e-05,0.0006542887422256172,0.0011472010519355536,1.275194972549798e-05,0.0006059151492081583,0.0014836456393823028,0.0010767416097223759,0.0017997605027630925,0.002043834188953042,0.0014093482168391347,0.002384810009971261,3.0292820156319067e-05,2.1242221919237636e-05,0.015105468221008778,0.015966707840561867,0.08970709145069122,0.0004814720887225121,0.0030919883865863085,0.00046514900168403983,0.13284842669963837,0.05978914722800255,0.001323340809904039,0.0009861600119620562,0.00419174088165164,0.0030428131576627493,0.0008281919290311635,0.0011833107564598322,7.777556447763345e-07,3.8522171053045895e-07
715,23898,0,2.0053078060300322e-06,0.3389185965061188,0.3596983253955841,0.0003493756230454892,0.021405620500445366,0.012011419050395489,6.293604656093521e-06,1.1680911171652042e-07,6.821099418630183e-08,0.09489337354898453,0.10534974932670593,0.16527265310287476,0.18258759379386902,0.03696732223033905,0.06950496882200241,0.09718138724565506,0.06041572242975235,0.049535784870386124,0.04303908720612526,0.4177500307559967,0.3985109031200409,0.007866372354328632,0.002537006512284279,1.599042116140481e-05,0.0006176023161970079,0.0011914671631529927,1.3538247912947554e-05,0.0006568406824953854,0.0014975109370425344,0.0010612745536491275,0.0019783107563853264,0.0023042557295411825,0.0014049955643713474,0.0027004943694919348,3.02515927614877e-05,2.1119672965141945e-05,0.014925441704690456,0.016821254044771194,0.08585113286972046,0.00039541194564662874,0.00320059759542346,0.0004626560548786074,0.13560590147972107,0.059015002101659775,0.0013906346866860986,0.0010715194512158632,0.004198595881462097,0.0034448071382939816,0.0008127099717967212,0.0011615481926128268,7.37888456114888e-07,4.02772485585956e-07
717,23965,0,2.0385543848533416e-06,0.33959412574768066,0.3609545826911926,0.00034276008955202997,0.02246440388262272,0.01252652145922184,6.3802581280469894e-06,1.1811233235903273e-07,6.771541904981859e-08,0.09332962334156036,0.10596545040607452,0.1718427687883377,0.19188953936100006,0.034524738788604736,0.07182347774505615,0.10282281041145325,0.06002861633896828,0.04783804714679718,0.04080314561724663,0.41572871804237366,0.40664079785346985,0.008209926076233387,0.002548839896917343,1.6365589544875547e-05,0.0005526000168174505,0.0011501680128276348,1.475733643019339e-05,0.0006445445469580591,0.001541021279990673,0.0010224462021142244,0.002007450209930539,0.002347194356843829,0.0014847711427137256,0.0026954032946377993,2.9293207262526266e-05,2.0753461285494268e-05,0.01460697129368782,0.015716057270765305,0.09150013327598572,0.00040207430720329285,0.0029965846333652735,0.0004373554838821292,0.13115330040454865,0.05942152068018913,0.0014588688500225544,0.0011158861452713609,0.004278793465346098,0.003556804032996297,0.0008525011944584548,0.0012113036355003715,7.45052261663659e-07,4.173016350250691e-07
719,24032,0,1.715714006422786e-06,0.0728246197104454,0.12797819077968597,0.0011527981841936707,0.14727583527565002,0.045916445553302765,1.133341447712155e-05,2.190009666946935e-07,1.1157169410580536e-07,0.04897896572947502,0.05286204814910889,0.042675215750932693,0.055133186280727386,0.03362497687339783,0.03426949679851532,0.12454883009195328,0.11483047902584076,0.17761121690273285,0.15784244239330292,0.4963688850402832,0.41085878014564514,0.020150551572442055,0.0065462286584079266,3.24537577398587e-05,0.0004436049784999341,0.001411615638062358,3.0369583328138106e-05,0.0004931770381517708,0.0011832324089482427,0.0005058286478742957,0.004321834538131952,0.006122831255197525,0.001670587109401822,0.0006732310284860432,0.00013681920245289803,0.0001367198274238035,0.012888365425169468,0.012067540548741817,0.1103815957903862,0.0011755930026993155,0.0031953747384250164,0.0005685812793672085,0.03214920312166214,0.02276056818664074,0.000537042913492769,0.0004289754724595696,0.0031851076055318117,0.007895715534687042,0.00021902543085161597,0.0003005263861268759,1.946508746186737e-06,9.303661272497266e-07
721,24099,0,1.536614718133933e-06,0.22149038314819336,0.239032581448555,0.0003389481280464679,0.05245135724544525,0.020337732508778572,7.78373305365676e-06,1.1276227240841763e-07,7.074878283219732e-08,0.07882199436426163,0.0980086624622345,0.08827263116836548,0.1050197035074234,0.027431631460785866,0.0784757062792778,0.11725939065217972,0.052827946841716766,0.09373900294303894,0.08115236461162567,0.46677082777023315,0.45268383622169495,0.010398481972515583,0.002814912935718894,2.6508989321882837e-05,0.00031245165155269206,0.0009711545426398516,2.9165013984311372e-05,0.0003343104908708483,0.0015708234859630466,0.000987855950370431,0.0020519383251667023,0.002697426825761795,0.0014807323459535837,0.0006371670169755816,8.284791692858562e-05,7.188006566138938e-05,0.014192980714142323,0.014578528702259064,0.0878368690609932,0.0014922403497621417,0.0025723581202328205,0.0005040650721639395,0.04441143572330475,0.029459435492753983,0.0008345862152054906,0.0006892714882269502,0.002710360800847411,0.004914345219731331,0.00030387885635718703,0.0004317465063650161,1.4289933005784405e-06,4.950931611347187e-07
723,24165,0,1.6164497083082097e-06,0.2775219976902008,0.3019459545612335,0.00020282037439756095,0.036774709820747375,0.014687642455101013,7.171726792876143e-06,9.927575206347683e-08,6.813596797883292e-08,0.0856168121099472,0.11195977032184601,0.13430427014827728,0.15556088089942932,0.024958737194538116,0.08985278010368347,0.12347570061683655,0.04647386446595192,0.06221507489681244,0.050582315772771835,0.44464051723480225,0.431570827960968,0.0090252123773098,0.002353477058932185,2.338280319236219e-05,0.0003167022077832371,0.0009407654870301485,2.4969303922262043e-05,0.00039159803418442607,0.0019185853889212012,0.0013363870093598962,0.0014940446708351374,0.0019629669841378927,0.0014458962250500917,0.0007944279350340366,5.4258620366454124e-05,4.682352300733328e-05,0.016043178737163544,0.016638251021504402,0.08272171020507812,0.0013684624573215842,0.0027256279718130827,0.0004992637550458312,0.06127946823835373,0.035707999020814896,0.0011364762904122472,0.0009635573951527476,0.0024929852224886417,0.004625024273991585,0.0003897747665178031,0.0005504843429662287,1.1291049304418266e-06,4.1384737414773554e-07
725,24232,0,1.8281505163031397e-06,0.3496565818786621,0.375119149684906,0.00016796156705822796,0.02590220794081688,0.011793927289545536,6.730184850312071e-06,1.117414356599511e-07,7.258793033315669e-08,0.08551158010959625,0.10812704265117645,0.17167262732982635,0.1957775503396988,0.027760595083236694,0.08207080513238907,0.11498921364545822,0.05121787637472153,0.046587999910116196,0.03706027567386627,0.4342644512653351,0.4049217104911804,0.008560502901673317,0.002515217522159219,1.97108256543288e-05,0.00038049218710511923,0.000946404121350497,2.1834457584191114e-05,0.0004070050490554422,0.0020895195193588734,0.0014433189062401652,0.0014403874520212412,0.001847070874646306,0.001463209860958159,0.0008783473167568445,3.965322321164422e-05,3.48177163687069e-05,0.017681468278169632,0.01671292819082737,0.08455155789852142,0.0014313312713056803,0.003037364687770605,0.00045167061034590006,0.10171892493963242,0.051981665194034576,0.0012925824848935008,0.0010247143218293786,0.0025141423102468252,0.0040219565853476524,0.0005575207760557532,0.0007475971942767501,9.894397408061195e-07,4.212670319247991e-07
727,24299,0,2.079224941553548e-06,0.2798750102519989,0.3048993647098541,0.00035773395211435854,0.034262001514434814,0.014073872938752174,6.249197213037405e-06,1.3426630118829053e-07,8.155228670148063e-08,0.07761525362730026,0.0892130583524704,0.16294707357883453,0.17723597586154938,0.028807777911424637,0.08152434229850769,0.11164253950119019,0.05218552425503731,0.04817119240760803,0.04104508087038994,0.40715134143829346,0.40726786851882935,0.009280599653720856,0.00313438568264246,1.7008975191856734e-05,0.00040954575524665415,0.001027732971124351,2.0527435481199063e-05,0.00048186187632381916,0.0019966471008956432,0.0013436890440061688,0.0015887937042862177,0.0019749505445361137,0.0014346439857035875,0.001264125108718872,3.195339741068892e-05,2.6635847461875528e-05,0.01827496849000454,0.016893461346626282,0.08314120769500732,0.0010399597231298685,0.003276428207755089,0.0004407797532621771,0.13181975483894348,0.06235061585903168,0.001386044081300497,0.0010865884833037853,0.003091685939580202,0.003892468521371484,0.0006089035305194557,0.0008497765520587564,9.244429861610115e-07,4.493182927944872e-07
729,24366,0,2.0857808067376027e-06,0.27764827013015747,0.30187296867370605,0.00038853342994116247,0.031728219240903854,0.0143825588747859,6.316236522252439e-06,1.3119493758040335e-07,8.016353092443751e-08,0.08152249455451965,0.08756189793348312,0.1277691125869751,0.13950233161449432,0.02737031877040863,0.08536198735237122,0.11485983431339264,0.04952753707766533,0.06130490079522133,0.054112911224365234,0.4115847051143646,0.39283299446105957,0.008805117569863796,0.0029673753306269646,1.7622527593630366e-05,0.0004225193115416914,0.0010790007654577494,1.9653500203276053e-05,0.0005165422917343676,0.0017023205291479826,0.0012105671921744943,0.0018501441227272153,0.0022480343468487263,0.001457431586459279,0.0015964601188898087,3.492812538752332e-05,2.7667088943417184e-05,0.01596020720899105,0.016607128083705902,0.08753512054681778,0.0007373625412583351,0.003400089219212532,0.00044361891923472285,0.12024576961994171,0.05816185101866722,0.0012150215916335583,0.0009865937754511833,0.0033434834331274033,0.0038731147069483995,0.0005197918508201838,0.000796482025180012,9.139675398728286e-07,4.226743044455361e-07
731,24433,0,2.201996267103823e-06,0.292577862739563,0.31200110912323,0.00040976935997605324,0.02931414358317852,0.01419911254197359,6.434513124986552e-06,1.3632373452310276e-07,7.99668384843244e-08,0.08348017185926437,0.09033622592687607,0.13464096188545227,0.14828291535377502,0.02701851911842823,0.08576706796884537,0.1136796846985817,0.047608233988285065,0.05686286836862564,0.0501212440431118,0.4365082085132599,0.40306761860847473,0.008427714928984642,0.0027964755427092314,1.6515365132363513e-05,0.0004798858135472983,0.0013361992314457893,1.9864071873598732e-05,0.000670416047796607,0.0014574580127373338,0.0013483018847182393,0.0018644894007593393,0.0022510243579745293,0.0013753761304542422,0.0014179035788401961,3.624869350460358e-05,2.682941521925386e-05,0.01556185632944107,0.019201992079615593,0.0827275887131691,0.0008385832188650966,0.004178404808044434,0.0005652177496813238,0.11948861926794052,0.05294639617204666,0.00097802490927279,0.0008460990502499044,0.003051722189411521,0.0038005837704986334,0.0004048967675771564,0.0006487061618827283,8.227634111790394e-07,4.460326294974948e-07
733,24500,0,2.1077362362120766e-06,0.2719903588294983,0.29117831587791443,0.00036619490128941834,0.03534922003746033,0.014446502551436424,6.501363714050967e-06,1.2537489624264708e-07,7.703122406610419e-08,0.0820072814822197,0.09048628062009811,0.13421054184436798,0.14826534688472748,0.027520153671503067,0.09030129760503769,0.11130796372890472,0.0441923663020134,0.05714673548936844,0.05012527480721474,0.4401489794254303,0.3912978172302246,0.00869011227041483,0.0027656566817313433,1.5510817320318893e-05,0.00044697956764139235,0.0015855837846174836,2.2972768420004286e-05,0.0008280143374577165,0.0014826498227193952,0.001531119691208005,0.0017208107747137547,0.002063487656414509,0.0012909823562949896,0.0011186090996488929,3.6147412174614146e-05,2.7177187803317793e-05,0.016263378784060478,0.02002480812370777,0.0816584974527359,0.0010561906965449452,0.005140055436640978,0.0006935211131349206,0.12046170979738235,0.04317702353000641,0.0007702953880652785,0.0006695368210785091,0.0027047113981097937,0.003389507532119751,0.0003020677831955254,0.000489517580717802,7.417718279612018e-07,3.9693139797236654e-07
735,24567,0,2.165367732231971e-06,0.277777761220932,0.3064984679222107,0.0003631150466389954,0.03490140661597252,0.01435643620789051,6.500254130514804e-06,1.2072696620180068e-07,7.782263367062114e-08,0.08376762270927429,0.09252465516328812,0.12474849075078964,0.1404953896999359,0.02594880387187004,0.089414581656456,0.11693818122148514,0.045936714857816696,0.060936301946640015,0.05238926038146019,0.452501505613327,0.39555123448371887,0.008395438082516193,0.0025780252180993557,1.483416690462036e-05,0.0004647155583370477,0.0018460425781086087,2.365795080550015e-05,0.00096653972286731,0.0013098715571686625,0.0018127044895663857,0.001801791018806398,0.0021734193433076143,0.0010358404833823442,0.001136135426349938,3.759663013624959e-05,2.6260368031216785e-05,0.016042562201619148,0.02617323212325573,0.06577064096927643,0.000983953126706183,0.0063645499758422375,0.0008826811681501567,0.13011577725410461,0.03572685271501541,0.0006410910282284021,0.0006262894021347165,0.0022985930554568768,0.0037049411330372095,0.00020465650595724583,0.0003649801074061543,6.313048288575374e-07,4.139547513659636e-07
736,24600,0,2.24201562559756e-06,0.2828708291053772,0.31396400928497314,0.0003581386699806899,0.03381231427192688,0.014282350428402424,6.526672677864553e-06,1.2734197696318006e-07,7.890099595897482e-08,0.08436739444732666,0.09016715735197067,0.1235649362206459,0.13959188759326935,0.025999173521995544,0.08643526583909988,0.11738649755716324,0.048209626227617264,0.061300188302993774,0.05273408070206642,0.45396897196769714,0.39899706840515137,0.008274777792394161,0.0026532718911767006,1.4745406588190235e-05,0.00046605465468019247,0.0019422227051109076,2.4672195650055073e-05,0.0010372551623731852,0.0012644847156479955,0.0018346477299928665,0.0018403305439278483,0.0022398075088858604,0.0010486665414646268,0.0012580761685967445,3.7691726902266964e-05,2.5904584617819637e-05,0.0153078343719244,0.0271574929356575,0.06799093633890152,0.0008963587461039424,0.0066410996951162815,0.0008986746543087065,0.13421282172203064,0.03668075054883957,0.0006166364764794707,0.0006231240695342422,0.002196212764829397,0.003868033178150654,0.00019884233188349754,0.0003630268038250506,6.031218617863487e-07,4.3129659843543777e-07
738,24667,0,2.291074451932218e-06,0.23677244782447815,0.25219789147377014,0.0005138778360560536,0.04055462405085564,0.01832515373826027,6.469092568295309e-06,1.4251428126499377e-07,8.615691626800981e-08,0.07215244323015213,0.0714728981256485,0.1256769448518753,0.1418655514717102,0.03431933745741844,0.07224726676940918,0.09736683964729309,0.05461692810058594,0.060864225029945374,0.052359674125909805,0.45967400074005127,0.36783096194267273,0.010243099182844162,0.0034604258835315704,1.3733814739680383e-05,0.00048591557424515486,0.0021846562158316374,2.5422605176572688e-05,0.0011988990008831024,0.0011811800068244338,0.0015877109253779054,0.0019934012088924646,0.002591542899608612,0.0010063976515084505,0.001153529155999422,3.923034455510788e-05,2.6904359401669353e-05,0.015070844441652298,0.027669062837958336,0.07054784148931503,0.0009577336604706943,0.0077166203409433365,0.0009650532156229019,0.14154069125652313,0.03450578823685646,0.0004742472665384412,0.0004917984479106963,0.001980368047952652,0.004530242178589106,0.00018928974168375134,0.0003220258222427219,6.210498781911156e-07,4.5560298644886643e-07
740,24734,0,2.2876988623465877e-06,0.19174405932426453,0.19746078550815582,0.000641810882370919,0.053047627210617065,0.024846816435456276,6.675040367554175e-06,1.5641673201116646e-07,8.354135161425802e-08,0.07282055169343948,0.0826052650809288,0.1299901306629181,0.14727894961833954,0.03598512336611748,0.07073713839054108,0.09272462874650955,0.054869260638952255,0.05847994610667229,0.050325728952884674,0.4447660744190216,0.39032861590385437,0.01015132013708353,0.0030322326347231865,1.4025883501744829e-05,0.00048595471889711916,0.001872135908342898,2.176742782467045e-05,0.00098427664488554,0.0011232304386794567,0.0013811093522235751,0.00298631121404469,0.003675240557640791,0.0010082614608108997,0.001180649152956903,3.8770689570810646e-05,2.783856325550005e-05,0.01590300351381302,0.025210974738001823,0.06748561561107635,0.0008366078254766762,0.0069867633283138275,0.0007688679033890367,0.15153834223747253,0.04145066812634468,0.0005640058079734445,0.0005326581303961575,0.0028929782565683126,0.004669202491641045,0.0002522528520785272,0.0004112452734261751,7.114364279914298e-07,4.7394195235028747e-07
742,24801,0,2.140630385838449e-06,0.19795385003089905,0.20628662407398224,0.000532516511157155,0.051809895783662796,0.02475917898118496,6.548787951032864e-06,1.5288283350400889e-07,7.730675832817724e-08,0.07521959394216537,0.08651755750179291,0.13454817235469818,0.15102459490299225,0.03590977564454079,0.0714539960026741,0.09367050975561142,0.054839517921209335,0.05656234174966812,0.0495867058634758,0.4393700957298279,0.42001691460609436,0.009646075777709484,0.0028936786111444235,1.3753659004578367e-05,0.0005342590739019215,0.002002099994570017,2.2085027012508363e-05,0.0010476758470758796,0.0009583397186361253,0.0013900059275329113,0.0030166413635015488,0.0035936792846769094,0.0009874067036435008,0.0012258681235834956,3.981661575380713e-05,2.7387904992792755e-05,0.014613163657486439,0.025331880897283554,0.06878384202718735,0.0007878540200181305,0.007170225027948618,0.0008669241215102375,0.14271527528762817,0.03932012990117073,0.00048505133599974215,0.0004570006567519158,0.0029104845598340034,0.004170107655227184,0.0002193042018916458,0.0003731860779225826,6.505754299723776e-07,4.549304719603242e-07
744,24867,0,2.1039124931121478e-06,0.22004319727420807,0.22723431885242462,0.00046736036892980337,0.04504511132836342,0.02226988784968853,6.631039468629751e-06,1.487787955056774e-07,7.685041936156267e-08,0.07475575059652328,0.08344020694494247,0.1360999494791031,0.15157577395439148,0.03172086551785469,0.08089487999677658,0.10226450860500336,0.04900476709008217,0.0563657209277153,0.04960566386580467,0.4444195330142975,0.4194735288619995,0.009612961672246456,0.003005663398653269,1.5352965419879183e-05,0.0005094477673992515,0.0018599251052364707,2.1570678654825315e-05,0.0009893543319776654,0.000954880437348038,0.0013552365126088262,0.0030163086485117674,0.003655787091702223,0.0010620922548696399,0.0011298942845314741,4.117182834306732e-05,2.8666272555710748e-05,0.014250049367547035,0.02449512667953968,0.0686277225613594,0.0008185385959222913,0.006289034616202116,0.0008013577898964286,0.12036456912755966,0.03666381165385246,0.0005592432571575046,0.0005352509906515479,0.0030104895122349262,0.004643295891582966,0.00022449211974162608,0.0003739836683962494,6.75947603667737e-07,4.6113663643154723e-07
746,24934,0,2.0725435661006486e-06,0.2034905105829239,0.21134334802627563,0.0005820492515340447,0.05066642910242081,0.023518618196249008,6.607626346522011e-06,1.517534258255182e-07,7.648279876093511e-08,0.07275964319705963,0.08412585407495499,0.1339874267578125,0.148264542222023,0.0315607450902462,0.0822225958108902,0.10228967666625977,0.04833177104592323,0.05736209452152252,0.05113735422492027,0.43312162160873413,0.4267149567604065,0.009827012196183205,0.003032281994819641,1.5327830624300987e-05,0.0005262811318971217,0.0018057560082525015,2.023003798967693e-05,0.000949180917814374,0.0009090322419069707,0.001370244543068111,0.003376126056537032,0.003967013210058212,0.0010583833791315556,0.0011025985004380345,4.186145815765485e-05,2.887113078031689e-05,0.014299236238002777,0.024278981611132622,0.06919322907924652,0.0008195231785066426,0.006337900646030903,0.0007791518582962453,0.12068840116262436,0.03659903630614281,0.0005576463881880045,0.0005250482936389744,0.003322550794109702,0.004491368308663368,0.0002161415759474039,0.0003709774755407125,6.934749876563728e-07,4.675233356010722e-07
748,25001,0,2.085275582430768e-06,0.20866461098194122,0.216044083237648,0.0005946130841039121,0.04798559099435806,0.02276242896914482,6.6920720200869255e-06,1.5253432650297327e-07,7.675520663497082e-08,0.07479620724916458,0.08616054803133011,0.13419602811336517,0.1476193070411682,0.035886846482753754,0.07395856082439423,0.09404861927032471,0.05312800034880638,0.058103714138269424,0.051815200597047806,0.4339812695980072,0.4295167326927185,0.009528451599180698,0.002947202417999506,1.5886789697105996e-05,0.0005278133321553469,0.0018180108163505793,1.9819490262307227e-05,0.0009836292592808604,0.0009211057331413031,0.0013360967859625816,0.003587897401303053,0.004237647168338299,0.0010633931960910559,0.0011887141736224294,4.298640851629898e-05,2.9534665372921154e-05,0.014313619583845139,0.02469370700418949,0.06744011491537094,0.0007176005747169256,0.006291961297392845,0.0007542551029473543,0.11420518159866333,0.03527102991938591,0.0006102673942223191,0.0005866162828169763,0.003496590070426464,0.004878025967627764,0.0002103859733324498,0.00036453225766308606,6.77928255754523e-07,4.766834820202348e-07
750,25068,0,1.9944177438446786e-06,0.22674880921840668,0.23548762500286102,0.0005628311191685498,0.04093656316399574,0.020201679319143295,6.575171482836595e-06,1.464910468484959e-07,7.542525537473921e-08,0.07405345886945724,0.09029117226600647,0.14194811880588531,0.15684561431407928,0.04737034812569618,0.05914139002561569,0.0770915299654007,0.06234152615070343,0.05492086336016655,0.04838549345731735,0.44622305035591125,0.4235755503177643,0.009758998639881611,0.002788765821605921,1.5346216969192028e-05,0.000541305576916784,0.0019052777206525207,2.1016423488617875e-05,0.0010050677228718996,0.0010114093311131,0.0013226433657109737,0.0028959934134036303,0.003476477228105068,0.0010930007556453347,0.0010241278214380145,4.454841837286949e-05,3.099236710113473e-05,0.014220493845641613,0.022577794268727303,0.0735422894358635,0.0009037153795361519,0.006497921887785196,0.0008221743046306074,0.10711374133825302,0.03350638970732689,0.0005375360487960279,0.0005023957928642631,0.0030170916579663754,0.004339525476098061,0.00021129382366780192,0.0003401605936232954,6.814265702814737e-07,4.50427336318171e-07
752,25135,0,1.946690872500767e-06,0.2247418612241745,0.231861412525177,0.0006359503022395074,0.04141262173652649,0.018894527107477188,6.272392965911422e-06,1.4404754722363577e-07,7.40441734592423e-08,0.07451031357049942,0.08845581859350204,0.147985577583313,0.16014602780342102,0.04985703527927399,0.058984410017728806,0.07266759872436523,0.060004495084285736,0.052058737725019455,0.04680025950074196,0.4450666606426239,0.41654106974601746,0.009703018702566624,0.0028401983436197042,1.4768106666451786e-05,0.0005087594036012888,0.0019656724762171507,2.347615190956276e-05,0.0010251146741211414,0.0010521630756556988,0.001364394323900342,0.0024320913944393396,0.00298275682143867,0.0011408207938075066,0.0009148067329078913,4.503691161517054e-05,3.113782804575749e-05,0.013758375309407711,0.021946948021650314,0.0803271234035492,0.0010866733500733972,0.006589521188288927,0.0008744625956751406,0.10458216071128845,0.03285907953977585,0.0004722634330391884,0.00044675040408037603,0.0026228604838252068,0.004049081355333328,0.00020900658273603767,0.0003272968460805714,7.031224527054292e-07,4.2482503204155364e-07
754,25202,0,1.99091732611123e-06,0.2319519966840744,0.24787023663520813,0.0005884886486455798,0.04092435538768768,0.016842370852828026,6.272345217439579e-06,1.4671348935735296e-07,7.468998575177466e-08,0.07351835072040558,0.08589927852153778,0.14746378362178802,0.1579505205154419,0.04636954143643379,0.06311973929405212,0.07573846727609634,0.05645208805799484,0.052168406546115875,0.04765027016401291,0.43655917048454285,0.42405471205711365,0.009816354140639305,0.002911174902692437,1.5253289348038379e-05,0.0005273101851344109,0.0018777328077703714,2.1672849470633082e-05,0.0009810051415115595,0.0010312804952263832,0.001342134433798492,0.002603220520541072,0.0031652296893298626,0.0012604311341419816,0.000986462109722197,4.54781657026615e-05,3.1653140467824414e-05,0.012911711819469929,0.0211558248847723,0.08991144597530365,0.000983761390671134,0.0063352519646286964,0.0007742255693301558,0.10462123155593872,0.03538621589541435,0.0004898849292658269,0.0004672959621530026,0.002741836244240403,0.0041335634887218475,0.00023051793687045574,0.00037420084117911756,7.194554427769617e-07,4.218250353460462e-07
756,25268,0,2.013037374126725e-06,0.24161024391651154,0.2570744752883911,0.0005286078085191548,0.03849244490265846,0.016824599355459213,6.475931968452642e-06,1.4814717985700554e-07,7.630663390045811e-08,0.07866757363080978,0.08905281871557236,0.13295888900756836,0.14503344893455505,0.040592826902866364,0.06891582161188126,0.08366470783948898,0.052870314568281174,0.05758208781480789,0.05309758335351944,0.4411921203136444,0.4286891520023346,0.00902679841965437,0.0027495771646499634,1.6592515748925507e-05,0.0005480661056935787,0.001672024023719132,1.940069159900304e-05,0.0008096513338387012,0.0010774660622701049,0.0011312367860227823,0.003046538680791855,0.003754721488803625,0.0012977418955415487,0.0010330608347430825,4.742543023894541e-05,3.5603647120296955e-05,0.012973224744200706,0.018435660749673843,0.09166621416807175,0.0008775513852015138,0.005760118830949068,0.000697453273460269,0.09914633631706238,0.03902421519160271,0.000523346068803221,0.0004656949604395777,0.003005136037245393,0.004441363271325827,0.0002729023981373757,0.00042065820889547467,8.170459864231816e-07,4.422999779762904e-07
758,25335,0,2.0042239157191943e-06,0.26710814237594604,0.2915351986885071,0.0004189293831586838,0.03435993567109108,0.015214461833238602,6.753941761417082e-06,1.489014351818696e-07,7.529962431362947e-08,0.083498015999794,0.0910133495926857,0.13807079195976257,0.15026460587978363,0.03523813933134079,0.07421775907278061,0.09311086684465408,0.05101360008120537,0.055158983916044235,0.05049193277955055,0.4459466338157654,0.43919703364372253,0.00829324871301651,0.0026398797053843737,1.7474754713475704e-05,0.0005679933819919825,0.0016922596842050552,1.9113584130536765e-05,0.0007971228915266693,0.0009813845390453935,0.0012247879058122635,0.0031884973868727684,0.0037824558094143867,0.0012599306646734476,0.001044384902343154,5.015199349145405e-05,3.6847992305411026e-05,0.013149437494575977,0.02023361250758171,0.08161116391420364,0.0008495599613524973,0.005622329190373421,0.0007072543958202004,0.09521204978227615,0.039864104241132736,0.0005731545388698578,0.0005170137155801058,0.0032407683320343494,0.004324423149228096,0.00026995025109499693,0.0004338535072747618,7.732465405752009e-07,4.626664917850576e-07
760,25402,0,2.0348929865576793e-06,0.30041879415512085,0.335014283657074,0.0003472774405963719,0.029324349015951157,0.012618276290595531,6.666890840278938e-06,1.5159474742176826e-07,7.526645617872418e-08,0.08407237380743027,0.08969654887914658,0.1383407860994339,0.1513954997062683,0.03295440599322319,0.07737173140048981,0.09750291705131531,0.04968028515577316,0.05450790748000145,0.05000564828515053,0.446204274892807,0.4291599988937378,0.008273428305983543,0.0026555818039923906,1.7517819287604652e-05,0.0005816629272885621,0.0016573989996686578,1.9094653907814063e-05,0.0007712495280429721,0.0009510933305136859,0.001276500872336328,0.003154313424602151,0.003712685080245137,0.0013845631619915366,0.0011121913557872176,4.9919333832804114e-05,3.629372804425657e-05,0.011949855834245682,0.019676081836223602,0.09757950901985168,0.0008346724789589643,0.005834114737808704,0.0006626489339396358,0.10166386514902115,0.04285300150513649,0.0005212135147303343,0.00047258567065000534,0.0030085365287959576,0.004076471086591482,0.00027324294205754995,0.00044442247599363327,7.716442951277713e-07,4.501344790242001e-07
762,25469,0,2.026830088652787e-06,0.3204561471939087,0.3561966121196747,0.000332768599037081,0.02579917572438717,0.012042121961712837,6.668346941296477e-06,1.4620437127632613e-07,7.147128400220026e-08,0.094392329454422,0.09761513024568558,0.12444242089986801,0.1390010118484497,0.028494536876678467,0.08501511067152023,0.10819380730390549,0.04645151644945145,0.060520436614751816,0.05567048117518425,0.46357056498527527,0.4351343512535095,0.00723971426486969,0.0023468772415071726,1.7346672393614426e-05,0.0006007811171002686,0.0017074518837034702,1.944642463058699e-05,0.0007849695975892246,0.0009313648915849626,0.0012934606056660414,0.0029204217717051506,0.0033801940735429525,0.0014370593708008528,0.0012549477396532893,5.004034755984321e-05,3.5819190088659525e-05,0.011047663167119026,0.0189114511013031,0.10593733191490173,0.0007563917897641659,0.0059761106967926025,0.0006999106262810528,0.1021776869893074,0.042625874280929565,0.00047247420297935605,0.00042489104089327157,0.0028201392851769924,0.003596685593947768,0.00026125507429242134,0.0004365837958175689,7.434311442011676e-07,4.274899083611672e-07
764,25536,0,1.997731942537939e-06,0.302711546421051,0.3339788615703583,0.0003507272049318999,0.028022440150380135,0.013813658617436886,6.773835593776312e-06,1.4881511845032946e-07,7.187662021124197e-08,0.09848619252443314,0.1005673035979271,0.11885108798742294,0.13487227261066437,0.030048267915844917,0.0788998156785965,0.10576247423887253,0.05065355822443962,0.06377623230218887,0.05800345912575722,0.4624543786048889,0.4269852638244629,0.007065029349178076,0.002300220774486661,1.7670086890575476e-05,0.0005999471177347004,0.0016298005357384682,1.8984366761287674e-05,0.0007578181684948504,0.0010164488339796662,0.0012113676639273763,0.0028502470813691616,0.003281454322859645,0.0015511623350903392,0.0013150848681107163,4.873944271821529e-05,3.64496409019921e-05,0.011115862987935543,0.016775866970419884,0.11685651540756226,0.0007448135875165462,0.005735930521041155,0.0006346083246171474,0.10131321102380753,0.04398982971906662,0.0005039169918745756,0.0004289280332159251,0.0029419511556625366,0.003411992220208049,0.0002840363304130733,0.000457135058240965,7.685443392801972e-07,4.2395566879349644e-07
766,25603,0,1.9748040358535945e-06,0.31469812989234924,0.3433610796928406,0.00034112262073904276,0.025824395939707756,0.01363050565123558,6.741907782270573e-06,1.4309989637695253e-07,7.039624705384995e-08,0.10320531576871872,0.10395142436027527,0.11160995811223984,0.12900307774543762,0.024968072772026062,0.08921808004379272,0.12058816105127335,0.04647143557667732,0.06756443530321121,0.060939181596040726,0.4578113257884979,0.4282259941101074,0.00658829789608717,0.0022183971013873816,1.7770329577615485e-05,0.0006070405943319201,0.001693079830147326,1.9999026335426606e-05,0.0007914669695310295,0.00104745093267411,0.0012809017207473516,0.0024468714836984873,0.002804127987474203,0.001619722810573876,0.0015106070786714554,4.893644290859811e-05,3.651713632280007e-05,0.010751836933195591,0.016790984198451042,0.12522655725479126,0.0006847679032944143,0.0058942558243870735,0.0006736012874171138,0.10036081820726395,0.04297253489494324,0.00047141630784608424,0.0004060339415445924,0.002603079192340374,0.0030635346192866564,0.0002508833131287247,0.00042621573084034026,7.330600624300132e-07,4.056013835906924e-07
768,25670,0,1.9037368019780843e-06,0.3107593357563019,0.33605730533599854,0.00044808085658587515,0.026648659259080887,0.013708650134503841,6.3277520894189365e-06,1.3831834166921908e-07,6.803181662462521e-08,0.10464254766702652,0.10698562115430832,0.12190740555524826,0.1419837474822998,0.024459294974803925,0.09127537161111832,0.12280623614788055,0.0457649827003479,0.061274006962776184,0.05468015372753143,0.4537343382835388,0.41660207509994507,0.0066826604306697845,0.0021393918432295322,1.6413792764069512e-05,0.0006144134094938636,0.001821348792873323,2.1042031221440993e-05,0.0008516738889738917,0.0009610920678824186,0.0014083372661843896,0.002076417673379183,0.002370603382587433,0.001603179145604372,0.001581283868290484,4.700816862168722e-05,3.361217022757046e-05,0.009579325094819069,0.017079569399356842,0.14020341634750366,0.0007223117281682789,0.0064600734040141106,0.0007456282037310302,0.10530733317136765,0.0416693240404129,0.00037002877797931433,0.00033579100272618234,0.002112692454829812,0.0027549653314054012,0.0002213209809269756,0.00039479235420003533,7.034665827632125e-07,3.880246595144854e-07
770,25736,0,1.9178814909537323e-06,0.3076031804084778,0.3290976285934448,0.00045751212746836245,0.027934595942497253,0.014454671181738377,6.320255579339573e-06,1.3227258932602126e-07,6.708332733751377e-08,0.1060633435845375,0.10740832984447479,0.12748849391937256,0.14950381219387054,0.023830916732549667,0.09321022033691406,0.12643572688102722,0.045631296932697296,0.058555569499731064,0.05157576501369476,0.45170843601226807,0.40972447395324707,0.00671441899612546,0.0021385469008237123,1.5595420336467214e-05,0.0006425998290069401,0.00198578299023211,2.131964356522076e-05,0.0009862788720056415,0.0009797295788303018,0.001466596033424139,0.0018522217869758606,0.0021055047400295734,0.001545809325762093,0.001825231360271573,4.336429628892802e-05,3.0418977985391393e-05,0.009786536917090416,0.01756575144827366,0.14027909934520721,0.0006490913801826537,0.00683797150850296,0.0008095517405308783,0.11220288276672363,0.03988717123866081,0.0003605838865041733,0.00032542593544349074,0.0020132565405219793,0.0025628022849559784,0.0002071452618110925,0.0003706250572577119,6.444607834055205e-07,3.788474600696645e-07
772,25803,0,1.9343342501088046e-06,0.3143835961818695,0.3378615379333496,0.0004396328586153686,0.027024222537875175,0.013944048434495926,5.8529099078441504e-06,1.3076896721031517e-07,6.638909866296672e-08,0.10791542381048203,0.10748383402824402,0.1313541978597641,0.15476243197917938,0.023909926414489746,0.09212318062782288,0.12623640894889832,0.046255990862846375,0.056162089109420776,0.049726489931344986,0.450442910194397,0.40667790174484253,0.006739187054336071,0.0021259328350424767,1.3956741895526648e-05,0.0006169140106067061,0.002019048435613513,2.4441711502731778e-05,0.0009622597717680037,0.000980530516244471,0.001426413538865745,0.0016507201362401247,0.0019211757462471724,0.0015933529939502478,0.0019517395412549376,3.9861715777078643e-05,2.7631704142550007e-05,0.008652357384562492,0.016179515048861504,0.16427139937877655,0.000667726737447083,0.006928826682269573,0.0008693822892382741,0.12665176391601562,0.04484622925519943,0.0002806100819725543,0.0002569113567005843,0.0016721823485568166,0.0023719503078609705,0.00021227663091849536,0.00039242187631316483,6.523971478600288e-07,3.6214265719536343e-07
774,25870,0,1.9489755231916206e-06,0.3289562463760376,0.3523145616054535,0.0003946834185626358,0.025724321603775024,0.013460293412208557,5.960531780146994e-06,1.3293067979702755e-07,6.512861716601037e-08,0.10807527601718903,0.10851603746414185,0.1326504945755005,0.1567484438419342,0.02260780893266201,0.09532638639211655,0.13276605308055878,0.04606078937649727,0.055931709706783295,0.0493604876101017,0.44999685883522034,0.4130714535713196,0.006616558413952589,0.0021403846330940723,1.435322337783873e-05,0.0006379678379744291,0.002010162454098463,2.3929442249936983e-05,0.0009818157413974404,0.0009641631040722132,0.00140782177913934,0.001677658292464912,0.001910987077280879,0.0016976906917989254,0.002193261869251728,3.901306263287552e-05,2.7035041057388298e-05,0.008527426049113274,0.015601513907313347,0.17216305434703827,0.0005971452919766307,0.006606768351048231,0.000835194019600749,0.12605659663677216,0.046963583678007126,0.0003017692652065307,0.0002704211510717869,0.0017981267301365733,0.0022934996522963047,0.000222933100303635,0.00041800871258601546,6.316698204500426e-07,3.629652383096982e-07
776,25937,0,1.9466758658381877e-06,0.3245852589607239,0.3490258753299713,0.0003877347626257688,0.026352060958743095,0.013431273400783539,5.928246537223458e-06,1.327664875816481e-07,6.450135003888136e-08,0.10808350145816803,0.10852530598640442,0.1354992687702179,0.15974508225917816,0.022159913554787636,0.0972796231508255,0.13415682315826416,0.045100294053554535,0.05491206794977188,0.048495516180992126,0.45041245222091675,0.4146065413951874,0.006659407168626785,0.0021568110678344965,1.4253578228817787e-05,0.0006263700197450817,0.0019558474887162447,2.4006105377338827e-05,0.0009488753858022392,0.0009546780493110418,0.0013513468438759446,0.0017260751919820905,0.001962141366675496,0.0017154054949060082,0.0021731785964220762,3.845716855721548e-05,2.6617359253577888e-05,0.008455343544483185,0.015002228319644928,0.1742219477891922,0.000605517067015171,0.006250339560210705,0.0008262638002634048,0.12630124390125275,0.049328453838825226,0.00030336473719216883,0.0002684237260837108,0.0018694059690460563,0.0022830006200820208,0.00024016154929995537,0.00045477953972294927,6.53195854738442e-07,3.6418850868358277e-07
778,26004,0,1.9597130176407518e-06,0.32173866033554077,0.3469591438770294,0.00038045988185331225,0.02717062644660473,0.013443929143249989,5.995575975248357e-06,1.34490818481936e-07,6.450713385675044e-08,0.10620196163654327,0.10518088936805725,0.13663269579410553,0.16067233681678772,0.021806558594107628,0.09834779053926468,0.13532033562660217,0.044641491025686264,0.05445810779929161,0.047989677637815475,0.45075005292892456,0.4158235490322113,0.006830255966633558,0.0022318114060908556,1.4439470760407858e-05,0.0006180159980431199,0.001945030060596764,2.3929100279929116e-05,0.000948318571317941,0.0009285388514399529,0.001382035086862743,0.0017593161901459098,0.0019876814913004637,0.0017221783054992557,0.002110962988808751,3.913285763701424e-05,2.68130206677597e-05,0.008497129194438457,0.015479371882975101,0.17084990441799164,0.000622294086497277,0.006137016229331493,0.0008149550412781537,0.12488370388746262,0.04963241145014763,0.0003131470875814557,0.0002804819669108838,0.0019149665022268891,0.0023235990665853024,0.0002463631972204894,0.0004731946683023125,6.568582762156439e-07,3.7075361092320236e-07
780,26071,0,1.9554397567844717e-06,0.32861968874931335,0.35679104924201965,0.0003669799480121583,0.0263795405626297,0.012950536794960499,6.021028184477473e-06,1.3257252362564032e-07,6.450135003888136e-08,0.10813511908054352,0.10603068768978119,0.14134112000465393,0.16577115654945374,0.02070758491754532,0.10253626853227615,0.14008405804634094,0.04314975440502167,0.05269462615251541,0.046227823942899704,0.45098987221717834,0.4167497158050537,0.0067155733704566956,0.0022080913186073303,1.4536434719047975e-05,0.0006217847694642842,0.0019579820800572634,2.4041935830609873e-05,0.0009574358118698001,0.0009368066093884408,0.0014171989168971777,0.0016887696692720056,0.0018935204716399312,0.0017380788922309875,0.0021017161197960377,3.876196205965243e-05,2.6743049602373503e-05,0.008575980551540852,0.015494821593165398,0.1703638732433319,0.0006365442532114685,0.006082409527152777,0.0008269490790553391,0.12367916107177734,0.0495331771671772,0.00031801409204490483,0.0002840902016032487,0.0019051325507462025,0.0022527193650603294,0.0002452574553899467,0.00047513251774944365,6.480669298980501e-07,3.6856260976492194e-07
782,26138,0,1.9860055999743054e-06,0.3558661937713623,0.38223347067832947,0.0003524450003169477,0.02240767329931259,0.012025346979498863,6.129759640316479e-06,1.334477701675496e-07,6.425576515312059e-08,0.11362364143133163,0.11199519783258438,0.1479039192199707,0.17365115880966187,0.02124112658202648,0.10012874752283096,0.13851483166217804,0.04412516579031944,0.05038995295763016,0.0438418909907341,0.4599215090274811,0.41684389114379883,0.006326813716441393,0.0020462467800825834,1.5205796444206499e-05,0.0006112034316174686,0.0019454780267551541,2.3764454454067163e-05,0.0009503269684500992,0.0009298238437622786,0.0014055041829124093,0.0017967108869925141,0.002019427251070738,0.0017016527708619833,0.002023018430918455,3.990998084191233e-05,2.7793710614787415e-05,0.00869598425924778,0.015698645263910294,0.161972314119339,0.0006431307410821319,0.005994758568704128,0.0008072620257735252,0.11948177218437195,0.04938139393925667,0.0003412785881664604,0.00030814792262390256,0.00197917059995234,0.0024243309162557125,0.0002581237640697509,0.000496335793286562,6.47384979401977e-07,3.7889910231569957e-07
784,26204,0,1.9705278191395337e-06,0.3516067564487457,0.37769952416419983,0.0003540414327289909,0.02264772541821003,0.0127585269510746,6.218662747414783e-06,1.2890289724509785e-07,6.440656363793096e-08,0.11610147356987,0.11535321921110153,0.1472223401069641,0.17337381839752197,0.02213597483932972,0.09765505790710449,0.13558617234230042,0.045163705945014954,0.05094744265079498,0.044167280197143555,0.46303585171699524,0.4180939495563507,0.006210661958903074,0.001958139706403017,1.5508909200434573e-05,0.0006307067815214396,0.0018922332674264908,2.2387650460586883e-05,0.0009337812662124634,0.0009730564779601991,0.0013363538309931755,0.0018224256346002221,0.002056444762274623,0.0016675558872520924,0.0021145229693502188,3.8877318729646504e-05,2.7930362193728797e-05,0.009049223735928535,0.01519622653722763,0.15779340267181396,0.0005904720164835453,0.005801272578537464,0.000786266231443733,0.11341406404972076,0.047192346304655075,0.00037105652154423296,0.00032765863579697907,0.002082920167595148,0.0025333059020340443,0.00025229156017303467,0.000468556972919032,6.521028694805864e-07,3.786433637742448e-07
786,26271,0,1.92264087672811e-06,0.3610899746417999,0.3963041603565216,0.00029026903212070465,0.021843232214450836,0.012013552710413933,6.341187599900877e-06,1.273956655722941e-07,6.244225403406745e-08,0.11623009294271469,0.11451257020235062,0.14708161354064941,0.17208921909332275,0.02091183327138424,0.10202444344758987,0.14075399935245514,0.04370224475860596,0.05106106773018837,0.04443281143903732,0.4637957513332367,0.42598551511764526,0.006097576580941677,0.0019811000674962997,1.5325653293984942e-05,0.0006495768902823329,0.0019526202231645584,2.2873064153827727e-05,0.0009657158516347408,0.0009281222010031343,0.0014368938282132149,0.0017031326424330473,0.0018515889532864094,0.0016685087466612458,0.0019508798141032457,3.9221777115017176e-05,2.762306212389376e-05,0.009204106405377388,0.015576225705444813,0.15361933410167694,0.0006682767998427153,0.0057433294132351875,0.0008352688164450228,0.11147987097501755,0.04760665446519852,0.0003770729817915708,0.0003282696125097573,0.002162036718800664,0.00223239092156291,0.000245092436671257,0.00046846826444379985,6.181120966175513e-07,3.6568118844115816e-07
788,26338,0,1.918093630592921e-06,0.36127105355262756,0.39962276816368103,0.0002783221716526896,0.021790605038404465,0.01171818096190691,6.1637583712581545e-06,1.2341831734374864e-07,6.223572057706406e-08,0.11757424473762512,0.11827485263347626,0.14644084870815277,0.17091584205627441,0.02265697531402111,0.0959908589720726,0.13413748145103455,0.04609082266688347,0.0514005646109581,0.0451338067650795,0.46803370118141174,0.43635374307632446,0.005993201397359371,0.0018861766438931227,1.4489140994555783e-05,0.0006260512745939195,0.002060733502730727,2.54371807386633e-05,0.0010061656357720494,0.0009870035573840141,0.0014248040970414877,0.0014588660560548306,0.001666454365476966,0.0016521872021257877,0.0019225917058065534,3.8564041460631415e-05,2.754419983830303e-05,0.008678003214299679,0.01506722066551447,0.16240909695625305,0.0007018552860245109,0.00603081239387393,0.0009252548334188759,0.11228185892105103,0.046678151935338974,0.0003204134409315884,0.00028637913055717945,0.001744392910040915,0.0022609408479183912,0.0002312130673089996,0.00044144431012682617,6.040054358891211e-07,3.5168494605386513e-07
790,26405,0,1.9776177850872045e-06,0.3722304403781891,0.4077741205692291,0.00023215719556901604,0.02006857842206955,0.011531840078532696,6.353257504088106e-06,1.2624499845514947e-07,6.360887283562988e-08,0.12069172412157059,0.11917950212955475,0.1462268829345703,0.1693287342786789,0.025951694697141647,0.08689713478088379,0.12228679656982422,0.0496627502143383,0.05214848741889,0.045995816588401794,0.4854908883571625,0.4416169822216034,0.005779386498034,0.001836292678490281,1.4748416106158402e-05,0.0006337926024571061,0.0021500331349670887,2.542818219808396e-05,0.0010567960562184453,0.0009779940592125058,0.001343994284979999,0.0016716021345928311,0.0019549010321497917,0.0015443653101101518,0.00184569729026407,3.9469454350182787e-05,2.875405152735766e-05,0.008877934888005257,0.01529095321893692,0.14763876795768738,0.0006606457754969597,0.006336714141070843,0.0009782797424122691,0.11006375402212143,0.045136284083127975,0.00032357964664697647,0.0002898290695156902,0.0018174526048824191,0.0025557191111147404,0.00022579020878765732,0.00042170670349150896,5.882791924705089e-07,3.6297663541517977e-07
792,26472,0,1.983947868211544e-06,0.38990518450737,0.4244387447834015,0.000210341444471851,0.018305834382772446,0.01096579059958458,6.491186013590777e-06,1.2177054031781154e-07,6.441467093054598e-08,0.12640917301177979,0.12179514765739441,0.14784224331378937,0.17084629833698273,0.0267277080565691,0.08481810986995697,0.1208086833357811,0.05088786780834198,0.051859624683856964,0.04567969590425491,0.4948001801967621,0.44200339913368225,0.005462814588099718,0.0017631003865972161,1.5131067812035326e-05,0.0006428638589568436,0.0022732075303792953,2.593391945993062e-05,0.0011351259890943766,0.0010336436098441482,0.0013579580700024962,0.0015524434857070446,0.0018558874726295471,0.0014810517895966768,0.0018449692288413644,4.045738751301542e-05,2.991978544741869e-05,0.009220161475241184,0.015786129981279373,0.1388065069913864,0.0006491626263596117,0.006637234706431627,0.0010637266095727682,0.10443264245986938,0.04126640409231186,0.0003259342338424176,0.0002947777393274009,0.0016921727219596505,0.0026403905358165503,0.0002104114682879299,0.0003846778708975762,5.624303298645827e-07,3.631085689903557e-07
794,26539,0,2.0312420474510873e-06,0.39566168189048767,0.4256446957588196,0.0002095933014061302,0.01757972314953804,0.011135642416775227,6.552011655003298e-06,1.2394450266128842e-07,6.472342306551582e-08,0.1260441392660141,0.122125543653965,0.14608235657215118,0.16960111260414124,0.02737896889448166,0.08350852131843567,0.11915387213230133,0.05156029760837555,0.05270310118794441,0.04635491967201233,0.5011933445930481,0.44412198662757874,0.005462732166051865,0.0017625926993787289,1.4805744285695255e-05,0.0006688365829177201,0.0023895064368844032,2.5933053620974533e-05,0.001220885431393981,0.0010445963125675917,0.0013590396847575903,0.0015805342700332403,0.0019026362570002675,0.0014583257725462317,0.0018623238429427147,4.01615870941896e-05,2.9410097340587527e-05,0.009165008552372456,0.01575569622218609,0.14078649878501892,0.00063863187097013,0.007033728528767824,0.0010952531592920423,0.10942485928535461,0.040819376707077026,0.0003156812163069844,0.00028350521461106837,0.0016806494677439332,0.002635510405525565,0.00020360179769340903,0.00037155314930714667,5.424647042673314e-07,3.646848085736565e-07
796,26605,0,1.9946326119679725e-06,0.4047570526599884,0.4357087314128876,0.0001953946630237624,0.01693723164498806,0.01082634087651968,6.594984824914718e-06,1.2415128480824933e-07,6.309725364417318e-08,0.12487122416496277,0.1212836354970932,0.14720769226551056,0.17028406262397766,0.027296176180243492,0.08361680060625076,0.11949654668569565,0.051581915467977524,0.05242534354329109,0.04625612124800682,0.5000655651092529,0.4485614001750946,0.005513112526386976,0.001779049402102828,1.5027198969619349e-05,0.0006784076686017215,0.0024290841538459063,2.6217378035653383e-05,0.0012496921699494123,0.0009662855882197618,0.0013904274674132466,0.0015956265851855278,0.001888211932964623,0.0014894047053530812,0.0019093070877715945,4.182386692264117e-05,2.9699300284846686e-05,0.008740837685763836,0.0161670483648777,0.14379262924194336,0.0006211405852809548,0.006902902852743864,0.0010987174464389682,0.1052466556429863,0.040162310004234314,0.000309901253785938,0.00028299508267082274,0.0017146087484434247,0.002570221433416009,0.00020133331418037415,0.00037426917697302997,5.322359584170044e-07,3.624567455062788e-07
798,26672,0,1.968690867215628e-06,0.4159724712371826,0.4418238401412964,0.00019419612362980843,0.0157205518335104,0.010682999156415462,6.557011602126295e-06,1.266782021502877e-07,6.198173707616661e-08,0.12723828852176666,0.12129735201597214,0.1488482803106308,0.17201533913612366,0.026979217305779457,0.0840940773487091,0.12098150700330734,0.05163145065307617,0.051939234137535095,0.046017564833164215,0.5030534267425537,0.4534629285335541,0.005348958540707827,0.0017873927718028426,1.5246861039486248e-05,0.0006931612733751535,0.002428240841254592,2.5901916160364635e-05,0.001239593024365604,0.0009404267184436321,0.001416476326994598,0.0016221265541389585,0.0018995219143107533,0.001509903115220368,0.0019677341915667057,4.2724812374217436e-05,3.015070251422003e-05,0.008424588479101658,0.015963150188326836,0.1485193371772766,0.0006045137415640056,0.0069262064062058926,0.0010957802878692746,0.10528505593538284,0.04060860723257065,0.0002994881069753319,0.0002726875536609441,0.0017137593822553754,0.0024819320533424616,0.00020550635235849768,0.0003858899581246078,5.24490360476193e-07,3.620470181431301e-07
800,26739,0,1.9746910311368993e-06,0.42591392993927,0.4531494379043579,0.00018244820239488035,0.015171620063483715,0.0100304139778018,6.708864930260461e-06,1.2934854964896658e-07,6.289935328140928e-08,0.13015322387218475,0.12128139287233353,0.1495860517024994,0.17186011373996735,0.026838388293981552,0.0839693546295166,0.12151467800140381,0.051858868449926376,0.05206078663468361,0.046348296105861664,0.5110061168670654,0.4603859782218933,0.005203584674745798,0.0017841780791059136,1.606672776688356e-05,0.0006744222482666373,0.0024548256769776344,2.6835865355678834e-05,0.0012360853143036366,0.0009435468818992376,0.001399672357365489,0.0016813866095617414,0.0019768839702010155,0.0015476479893550277,0.0018434628145769238,4.6057950385147706e-05,3.2954001653706655e-05,0.008461326360702515,0.015890993177890778,0.1481504887342453,0.0006357587408274412,0.006823517847806215,0.001088028191588819,0.09855993837118149,0.03947102278470993,0.0003016228729393333,0.0002752399886958301,0.0017280910396948457,0.002579744905233383,0.00020611821673810482,0.0003857855044770986,5.341377118384116e-07,3.73227322825187e-07
802,26806,0,2.0018990198877873e-06,0.42991477251052856,0.4565927982330322,0.00018114621343556792,0.014846106059849262,0.009862052276730537,6.7246351136418525e-06,1.2975603169707028e-07,6.424069454169512e-08,0.13113659620285034,0.12198597192764282,0.15317758917808533,0.17511911690235138,0.026708154007792473,0.08460480719804764,0.12187866121530533,0.05140342190861702,0.051094476133584976,0.04547205939888954,0.516987144947052,0.4621715843677521,0.005157575476914644,0.0017716948641464114,1.6538358977413736e-05,0.000660872261505574,0.0023426662664860487,2.6183844965999015e-05,0.0011765563394874334,0.0009890509536489844,0.001345672644674778,0.0017231141682714224,0.002045034896582365,0.0015824820147827268,0.0017847124254330993,4.505134711507708e-05,3.333970016683452e-05,0.008738628588616848,0.015322670340538025,0.1456911414861679,0.0006460109143517911,0.006453710608184338,0.0010410923277959228,0.09633007645606995,0.03990167751908302,0.0003272928006481379,0.0002941584389191121,0.0017982800491154194,0.0027235602028667927,0.0002179654547944665,0.0004017773608211428,5.507041578312055e-07,3.806684105711611e-07
804,26873,0,1.932193754328182e-06,0.4314124584197998,0.4588158130645752,0.0001791254908312112,0.014690003357827663,0.009718278422951698,6.7504452090361156e-06,1.2548052552574518e-07,6.251697470815998e-08,0.13210923969745636,0.12530432641506195,0.15435922145843506,0.17699827253818512,0.027139734476804733,0.08356276899576187,0.12069500237703323,0.052024196833372116,0.05068804323673248,0.04481235146522522,0.51841801404953,0.46000033617019653,0.005117626860737801,0.0017096021911129355,1.6340231013600715e-05,0.0006826840108260512,0.002416656818240881,2.6213028831989504e-05,0.0012143678031861782,0.0009988658130168915,0.0014167886693030596,0.001567345461808145,0.0018122118199244142,0.0016035325825214386,0.0018249698914587498,4.5570250222226605e-05,3.368501347722486e-05,0.008740349672734737,0.015163897536695004,0.15101848542690277,0.0006538144079968333,0.006676908582448959,0.0010732407681643963,0.09628206491470337,0.03869789466261864,0.00031128080445341766,0.000274139252724126,0.001747118541970849,0.0023693859111517668,0.00020874670008197427,0.0003883495810441673,5.287482167659618e-07,3.600001718950807e-07
806,26940,0,1.916643441290944e-06,0.4296186566352844,0.4580177664756775,0.00018272030865773559,0.015085355378687382,0.00993384886533022,6.647399914072594e-06,1.243725336053103e-07,6.319927337017361e-08,0.13772854208946228,0.12780676782131195,0.16211171448230743,0.18484221398830414,0.030612006783485413,0.07631992548704147,0.11176969856023788,0.05599074810743332,0.04840113967657089,0.04284948855638504,0.5226961374282837,0.45434683561325073,0.005027147475630045,0.0016627475852146745,1.6273656001430936e-05,0.0006671797600574791,0.0023738942109048367,2.6614034140948206e-05,0.001197122735902667,0.001032907865010202,0.0012929271906614304,0.0015373887727037072,0.0018193584401160479,0.0016489991685375571,0.0017565313028171659,4.418359094415791e-05,3.345659206388518e-05,0.008687890134751797,0.013996905647218227,0.1584872603416443,0.0006853061495348811,0.006335960701107979,0.001041415729559958,0.09218153357505798,0.03811158612370491,0.00031324950396083295,0.0002712045097723603,0.0017405832186341286,0.00251667364500463,0.0002171672385884449,0.00038476294139400125,5.508438789547654e-07,3.623824227361183e-07
808,27007,0,9.24600840335188e-07,0.07161641865968704,0.09984313696622849,0.0010621075052767992,0.15343192219734192,0.059727080166339874,1.0444654435559642e-05,1.4013109250754496e-07,5.661582136440302e-08,0.08136150985956192,0.10214604437351227,0.0430791899561882,0.05793901905417442,0.02565767802298069,0.07598204165697098,0.11935122311115265,0.05331983417272568,0.1841038465499878,0.17207767069339752,0.5945701599121094,0.56011962890625,0.010598443448543549,0.003218657337129116,3.224672036594711e-05,0.0006770764593966305,0.0019206227734684944,3.633635787991807e-05,0.00048125963076017797,0.0007954001193866134,0.0008193462854251266,0.0017128990730270743,0.001811524503864348,0.002979894867166877,0.0009124520584009588,0.00024042799486778677,0.00025086462846957147,0.006801801733672619,0.007622967474162579,0.33226698637008667,0.0010784545447677374,0.003710382152348757,0.0008943722932599485,0.018599070608615875,0.014790409244596958,0.00011169791832799092,7.301297591766343e-05,0.0016911692218855023,0.0015874644741415977,7.714802632108331e-05,0.00013694319932255894,1.593658225829131e-06,3.9830257492212695e-07
810,27073,0,1.6952385522017721e-06,0.21949762105941772,0.24540148675441742,0.00024753028992563486,0.05165442079305649,0.023187870159745216,9.702276656753384e-06,1.4383833502051857e-07,6.435756461087294e-08,0.1080135926604271,0.12866321206092834,0.08754480630159378,0.11085803806781769,0.03376097232103348,0.06263544410467148,0.10147038847208023,0.06445135176181793,0.0942622646689415,0.08285102993249893,0.5677081346511841,0.4978516399860382,0.007805312518030405,0.0018225505482405424,2.425916500214953e-05,0.0005808747955597937,0.0016381057212129235,2.865528585971333e-05,0.0005736258463002741,0.0011729021789506078,0.0007218337850645185,0.002937646582722664,0.003318195464089513,0.001983070746064186,0.0011074354406446218,9.883395250653848e-05,9.727046563057229e-05,0.011227646842598915,0.009440382942557335,0.19557899236679077,0.0008345675305463374,0.004804754164069891,0.0006435593240894377,0.05675402656197548,0.03240414336323738,0.0003042841563001275,0.0001851507113315165,0.002772486535832286,0.002415331779047847,0.00023560102272313088,0.00032675277907401323,1.1710574199241819e-06,4.478428081711172e-07
812,27140,0,1.884482912828389e-06,0.4072679281234741,0.4620027542114258,0.00011254543642280623,0.01893562637269497,0.008422513492405415,7.515393917856272e-06,1.2883457145562716e-07,6.439624655740772e-08,0.13275441527366638,0.1481800675392151,0.16035844385623932,0.18286092579364777,0.03576454147696495,0.06360205262899399,0.10139025002717972,0.06743250042200089,0.05150194093585014,0.04585269093513489,0.5348919630050659,0.46627286076545715,0.00537513755261898,0.0014815672766417265,1.9173116015736014e-05,0.0006217382615432143,0.0016836292343214154,2.484730248397682e-05,0.0006723384140059352,0.0012534544803202152,0.001006087171845138,0.00266058137640357,0.003024693112820387,0.0014971951022744179,0.001520021352916956,5.2365154260769486e-05,4.683790393755771e-05,0.012600434944033623,0.012735015712678432,0.1374574601650238,0.000634476076811552,0.006100886035710573,0.000747113605029881,0.10933423042297363,0.044826094061136246,0.0003953831037506461,0.00026530236937105656,0.0025791104417294264,0.002489451551809907,0.00027618950116448104,0.0004210842598695308,7.199901688181853e-07,3.867855014050292e-07
814,27207,0,1.846385089265823e-06,0.42509031295776367,0.4891704022884369,0.00012435017561074346,0.017399273812770844,0.007785139139741659,7.316943083424121e-06,1.2107113889214816e-07,6.650594741586247e-08,0.14985468983650208,0.1486934870481491,0.2000923752784729,0.2117481678724289,0.024702811613678932,0.09045393019914627,0.1294560581445694,0.050924211740493774,0.03992924839258194,0.03695196658372879,0.48274555802345276,0.460281103849411,0.004420950543135405,0.0014399088686332107,2.02252522285562e-05,0.0006348321330733597,0.001634822110645473,2.019162457145285e-05,0.0006956479628570378,0.001069922000169754,0.0011371839791536331,0.003158595645800233,0.0033987725619226694,0.001323423464782536,0.002054417971521616,4.9079451855504885e-05,4.0683331462787464e-05,0.012517505325376987,0.015788059681653976,0.10684113949537277,0.0004229097976349294,0.005677029024809599,0.0006937324069440365,0.10581362247467041,0.04524121806025505,0.000553684018086642,0.00041521259117871523,0.003375386353582144,0.002891927259042859,0.0002960660494863987,0.0005071017076261342,6.318613827716035e-07,3.9373242088913685e-07
816,27274,0,2.134282567567425e-06,0.46691378951072693,0.5211166739463806,0.00010996092896675691,0.014746317639946938,0.007196036167442799,7.34800414647907e-06,1.2612466093742114e-07,6.816755160343746e-08,0.1646784245967865,0.15248295664787292,0.20430801808834076,0.2174239456653595,0.025880489498376846,0.08970418572425842,0.1281280219554901,0.05183553695678711,0.03958021476864815,0.03623519837856293,0.5211842060089111,0.4517515301704407,0.003975251689553261,0.0013442951021715999,1.930897451529745e-05,0.000573081080801785,0.00192727311514318,2.261890404042788e-05,0.000939000048674643,0.0010583762777969241,0.0012005399912595749,0.0033527009654790163,0.003841003868728876,0.0012452341616153717,0.0018024867167696357,4.212684871163219e-05,3.433099846006371e-05,0.011888873763382435,0.01647712104022503,0.09703969955444336,0.00047371271648444235,0.006127556320279837,0.0007569494773633778,0.11542380601167679,0.044642481952905655,0.0005853153415955603,0.0004900146741420031,0.0030890561174601316,0.003900254378095269,0.00029653782257810235,0.0005176241393201053,5.537080483009049e-07,4.141940337376582e-07
818,27341,0,2.2593801531911595e-06,0.44404497742652893,0.48157232999801636,0.00014546852617058903,0.01582912914454937,0.008547227829694748,7.4817685344896745e-06,1.3385424324496853e-07,7.059376372353654e-08,0.16526836156845093,0.1519075632095337,0.19261294603347778,0.20558501780033112,0.029052363708615303,0.08323578536510468,0.11913727223873138,0.05477655678987503,0.04286352917551994,0.03952834755182266,0.5296422243118286,0.45900627970695496,0.003990312572568655,0.0013123383978381753,2.0385959942359477e-05,0.0005927342572249472,0.0020382136572152376,2.183918513765093e-05,0.0010486985556781292,0.0009866820182651281,0.0010193323250859976,0.004040866624563932,0.004855744540691376,0.0012994231656193733,0.0019450308755040169,4.420458208187483e-05,3.6183140764478594e-05,0.011089534498751163,0.01606103591620922,0.09834171831607819,0.00038975710049271584,0.006044476293027401,0.0007527178386226296,0.10069504380226135,0.04113554581999779,0.0005911860498599708,0.0005192524404264987,0.0032317652367055416,0.005121447611600161,0.0002739412011578679,0.00047915015602484345,5.721575462303008e-07,4.548701610929129e-07
820,27408,0,2.4062517240963643e-06,0.4374370872974396,0.47567179799079895,0.0001600689283804968,0.015351388603448868,0.008886809460818768,7.742974958091509e-06,1.3704784862511588e-07,7.330810092298634e-08,0.16596619784832,0.154332235455513,0.18620344996452332,0.20010720193386078,0.03030521422624588,0.08154904097318649,0.11496082693338394,0.054717011749744415,0.044719498604536057,0.04083942249417305,0.5448437929153442,0.45653724670410156,0.004030303098261356,0.0012674370082095265,2.0441268134163693e-05,0.0005690274410881102,0.0020745776128023863,2.170064726669807e-05,0.0010868929093703628,0.001029434148222208,0.0009692993480712175,0.0042909556068480015,0.005331315565854311,0.0012667521368712187,0.001846733270213008,4.4073673052480444e-05,3.685678166220896e-05,0.011211728677153587,0.015671854838728905,0.09370206296443939,0.0003966553194914013,0.006070392206311226,0.0007550774607807398,0.10006487369537354,0.04088453948497772,0.0006151112611405551,0.0005432324833236635,0.0032592443749308586,0.00581337558105588,0.00030062408768571913,0.0005133667727932334,5.952352353233437e-07,4.7463535679526103e-07
822,27474,0,2.2841868485556915e-06,0.43586209416389465,0.47595956921577454,0.00015762148541398346,0.014796484261751175,0.009163700975477695,7.427483524224954e-06,1.2709338648164703e-07,7.103706423094991e-08,0.16711315512657166,0.15275515615940094,0.18142181634902954,0.19610224664211273,0.028531409800052643,0.08688283711671829,0.11938656121492386,0.05131680518388748,0.0455196350812912,0.041842371225357056,0.5453576445579529,0.4578331708908081,0.004044434055685997,0.00127020210493356,1.8945826013805345e-05,0.0006067108479328454,0.002262959722429514,2.407238025625702e-05,0.001175313605926931,0.0010090754367411137,0.0010436509037390351,0.0030150399543344975,0.0038413447327911854,0.0013601849786937237,0.0019067625980824232,4.578119478537701e-05,3.6361492675496265e-05,0.009887069463729858,0.015940364450216293,0.11195430904626846,0.0004358133301138878,0.006241282913833857,0.0008687698864378035,0.09430810809135437,0.038722582161426544,0.00046793048386462033,0.0004371511749923229,0.0024032085202634335,0.0050178589299321175,0.000249075994361192,0.00044557868386618793,5.826605615766312e-07,4.3145868744431937e-07
824,27541,0,2.150109366994002e-06,0.436050146818161,0.47514185309410095,0.0001463631633669138,0.014639953151345253,0.009253667667508125,7.13861163603724e-06,1.193080549910519e-07,6.728656387622323e-08,0.16615800559520721,0.15271252393722534,0.17519374191761017,0.19157427549362183,0.03156514838337898,0.08063457161188126,0.11092660576105118,0.0539245568215847,0.04675906151533127,0.04290051758289337,0.5434452891349792,0.45781034231185913,0.00407498050481081,0.0012511654058471322,1.773585972841829e-05,0.0006340454565361142,0.002430536085739732,2.5762776203919202e-05,0.0012531339889392257,0.001003553974442184,0.001143376575782895,0.0022624675184488297,0.002948347246274352,0.001468593836762011,0.0019660915713757277,4.744900070363656e-05,3.663719689939171e-05,0.008643287234008312,0.01589798927307129,0.13261473178863525,0.0004611860786098987,0.006495087407529354,0.0009579827892594039,0.09060468524694443,0.03713385760784149,0.0003675993939395994,0.00036066758912056684,0.0018038231646642089,0.004465447273105383,0.00022171954333316535,0.0004090052389074117,5.633831960949465e-07,3.904270329257997e-07
826,27608,0,2.1899500097788405e-06,0.45713701844215393,0.4908521771430969,0.00013772040256299078,0.013276197947561741,0.008639075793325901,7.32374974177219e-06,1.1809870414936086e-07,6.703702126742428e-08,0.16965486109256744,0.15948837995529175,0.1714017242193222,0.1893744021654129,0.032551851123571396,0.07881681621074677,0.10896000266075134,0.05495636910200119,0.04798908159136772,0.0436379574239254,0.5608721971511841,0.456012487411499,0.00394408218562603,0.0011594019597396255,1.791057366062887e-05,0.0006730000604875386,0.0025966183748096228,2.585610855021514e-05,0.001345672644674778,0.0009983653435483575,0.0011734984582290053,0.0022456729784607887,0.0029216741677373648,0.0014499935787171125,0.0019421782344579697,4.92756262246985e-05,3.8015383324818686e-05,0.008693629875779152,0.016108684241771698,0.13135527074337006,0.0004617478116415441,0.006899676751345396,0.0010232212953269482,0.09078489243984222,0.03557770699262619,0.0003506381472107023,0.0003415833052713424,0.001737115322612226,0.004379276651889086,0.00020589798805303872,0.0003779754042625427,5.478493108057592e-07,3.888073649704893e-07
828,27675,0,2.2778913262300193e-06,0.4851450026035309,0.5144748091697693,0.00012897280976176262,0.011055350303649902,0.008096759207546711,7.747318704787176e-06,1.1860333160029768e-07,6.887551506906675e-08,0.16830123960971832,0.1623990684747696,0.16974233090877533,0.19096815586090088,0.03355608880519867,0.07522176951169968,0.10763810575008392,0.05734914168715477,0.04841874912381172,0.042976826429367065,0.5749434232711792,0.45034047961235046,0.003982228692620993,0.0011236777063459158,1.8832948626368307e-05,0.0006918747094459832,0.0026178231928497553,2.4980708985822275e-05,0.001361070666462183,0.001113319769501686,0.0011466005817055702,0.0021775164641439915,0.0028607749845832586,0.0014312039129436016,0.001929989899508655,5.0052851293003187e-05,3.9878439565654844e-05,0.009559182450175285,0.015818925574421883,0.1206907108426094,0.0004642376152332872,0.006830029655247927,0.0010308889904990792,0.0882658064365387,0.035217445343732834,0.0004014611185993999,0.0003740695829037577,0.0017994667869061232,0.0044553703628480434,0.00022699011606164277,0.000390297151170671,5.50151412426203e-07,4.047852826261078e-07
830,27742,0,2.304001782249543e-06,0.4769671857357025,0.5093865394592285,0.00012430985225364566,0.011758845299482346,0.008282334543764591,7.84800522524165e-06,1.184886997407375e-07,6.924565809640626e-08,0.16591796278953552,0.16030950844287872,0.16926108300685883,0.19002360105514526,0.0321652889251709,0.07841268926858902,0.11001140624284744,0.05497482419013977,0.048389144241809845,0.04294633865356445,0.5726351737976074,0.45322316884994507,0.00405868049710989,0.0011327280662953854,1.8575221474748105e-05,0.0006651164148934186,0.0026213836390525103,2.5679622922325507e-05,0.0013478281907737255,0.0011176728876307607,0.0011393227614462376,0.0022462671622633934,0.0029403390362858772,0.0013860961189493537,0.0018377319211140275,5.093731306260452e-05,4.0574614104116336e-05,0.009850209578871727,0.015964604914188385,0.11619491875171661,0.0004833657294511795,0.00702280318364501,0.0010485221864655614,0.09099964797496796,0.0355101078748703,0.00039194407872855663,0.00036109835491515696,0.0018332325853407383,0.0043404544703662395,0.0002353848103666678,0.00040390389040112495,5.55212920971826e-07,4.0333293327421416e-07
832,27809,0,2.2641750092589064e-06,0.4718761742115021,0.5040247440338135,0.00012374088692013174,0.012053235433995724,0.00839999970048666,7.816185643605422e-06,1.1729279947303439e-07,6.786748230069861e-08,0.16585871577262878,0.16083978116512299,0.16823479533195496,0.18952853977680206,0.03176670894026756,0.07903105765581131,0.1110120639204979,0.05476169288158417,0.048797860741615295,0.04315098375082016,0.5746526718139648,0.4543835520744324,0.00408483250066638,0.0011297258315607905,1.849306863732636e-05,0.000644607178401202,0.002641032449901104,2.724169462453574e-05,0.0013606532011181116,0.0011178985005244613,0.0011463675182312727,0.002135212067514658,0.0027848128229379654,0.0014271833933889866,0.001840079203248024,5.110775600769557e-05,4.054343662573956e-05,0.00961749255657196,0.015658842399716377,0.12127037346363068,0.0004922316293232143,0.006913570687174797,0.001055034575983882,0.08883733302354813,0.03499477729201317,0.00037961627822369337,0.00035004012170247734,0.001782474690116942,0.004164875019341707,0.00022597648785449564,0.0003884754842147231,5.529686859517824e-07,3.9433629694940464e-07
834,27876,0,2.154234834961244e-06,0.4588608145713806,0.4906768202781677,0.00012568219972308725,0.012982782907783985,0.00858386978507042,7.821980034350418e-06,1.1665915167213825e-07,6.521587891938907e-08,0.1640341430902481,0.16031521558761597,0.16796556115150452,0.19043944776058197,0.03253636881709099,0.07731441408395767,0.10976000130176544,0.05614839494228363,0.04915713518857956,0.04317088797688484,0.5783470869064331,0.4589005708694458,0.0041692499071359634,0.001153316698037088,1.8156775695388205e-05,0.0006414504023268819,0.0027409640606492758,2.8437199944164604e-05,0.0014095945516601205,0.0011241595493629575,0.0011523535940796137,0.001969622215256095,0.002500321716070175,0.0014731129631400108,0.001750409952364862,5.149840944795869e-05,4.115651609026827e-05,0.009438385255634785,0.014396206475794315,0.12991537153720856,0.0005421544774435461,0.0069649857468903065,0.0010970465373247862,0.08726255595684052,0.03410448879003525,0.00034643238177523017,0.00030531923403032124,0.0017628048080950975,0.0035309414379298687,0.00022654622443951666,0.00038512039463967085,5.394971367422841e-07,3.766366489799111e-07
836,27942,0,2.0375980511744274e-06,0.4625418484210968,0.49268272519111633,0.0001279353309655562,0.012913291342556477,0.008496254682540894,7.649870894965716e-06,1.1407254874029604e-07,6.150044384867215e-08,0.16640180349349976,0.16088631749153137,0.1742648035287857,0.1956598162651062,0.033181145787239075,0.07591675966978073,0.10919005423784256,0.057572174817323685,0.04747318848967552,0.041860926896333694,0.5727531909942627,0.4640960097312927,0.004074744880199432,0.0011600161669775844,1.8545555576565675e-05,0.0006007601623423398,0.0025821481831371784,2.9328930395422503e-05,0.0013176347129046917,0.0011318812612444162,0.0012380724074319005,0.0018119437154382467,0.0022640300448983908,0.0014955877559259534,0.001692855847068131,5.051554035162553e-05,4.0468461520504206e-05,0.00917013268917799,0.014139479026198387,0.1302722692489624,0.0005777185433544219,0.006241454277187586,0.0010469630360603333,0.08119302242994308,0.03440394625067711,0.0003780508995987475,0.00033821232500486076,0.001765598775818944,0.0034297374077141285,0.00023025258269626647,0.0003982706111855805,5.355817620511516e-07,3.668408510293375e-07
838,28009,0,2.0234328985679895e-06,0.4651569724082947,0.49595898389816284,0.00012080080341547728,0.012920265085995197,0.008071423508226871,7.913179615570698e-06,1.1211054129489639e-07,6.114429140779976e-08,0.16609147191047668,0.16583473980426788,0.18662351369857788,0.20576120913028717,0.03304564580321312,0.07889584451913834,0.10863815993070602,0.05485304072499275,0.044522661715745926,0.03926866129040718,0.5736703276634216,0.4645524322986603,0.004008514806628227,0.0011153456289321184,1.9453009372227825e-05,0.0005805493565276265,0.002517126267775893,2.8190976081532426e-05,0.001300491625443101,0.0011224710615351796,0.0012578575406223536,0.0020505054853856564,0.002525018760934472,0.0014242831384763122,0.0014585667522624135,5.20368485013023e-05,4.165172504144721e-05,0.010111079551279545,0.014767492190003395,0.11232670396566391,0.0006232145824469626,0.005883907433599234,0.0010126786073669791,0.07699444144964218,0.033021051436662674,0.00045532765216194093,0.00039986055344343185,0.0021074432879686356,0.003690666053444147,0.0002397408097749576,0.00040456728311255574,5.415213877313363e-07,3.736596738690423e-07
840,28076,0,2.1282803572830744e-06,0.45481520891189575,0.4880216419696808,0.00012599033652804792,0.013432784005999565,0.008062418550252914,8.007854376046453e-06,1.1793336796017684e-07,6.218315462547253e-08,0.16376014053821564,0.16703929007053375,0.17841601371765137,0.19666390120983124,0.03197651356458664,0.08065047115087509,0.11063456535339355,0.05391724407672882,0.04675033316016197,0.04146495461463928,0.5621635913848877,0.47147059440612793,0.003996176179498434,0.0011028265580534935,2.012564436881803e-05,0.0005419596564024687,0.002295427955687046,2.7187921659788117e-05,0.001184449065476656,0.0011402734089642763,0.0012270081788301468,0.002420964650809765,0.002962261438369751,0.0014469327870756388,0.001459513558074832,5.15180108777713e-05,4.205952427582815e-05,0.01089857891201973,0.015548544935882092,0.10544894635677338,0.0005978322587907314,0.005520437844097614,0.0008898421074263752,0.0788038894534111,0.03611836954951286,0.0005461567197926342,0.0004818770685233176,0.002448468701913953,0.004180685617029667,0.00026614550733938813,0.0004525910480879247,5.756411951551854e-07,3.897967815191805e-07
842,28143,0,2.1888183709961595e-06,0.46273958683013916,0.49525177478790283,0.00012286387209314853,0.012872970663011074,0.007992567494511604,8.095234079519287e-06,1.1974920255397592e-07,6.175658029405895e-08,0.1616959273815155,0.16966713964939117,0.1731380671262741,0.19288189709186554,0.030067697167396545,0.0839119553565979,0.11571338772773743,0.05261512100696564,0.04837219789624214,0.04258517548441887,0.565155029296875,0.47492027282714844,0.004005595110356808,0.0010873490246012807,1.9953879018430598e-05,0.0005388459539972246,0.0023315460421144962,2.7626459996099584e-05,0.0012198265176266432,0.0011070102918893099,0.0012653907760977745,0.0024962197057902813,0.003043039934709668,0.0014400994405150414,0.0014751991257071495,5.0882161303889006e-05,4.098953650100157e-05,0.010697870515286922,0.01602358929812908,0.1046774685382843,0.0005905471625737846,0.005616482812911272,0.0008960030972957611,0.08225768804550171,0.03690105304121971,0.0005458332598209381,0.0004908887203782797,0.002432490698993206,0.004242833703756332,0.00026385541423223913,0.0004602764965966344,5.619103262688441e-07,3.9347079905383e-07
844,28210,0,2.2068459202273516e-06,0.46304553747177124,0.49853119254112244,0.0001250409841304645,0.012848074547946453,0.0078088813461363316,8.063535460678395e-06,1.1904550945018855e-07,6.171006816657609e-08,0.16277271509170532,0.1712239682674408,0.16602905094623566,0.18621133267879486,0.03012864477932453,0.08300656080245972,0.11551126837730408,0.05322865769267082,0.05046215280890465,0.04435346648097038,0.5650484561920166,0.47316497564315796,0.003986862953752279,0.0010675442172214389,1.9796389096882194e-05,0.0005377822672016919,0.0023592193610966206,2.8535570891108364e-05,0.001238760887645185,0.0011074042413383722,0.001267616986297071,0.002417229348793626,0.002935408614575863,0.0014666785718873143,0.0015108623774722219,5.121484355186112e-05,4.074514072271995e-05,0.010606626980006695,0.016162879765033722,0.10757601261138916,0.0005901133408769965,0.005656396970152855,0.0009086191421374679,0.08242141455411911,0.03685128316283226,0.0005304169608280063,0.0004806689394172281,0.002371934475377202,0.004138168878853321,0.0002539144188631326,0.00044646108290180564,5.636272248921159e-07,3.892897098012327e-07
846,28277,0,2.2340013856592122e-06,0.4607599973678589,0.4964132308959961,0.0001252662914339453,0.01297312043607235,0.008005731739103794,8.078005521383602e-06,1.1842826097563375e-07,6.213679881739154e-08,0.16284619271755219,0.17263826727867126,0.16525067389011383,0.18613119423389435,0.030310815200209618,0.08234357833862305,0.1151975765824318,0.05369221046566963,0.05069149658083916,0.04433371126651764,0.5659173727035522,0.46944767236709595,0.004004533868283033,0.0010542026720941067,1.9544684619177133e-05,0.0005365716060623527,0.002339797094464302,2.801671507768333e-05,0.0012358928797766566,0.001116939471103251,0.0012455491814762354,0.0024727724958211184,0.003013398963958025,0.0014226286439225078,0.0015623039798811078,4.976277341484092e-05,3.975299478042871e-05,0.010810867883265018,0.016318047419190407,0.10497935116291046,0.0005650310195051134,0.00573347881436348,0.0009019252611324191,0.08579538017511368,0.03717254847288132,0.0005383439129218459,0.0004859405744355172,0.0024024529848247766,0.004227297380566597,0.00025795726105570793,0.0004507038102019578,5.621525929200288e-07,3.8946720337662555e-07
848,28343,0,2.1338082660804503e-06,0.45482948422431946,0.48892679810523987,0.00013031010166741908,0.013369549065828323,0.008387521840631962,7.897392606537323e-06,1.1724258541789823e-07,6.05181043056291e-08,0.16436848044395447,0.17185238003730774,0.1696140319108963,0.19096572697162628,0.030809780582785606,0.08062434196472168,0.1143108680844307,0.055054858326911926,0.04937006160616875,0.043120741844177246,0.5596532821655273,0.47301268577575684,0.0039817518554627895,0.0010781725868582726,1.9092869479209185e-05,0.0005338246119208634,0.0024140863679349422,2.9324679417186417e-05,0.0012829970801249146,0.0010565031552687287,0.001265375642105937,0.0024178707972168922,0.0029238699935376644,0.00141354079823941,0.0015587222296744585,5.004230479244143e-05,3.9136404666351154e-05,0.010297206230461597,0.016545258462429047,0.10826990753412247,0.0005690727848559618,0.005808121990412474,0.0009269000147469342,0.08437089622020721,0.035273849964141846,0.000495854124892503,0.0004563909606076777,0.002331187715753913,0.004083496518433094,0.00023272832913789898,0.00041780693572945893,5.389201760408469e-07,3.816826108504756e-07
850,28410,0,2.12712393476977e-06,0.4524677097797394,0.4900265634059906,0.00013223641144577414,0.013917544856667519,0.008599527180194855,7.89904242992634e-06,1.2028634444050113e-07,5.9504685623323894e-08,0.16259677708148956,0.1710016131401062,0.1721762865781784,0.1940360814332962,0.02991160936653614,0.08136001229286194,0.11651542782783508,0.05496237799525261,0.048152342438697815,0.04205673187971115,0.5566223859786987,0.47255393862724304,0.004101726692169905,0.001083943760022521,1.8868617189582437e-05,0.0005350851570256054,0.0023225590121001005,2.8728642064379528e-05,0.0012262966483831406,0.0009986525401473045,0.0013052455615252256,0.0024349817540496588,0.002865004586055875,0.0014874693006277084,0.0016768656205385923,4.971780799678527e-05,3.821223435807042e-05,0.009729490615427494,0.016310090199112892,0.11950385570526123,0.0005517895333468914,0.0057511660270392895,0.0008629793301224709,0.08781057596206665,0.03789450228214264,0.00048161414451897144,0.0004409905232023448,0.0023700869642198086,0.003778352402150631,0.00025132118025794625,0.0004551822494249791,5.478508455780684e-07,3.8007169678166974e-07
852,28477,0,2.0631803181458963e-06,0.4461306035518646,0.48198768496513367,0.0001316309062531218,0.014234203845262527,0.008498656563460827,7.901386197772808e-06,1.1948544909046177e-07,5.735480002044824e-08,0.1655607521533966,0.1706899106502533,0.1720319241285324,0.1910904198884964,0.0260887760668993,0.09293162822723389,0.1281038075685501,0.04954171180725098,0.048766426742076874,0.043177079409360886,0.5518797636032104,0.48656797409057617,0.0038871713913977146,0.0010995094198733568,1.8770551832858473e-05,0.0005506643210537732,0.0023742918856441975,2.6835481548914686e-05,0.0012730343732982874,0.0008987045148387551,0.0014478107914328575,0.0026956035289913416,0.0030059078708291054,0.0013777095591649413,0.0017015296034514904,5.0245242164237425e-05,3.7538804463110864e-05,0.009645004756748676,0.017372148111462593,0.11114414781332016,0.0005200200830586255,0.006064040120691061,0.0008924088324420154,0.09438931196928024,0.03703322261571884,0.0004744403122458607,0.00043549889232963324,0.0026239182334393263,0.003424358554184437,0.00024655048036947846,0.00048508879262953997,5.018013098379015e-07,3.632155767263612e-07
854,28544,0,2.036881141975755e-06,0.4525642693042755,0.48625755310058594,0.00012506662460509688,0.013283482752740383,0.008137067779898643,7.920555617602076e-06,1.2166931639967515e-07,5.618702303422651e-08,0.16290245950222015,0.16810305416584015,0.1660807728767395,0.18322181701660156,0.026277627795934677,0.09462079405784607,0.1271582990884781,0.048436492681503296,0.051358770579099655,0.04603959992527962,0.5562320351600647,0.4981452524662018,0.0038688620552420616,0.0011270305840298533,1.8921700757346116e-05,0.0006197852781042457,0.0025330903008580208,2.4800618120934814e-05,0.0013969065621495247,0.0008415982592850924,0.0015352965565398335,0.0027204821817576885,0.003031996311619878,0.0014126949245110154,0.0016489749541506171,5.3003503126092255e-05,3.795206794166006e-05,0.009022589772939682,0.017972905188798904,0.113975390791893,0.0005264770006760955,0.006244749762117863,0.0009247433044947684,0.093404620885849,0.03602350130677223,0.00045448660966940224,0.0004272864607628435,0.002598178805783391,0.0034191696904599667,0.00023282022448256612,0.0004764459445141256,4.743154420339124e-07,3.5812675491797563e-07
856,28611,0,1.874318741101888e-06,0.4647335112094879,0.500121533870697,0.00013708275218959898,0.0127249239012599,0.007898475974798203,7.222896329039941e-06,1.3494910433564655e-07,5.383249046531091e-08,0.16792051494121552,0.1673879474401474,0.19174881279468536,0.20743678510189056,0.07735411822795868,0.035160571336746216,0.060176458209753036,0.10767349600791931,0.04417417198419571,0.03990042209625244,0.5631108283996582,0.5071166753768921,0.0038514670450240374,0.0011228431249037385,1.7376460164086893e-05,0.0006601407658308744,0.0025363718159496784,2.612057505757548e-05,0.0013084457023069263,0.0008596263942308724,0.0015849921619519591,0.002381154103204608,0.0027053283993154764,0.001499782782047987,0.0017084666760638356,5.562513615586795e-05,3.991485573351383e-05,0.008163067512214184,0.017830824479460716,0.13232041895389557,0.0005360845243558288,0.006885586306452751,0.00089795864187181,0.09132474660873413,0.03702220320701599,0.000388712011044845,0.0003860437136609107,0.002036239020526409,0.0033942935988307,0.00022900594922248274,0.0004479230265133083,4.4494711914921936e-07,3.6090423805035243e-07
858,28678,0,1.934830606842297e-06,0.4757259786128998,0.5134438276290894,0.0001429427502444014,0.011733388528227806,0.007880616001784801,7.179350177466404e-06,1.384331511644632e-07,5.5141160970606506e-08,0.1769680231809616,0.16827329993247986,0.18514415621757507,0.20226691663265228,0.08293040841817856,0.031758300960063934,0.057693738490343094,0.11769452691078186,0.04560443013906479,0.04122850298881531,0.5703308582305908,0.5038492679595947,0.0036801102105528116,0.001099446089938283,1.734197576297447e-05,0.0006297040381468832,0.002526509575545788,2.7425752705312334e-05,0.0012847052421420813,0.0008689317619428039,0.0016165882116183639,0.0022716419771313667,0.0026865480467677116,0.0015148245729506016,0.0017646418418735266,5.708308890461922e-05,4.099884245079011e-05,0.007616674527525902,0.018223606050014496,0.13986435532569885,0.0005388607969507575,0.006993667688220739,0.0008901443798094988,0.09134336560964584,0.03785504400730133,0.00036341563099995255,0.00038491099257953465,0.0017285180510953069,0.003809671849012375,0.00023413558665197343,0.0004665746819227934,4.577278502893023e-07,3.755573914077104e-07
860,28745,0,1.9170054201822495e-06,0.470162034034729,0.5131796598434448,0.00014642570749856532,0.011893624439835548,0.008027439936995506,7.128862762328936e-06,1.3544408261623175e-07,5.5159361522783e-08,0.1755422204732895,0.16637243330478668,0.18494825065135956,0.2003536969423294,0.09678050130605698,0.027774296700954437,0.05115169286727905,0.1284361481666565,0.045264482498168945,0.04121534526348114,0.5699576139450073,0.5030049681663513,0.0036743013188242912,0.0011043213307857513,1.658256587688811e-05,0.0006367951864376664,0.002497477224096656,2.6562966013443656e-05,0.0012641861103475094,0.0008852745522744954,0.0016237297095358372,0.0021924981847405434,0.0025804932229220867,0.0013811421813443303,0.0016482302453368902,5.529912596102804e-05,3.9572343666804954e-05,0.008270267397165298,0.018884187564253807,0.12601087987422943,0.0005810583825223148,0.006928400602191687,0.0009295594063587487,0.09240804612636566,0.03698044642806053,0.0003833875525742769,0.0004003062495030463,0.0017977537354454398,0.003787110559642315,0.00023555006191600114,0.0004567628784570843,4.567676228361961e-07,3.725029671386437e-07
862,28811,0,1.8233414493806777e-06,0.44897645711898804,0.4863460063934326,0.00015223016089294106,0.013303573243319988,0.009391307830810547,6.942246272956254e-06,1.322701876915744e-07,5.3799130483866975e-08,0.1754138171672821,0.1646382361650467,0.18249329924583435,0.19974087178707123,0.10863259434700012,0.024315422400832176,0.04693026840686798,0.14231868088245392,0.045671239495277405,0.0412045419216156,0.5740455389022827,0.5030839443206787,0.003716133302077651,0.0011303814826533198,1.569450250826776e-05,0.0006678069476038218,0.0025344518944621086,2.7035659513785504e-05,0.0012678403872996569,0.000920392107218504,0.001675203675404191,0.0018331907922402024,0.002161061856895685,0.001387556898407638,0.001715303398668766,5.441474786493927e-05,3.8959376979619265e-05,0.008446657098829746,0.01944378949701786,0.13227088749408722,0.0005981001886539161,0.007200947031378746,0.0009862685110419989,0.09378805011510849,0.03490646183490753,0.00034550621057860553,0.00035896175540983677,0.001596054993569851,0.0033893948420882225,0.00020667651551775634,0.00039844485581852496,4.4526549913825875e-07,3.574221807411959e-07
864,28878,0,1.9217079625377664e-06,0.4426664113998413,0.4835037887096405,0.0001683852169662714,0.013654753565788269,0.009722445160150528,6.923872206243686e-06,1.4304109186014102e-07,5.742682773757224e-08,0.17706350982189178,0.1655983179807663,0.1843382865190506,0.201180100440979,0.13720306754112244,0.018254322931170464,0.03954857215285301,0.17512387037277222,0.04490189254283905,0.04062177240848541,0.5752276182174683,0.50327467918396,0.003703654743731022,0.0011251828400418162,1.5821757187950425e-05,0.0006318162195384502,0.0024606618098914623,2.7879585104528815e-05,0.0012132520787417889,0.0009724550764076412,0.0015263668028637767,0.0020187681075185537,0.002498690504580736,0.0013603034894913435,0.001547016086988151,5.420540401246399e-05,4.02839868911542e-05,0.008680657483637333,0.01914105750620365,0.12648415565490723,0.0006503745098598301,0.007072178181260824,0.0009480954031459987,0.09267614036798477,0.03551114350557327,0.0003660012152977288,0.000390645582228899,0.0015717900823801756,0.004211782477796078,0.00022511027054861188,0.000414812850067392,4.780528684023011e-07,3.952655447392317e-07
866,28945,0,1.9886551854142454e-06,0.4402332901954651,0.47977566719055176,0.00016398224397562444,0.013498452492058277,0.009820415638387203,7.157589607231785e-06,1.3835250456395443e-07,5.6748042709386937e-08,0.17000755667686462,0.16799552738666534,0.17391040921211243,0.19206033647060394,0.12935613095760345,0.02037111483514309,0.04055283963680267,0.15908628702163696,0.04786727577447891,0.04298500716686249,0.5793736577033997,0.5002890825271606,0.0038750027306377888,0.0010781277669593692,1.6076077372417785e-05,0.0006419803248718381,0.00245445198379457,2.666428372322116e-05,0.001237531891092658,0.0009565668297000229,0.0014381210785359144,0.0021505355834960938,0.002630378119647503,0.0014035573694854975,0.001693002530373633,5.4148626077221707e-05,3.9976795960683376e-05,0.0088188536465168,0.0188963171094656,0.12383314222097397,0.0005639907321892679,0.006746973376721144,0.0009296869393438101,0.09044723957777023,0.03603288531303406,0.0003947339719161391,0.0004111560992896557,0.0017530748154968023,0.004236926790326834,0.00023575316299684346,0.00043335891677998006,4.874095793638844e-07,3.888503670168575e-07
868,29012,0,1.8787765156957903e-06,0.4239116907119751,0.4618527293205261,0.00017259524611290544,0.014069096185266972,0.010095370933413506,6.866132480354281e-06,1.2971680973805633e-07,5.385446755212797e-08,0.16622908413410187,0.16809602081775665,0.16586905717849731,0.18422557413578033,0.14358776807785034,0.01892171800136566,0.036740742623806,0.16363093256950378,0.050200432538986206,0.045018333941698074,0.5780370235443115,0.4967613220214844,0.004006586503237486,0.0010613396298140287,1.5149795217439532e-05,0.0006533702835440636,0.0025537568144500256,2.8497552193584852e-05,0.0012647961266338825,0.000941024161875248,0.0014589792117476463,0.001826288877055049,0.0022396615240722895,0.0014409752329811454,0.0017232821555808187,5.542298094951548e-05,3.953990380978212e-05,0.008137818425893784,0.018499989062547684,0.1350802630186081,0.0005706046940758824,0.006914709694683552,0.0010153987677767873,0.08772972971200943,0.03423380106687546,0.0003270968736615032,0.0003467986825853586,0.0015138456365093589,0.003743206150829792,0.00020905182464048266,0.000392356188967824,4.831472324440256e-07,3.5122877761750715e-07
870,29079,0,1.9087397049588617e-06,0.42618945240974426,0.4624539911746979,0.0001691894285613671,0.014084765687584877,0.010061342269182205,6.9876323323114775e-06,1.2932487436501106e-07,5.3235371666460196e-08,0.1656748503446579,0.16886471211910248,0.15845893323421478,0.17703256011009216,0.14273101091384888,0.018933840095996857,0.037189532071352005,0.16433027386665344,0.05278671532869339,0.04715915396809578,0.5792173147201538,0.4965868890285492,0.003972079139202833,0.0010501946089789271,1.5516203347942792e-05,0.0006271997117437422,0.002429345389828086,2.7147916625835933e-05,0.0012079478474333882,0.0009469029027968645,0.0014834420289844275,0.002001071348786354,0.002423166297376156,0.00135411589872092,0.0016726624453440309,5.487885937327519e-05,3.921852112398483e-05,0.008607709780335426,0.019122984260320663,0.12093327194452286,0.0005651891697198153,0.006657660007476807,0.000968738051597029,0.09020741283893585,0.03475770726799965,0.00037346777389757335,0.0003931510727852583,0.0016783669125288725,0.003929251339286566,0.00023096342920325696,0.00043312268098816276,4.874202659266302e-07,3.558885168786219e-07
872,29146,0,1.7882930478663184e-06,0.4304214119911194,0.47368890047073364,0.00015636059106327593,0.014200394973158836,0.009442486800253391,6.698162906104699e-06,1.2542069782739418e-07,5.021157534201848e-08,0.16832776367664337,0.16643337905406952,0.1653025597333908,0.18057003617286682,0.16926221549510956,0.01602788455784321,0.03186558559536934,0.1821666657924652,0.05046209320425987,0.04573013260960579,0.5711515545845032,0.49626827239990234,0.003907476551830769,0.00106734037399292,1.5129018720472232e-05,0.0006004078895784914,0.0023380559869110584,2.8905375074828044e-05,0.0011376700131222606,0.0008817035122774541,0.0016143295215442777,0.0018757106736302376,0.0021981229074299335,0.001366238109767437,0.0017097218660637736,5.5633998272242025e-05,3.843755621346645e-05,0.008473364636301994,0.020675959065556526,0.12314505130052567,0.000565983762498945,0.006448068656027317,0.0009567746892571449,0.08840262144804001,0.03427674248814583,0.00036964568425901234,0.0004013365542050451,0.0016556049231439829,0.003611261025071144,0.00021182979980949312,0.00041124605922959745,4.752386644213402e-07,3.33996155177374e-07
874,29213,0,1.7108433212342788e-06,0.4142071604728699,0.45389607548713684,0.00017063245468307287,0.014682503417134285,0.009841837920248508,6.563969236594858e-06,1.2321733322551154e-07,4.83096513903547e-08,0.16939745843410492,0.16380977630615234,0.15920007228851318,0.17283464968204498,0.1724162995815277,0.016092391684651375,0.031049517914652824,0.17922300100326538,0.052686236798763275,0.048219989985227585,0.571042537689209,0.4985276758670807,0.0038696187548339367,0.0010852633276954293,1.5068428183440119e-05,0.0005868170992471278,0.002268684795126319,2.895837496907916e-05,0.0010971976444125175,0.0008697518496774137,0.0016671780031174421,0.0018071909435093403,0.002098377561196685,0.0013785758055746555,0.0017126020975410938,5.6926091929199174e-05,3.8384663639590144e-05,0.008317127823829651,0.021005133166909218,0.12307952344417572,0.000562086992431432,0.006205031182616949,0.0009472999954596162,0.0851612240076065,0.033200182020664215,0.0003702863759826869,0.0004048938862979412,0.0016692348290234804,0.0034619031939655542,0.00020743283675983548,0.0004037031321786344,4.800992314812902e-07,3.2099458735501685e-07
876,29279,0,1.6928732975429739e-06,0.40518057346343994,0.4466896057128906,0.00017812738951761276,0.015032975003123283,0.01004099752753973,6.551867500093067e-06,1.2438025009942066e-07,4.844122614144908e-08,0.16961947083473206,0.1630491018295288,0.15850083529949188,0.17168746888637543,0.17047937214374542,0.01636764407157898,0.03125659376382828,0.17642787098884583,0.05305996164679527,0.048730477690696716,0.5696862936019897,0.5006985068321228,0.0038955407217144966,0.0010922295041382313,1.5060972145874985e-05,0.000576837919652462,0.0022810918744653463,2.9805160011164844e-05,0.0010854349238798022,0.0008355103782378137,0.0016484891530126333,0.0018536178395152092,0.002156732138246298,0.001369066652841866,0.0015884722815826535,5.9201767726335675e-05,3.9585291233379394e-05,0.008092349395155907,0.020829690620303154,0.12346299737691879,0.0006061051972210407,0.006200904026627541,0.0009593962458893657,0.08313848078250885,0.0328698568046093,0.00035062641836702824,0.00038729148218408227,0.001653960905969143,0.0034771745558828115,0.00020581006538122892,0.0004066862748004496,4.926919814352004e-07,3.228960281376203e-07
878,29346,0,1.703589987300802e-06,0.3671591579914093,0.41019341349601746,0.00025424122577533126,0.017867865040898323,0.010928690433502197,6.479008334281389e-06,1.2723212705623155e-07,4.8527599716408076e-08,0.1687408983707428,0.16351404786109924,0.15792489051818848,0.17076052725315094,0.16680806875228882,0.016946054995059967,0.03160974383354187,0.17038361728191376,0.05299373343586922,0.048771586269140244,0.5664094686508179,0.4971969425678253,0.003986454103142023,0.0010887779062613845,1.5223774425976444e-05,0.0005262765916995704,0.0020945947617292404,2.9098368031554855e-05,0.00098806107416749,0.0008230494568124413,0.0015622726641595364,0.0019781554583460093,0.002287402516230941,0.0013762353919446468,0.0014679878950119019,5.7803259551292285e-05,3.876680420944467e-05,0.008315027691423893,0.020329749211668968,0.11719871312379837,0.0006583489011973143,0.00555445346981287,0.0008778236224316061,0.07966819405555725,0.03423743322491646,0.0003959662572015077,0.00043823622399941087,0.0018362603150308132,0.0037243065889924765,0.00023530000180471689,0.0004574393096845597,5.468851327350421e-07,3.372850301275321e-07
880,29413,0,1.697189418337075e-06,0.36529526114463806,0.40678903460502625,0.0002717687748372555,0.017955005168914795,0.010972474701702595,6.382826541084796e-06,1.2413838135216793e-07,4.897971450645855e-08,0.1702655553817749,0.1636056751012802,0.1581731140613556,0.17067581415176392,0.1583530604839325,0.018058020621538162,0.03299949690699577,0.16242121160030365,0.05284731462597847,0.048767831176519394,0.5645131468772888,0.49551138281822205,0.003952205181121826,0.001081382855772972,1.5173913197941147e-05,0.0005144100869074464,0.0021121937315911055,3.008759995282162e-05,0.0009923153556883335,0.0008202043827623129,0.0015454671811312437,0.0019186175195500255,0.0022447402589023113,0.001348226796835661,0.0014343528309836984,5.774128294433467e-05,3.858585478155874e-05,0.008235177956521511,0.02037319354712963,0.11544010788202286,0.0006720242672599852,0.005540603306144476,0.0009037223062478006,0.07773962616920471,0.03320012241601944,0.0003847478947136551,0.0004329346993472427,0.0017670801607891917,0.0038082879036664963,0.00022226604050956666,0.00043758898391388357,5.512895313586341e-07,3.354492150720034e-07
882,29480,0,1.6939408169491799e-06,0.35783571004867554,0.39416757225990295,0.0003192173026036471,0.018696792423725128,0.011539687402546406,6.2236822486738674e-06,1.2892355982785375e-07,4.997243152615738e-08,0.1703026294708252,0.15780578553676605,0.16225847601890564,0.1749037355184555,0.15598322451114655,0.018283968791365623,0.03326606750488281,0.16009186208248138,0.05071404576301575,0.04700987786054611,0.5609194040298462,0.48914670944213867,0.003951477352529764,0.0011477813823148608,1.4999050108599477e-05,0.0004991276073269546,0.002117123454809189,3.142683635815047e-05,0.0009753778576850891,0.0008058524690568447,0.0014877546345815063,0.0018894270760938525,0.0022367576602846384,0.0013648458989337087,0.0013859905302524567,5.7687124353833497e-05,3.866487168124877e-05,0.008089592680335045,0.0199267715215683,0.11896279454231262,0.0007175079081207514,0.0056021069176495075,0.0009163481881842017,0.07753057777881622,0.033699169754981995,0.0003581755154300481,0.0004050353600177914,0.0016854815185070038,0.0038156232330948114,0.00022111955331638455,0.0004309619253035635,5.699763505617739e-07,3.4444522611920547e-07
884,29547,0,1.7936306448973482e-06,0.36206769943237305,0.4001064896583557,0.0003191400319337845,0.017936240881681442,0.011203495785593987,6.53242659609532e-06,1.2597716647633206e-07,5.121695423326855e-08,0.17085367441177368,0.16386298835277557,0.15616297721862793,0.17088466882705688,0.10290748625993729,0.028280096128582954,0.04674849659204483,0.11815943568944931,0.053142596036195755,0.048765797168016434,0.5648642182350159,0.48203712701797485,0.004001089837402105,0.001082663075067103,1.614555367268622e-05,0.00047213383368216455,0.0020419114734977484,3.038566319446545e-05,0.00096189632313326,0.0008114736992865801,0.0013767913915216923,0.0021373280324041843,0.002575897378847003,0.0014007791178300977,0.0013487302931025624,5.572320151259191e-05,3.82930738851428e-05,0.0077781518921256065,0.018091505393385887,0.11760517954826355,0.0006966643850319088,0.005133953411132097,0.0008443936822004616,0.07522530108690262,0.035167645663022995,0.00039925644523464143,0.0004448302206583321,0.0018564369529485703,0.004305974114686251,0.0002492339408490807,0.0004786361532751471,6.106993737375888e-07,3.556584999842016e-07
886,29614,0,1.9514584437274607e-06,0.38725072145462036,0.41774049401283264,0.00023584510199725628,0.015721311792731285,0.009605645202100277,7.26549478713423e-06,1.1440199898515857e-07,5.459133944896166e-08,0.16980436444282532,0.1748477667570114,0.14279629290103912,0.15728691220283508,0.046594418585300446,0.06388718634843826,0.08353736251592636,0.061967041343450546,0.05991014838218689,0.05495700240135193,0.5694037675857544,0.4786495566368103,0.0038995060604065657,0.0009877538541331887,1.9121858713333495e-05,0.00046936783473938704,0.0019936838652938604,2.7309377401252277e-05,0.0009834934026002884,0.0009013930684886873,0.0012305229902267456,0.0027008592151105404,0.003332013264298439,0.001410490833222866,0.0011659051524475217,5.494845026987605e-05,4.078210986335762e-05,0.008593793027102947,0.016019808128476143,0.10238287597894669,0.000681691977661103,0.004635106772184372,0.0008135627140291035,0.06962267309427261,0.03341037407517433,0.0005205537308938801,0.0005279779434204102,0.0024232943542301655,0.005049240775406361,0.00026828094269149005,0.0004873763245996088,6.62339118662203e-07,3.585918761928042e-07
888,29680,0,2.0958880213584052e-06,0.39925482869148254,0.4296262264251709,0.00021566275972872972,0.01529435720294714,0.008993749506771564,7.842072591301985e-06,1.0999393396105006e-07,5.629493671222008e-08,0.16947408020496368,0.1794455200433731,0.13766761124134064,0.1526777744293213,0.027364296838641167,0.10131270438432693,0.11976845562458038,0.04175582528114319,0.062256500124931335,0.056657206267118454,0.5683666467666626,0.48005881905555725,0.0039037091191858053,0.0009295037016272545,2.1184221623116173e-05,0.0004781005554832518,0.001925343181937933,2.4496783225913532e-05,0.0009620824712328613,0.0008755702874623239,0.0012105093337595463,0.003317544236779213,0.0040291049517691135,0.0013602133840322495,0.0011382602388039231,5.613044777419418e-05,4.221761264489032e-05,0.009221930988132954,0.0162171833217144,0.09126439690589905,0.000648144690785557,0.00429576775059104,0.000783138326369226,0.0684811919927597,0.03367535397410393,0.0006144631770439446,0.0005990195204503834,0.0029661436565220356,0.005501848645508289,0.00028773798840120435,0.0005250585381872952,7.125921683837078e-07,3.8031859617149166e-07
890,29747,0,2.2047784113965463e-06,0.40428540110588074,0.4295801818370819,0.0002338571794098243,0.014319083653390408,0.008320797234773636,8.252377483586315e-06,1.0544734863060512e-07,5.8302916272623406e-08,0.174890398979187,0.18798959255218506,0.1314743012189865,0.14759153127670288,0.01774986833333969,0.1467651128768921,0.15925437211990356,0.029871806502342224,0.06592848896980286,0.059711236506700516,0.574255645275116,0.479612797498703,0.003774450859054923,0.0008650795207358897,2.3313219571718946e-05,0.00048780784709379077,0.0019031353294849396,2.278508873132523e-05,0.0009535045246593654,0.0009240526705980301,0.0011488518211990595,0.003748916555196047,0.004613262135535479,0.0013228845782577991,0.001172745367512107,5.691052137990482e-05,4.456847455003299e-05,0.009573481976985931,0.015431296080350876,0.08516532927751541,0.0005841599777340889,0.0041870977729558945,0.0007768631330691278,0.06657275557518005,0.032718393951654434,0.0006800434784963727,0.0006428571068681777,0.003229878144338727,0.006085806526243687,0.00029613293008878827,0.000533298181835562,7.578055374324322e-07,3.9209157876030076e-07
892,29814,0,2.256275365652982e-06,0.40889376401901245,0.4375326335430145,0.00020298617891967297,0.014784775674343109,0.008389116264879704,8.442606485914439e-06,1.0909986514207048e-07,5.903091704340113e-08,0.17307475209236145,0.18579711019992828,0.13364459574222565,0.14980822801589966,0.020222852006554604,0.12854444980621338,0.1472276747226715,0.0343802310526371,0.06530445069074631,0.05862603336572647,0.5769258737564087,0.4837591350078583,0.003824260551482439,0.0008913042256608605,2.3667809728067368e-05,0.00045814670738764107,0.0018909834325313568,2.3881477318354882e-05,0.000958849850576371,0.0009595119045116007,0.0011287049856036901,0.003929234109818935,0.004878678359091282,0.0013193199411034584,0.0012327195145189762,5.709523247787729e-05,4.538453868008219e-05,0.009844951331615448,0.015651559457182884,0.0836629718542099,0.0005454726051539183,0.004173609893769026,0.0007505046087317169,0.06695485860109329,0.033370599150657654,0.0007200146210379899,0.0006853159284219146,0.0032856471370905638,0.006495942827314138,0.00031050542020238936,0.0005551356007345021,7.447993652931473e-07,4.0948683022179466e-07
894,29881,0,2.2152994461066555e-06,0.4133351147174835,0.4462181627750397,0.00019684743892867118,0.015403580851852894,0.00816828478127718,8.161378900695127e-06,1.0937176142533644e-07,5.980586337273053e-08,0.1733596920967102,0.1844426542520523,0.14312376081943512,0.15836691856384277,0.022125501185655594,0.1194714829325676,0.13916675746440887,0.036861930042505264,0.06048516929149628,0.05489526689052582,0.569236695766449,0.4827898442745209,0.0037905732169747353,0.0009209411800839007,2.301423592143692e-05,0.0004417642776388675,0.0018638967303559184,2.5236726287403144e-05,0.0009303785627707839,0.0009993183193728328,0.0011010748567059636,0.0037614607717841864,0.004714964423328638,0.0013217291561886668,0.0011648673098534346,5.489973773364909e-05,4.468163024284877e-05,0.010180007666349411,0.015279707498848438,0.08573916554450989,0.0005954822991043329,0.004210858140140772,0.0007475768798030913,0.06720782071352005,0.03352313116192818,0.0007035217713564634,0.0006616909522563219,0.0031541157513856888,0.006462451070547104,0.0002994598471559584,0.0005218752776272595,7.435389193233277e-07,4.0975717752189666e-07
896,29948,0,2.139373009413248e-06,0.3990001976490021,0.43372318148612976,0.00019654794596135616,0.016454942524433136,0.008488260209560394,8.090919436654076e-06,1.0855623600036779e-07,5.928773560981426e-08,0.17161907255649567,0.18435661494731903,0.14236445724964142,0.15795065462589264,0.0251212976872921,0.10801447927951813,0.12812669575214386,0.04028578847646713,0.061140209436416626,0.055361244827508926,0.5720552206039429,0.48564285039901733,0.00384549074806273,0.0009332337649539113,2.2378000721801072e-05,0.00045879310346208513,0.0019461041083559394,2.5713365175761282e-05,0.0009753485792316496,0.0010071718133985996,0.0010977690108120441,0.0034659323282539845,0.004333369433879852,0.0013641435652971268,0.0011351308785378933,5.5578584579052404e-05,4.5159566070651636e-05,0.010102564468979836,0.014960247091948986,0.08990725874900818,0.0006294007180258632,0.00427665701135993,0.0007866518571972847,0.06486494094133377,0.03204604983329773,0.0006496788118965924,0.0006057566497474909,0.0030076284892857075,0.0060262433253228664,0.00028092009597457945,0.00048485095612704754,7.305267217816436e-07,3.98921457644974e-07
